# signals/systems/info/control round (corpus=enwiki): downward {Information_theory, Signal_processing, Control_theory, Systems_theory} + bidir {Control_theory, Signal_processing, Information_theory}; coh-keep Math,CS,Engineering,Physics. 2 Haiku subagents ~34.5k tok.
# cols: a<TAB>b<TAB>stratum<TAB>walk_len<TAB>mu
Polygamy	File_sharing	neg	-1	0.0
Electric_battery	Directional_statistics	neg	-1	0.0
Control_theory	Variational_principles	pos_control_theory_down	2	0.60
Time–frequency_analysis	Biorthogonal_wavelets	pos_signal_process_down	2	0.80
Transfer_functions	Color_scientists	neg	-1	0.0
Digital_signal_processors	Thermodynamics_databases	neg	-1	0.0
Motion_control	Organizational_cybernetics	pos_control_theory_down	-1	0.40
Control_engineering	Color_photography	neg	-1	0.0
Control_engineering	Control_theorists	pos_control_theory_down	1	0.80
Sensors	Deaths_caused_by_robots_and_artificial_intelligence	neg	-1	0.0
Operator_theory	Convex_hull_algorithms	neg	-1	0.0
Oligarchy	Video_acceleration	neg	-1	0.0
Convex_analysis	American_control_theorists	neg	-1	0.0
Hash_functions	Feedback	neg	-1	0.0
Orbital_resonance	Caste-related_violence	neg	-1	0.0
Capacity-approaching_codes	Mathematical_physicists	neg	-1	0.0
Data_serialization_formats	Relaxation_(approximation)	neg	-1	0.0
Cybernetics	Statistical_mechanics	cross_control_theory_bnd	-1	0.20
Variational_analysts	Phonetic_guides	neg	-1	0.0
Medical_imaging	Algebra	neg	-1	0.0
Media_related_to_game_theory	ASCII_art	neg	-1	0.0
Quantum_algorithms	Coding_theory	neg	-1	0.0
Information_theory	Peercasting	neg	-1	0.0
Cyclic_redundancy_checks	Japanese_information_theorists	neg	-1	0.0
Systems_theory	File_comparison_tools	neg	-1	0.0
Social_systems_concepts	Robotics_by_company	neg	-1	0.0
Orthogonal_wavelets	String_metrics	neg	-1	0.0
Combinatorial_game_theory	Anticyclones	neg	-1	0.0
Transfer_functions	Medical_imaging_by_country	neg	-1	0.0
Combinatorial_game_theory	Calendar_algorithms	neg	-1	0.0
Detection_and_estimation_theorists	History_of_thermodynamics	neg	-1	0.0
Sign_systems	Topology	neg	-1	0.0
Quantum_computing	Freiwirtschaft	neg	-1	0.0
Compression_file_systems	Typefaces_by_script	neg	-1	0.0
Character_encoding	Writing_systems_of_Asia	neg	-1	0.0
Data_compression_researchers	Particuliere_landerijen	neg	-1	0.0
Entropy_and_information	Ideal_gas	neg	-1	0.0
Similarity_measures	Digital_manufacturing	neg	-1	0.0
Game_artificial_intelligence	Inefficiency_in_game_theory	neg	-1	0.0
Organizational_cybernetics	Computer_science_suffixes	neg	-1	0.0
American_control_theorists	Geoengineering	neg	-1	0.0
Statistical_distance	Westminster_system	neg	-1	0.0
Reverse_proxy	Scintigraphy	neg	-1	0.0
Applications_of_control_engineering	Synchronous_programming_languages	cross_control_theory_bnd	-1	0.20
Combinatorial_game_theory	Network_time-related_software	neg	-1	0.0
Archive_formats	Statistical_mechanics_theorems	neg	-1	0.0
Atomic_clocks	Complexity_economics	neg	-1	0.0
Teletraffic	Robotics_journals	neg	-1	0.0
Classical_control_theory	Braille_organizations	neg	-1	0.0
Line_codes	Air_traffic_control_systems	neg	-1	0.0
Servomechanisms	Adaptable_robotics	neg	-1	0.0
Game_theorists	Sound_archives_by_country	neg	-1	0.0
Mathematical_optimization	Instant_messaging_clients	neg	-1	0.0
Optical_character_recognition	Clustering_criteria	neg	-1	0.0
Coding_theory	Optical_communications	cross_signal_process_bnd	-1	0.60
Reverse_proxy	Anarchist_schools_of_thought	neg	-1	0.0
Sony_product_codes	Darkness	neg	-1	0.0
Archive_formats	Theoretical_computer_science	cross_information_th_bnd	-1	0.30
Social_systems_concepts	Philosophy_of_computer_science	neg	-1	0.0
Units_of_information	Morse_code	neg	-1	0.0
Image_processing	Continuous_wavelets	cross_signal_process_bnd	-1	0.70
Optical_character_recognition	Topological_games	neg	-1	0.0
Classical_control_theory	Servomechanisms	pos_control_theory_down	-1	0.90
Cooperative_games	Coolants	neg	-1	0.0
Color	Threshold_temperatures	neg	-1	0.0
Synchronization	Cantabrian_symbols	neg	-1	0.0
Call_signs	Problems_in_computer_science	neg	-1	0.0
Resonance	Argentine_information_theorists	neg	-1	0.0
Signal_processing	Noise_(electronics)	pos_signal_process_down	1	0.80
Network_scheduling_algorithms	Capitalism	neg	-1	0.0
Signal_processing	X-ray_computed_tomography	pos_signal_process_down	2	0.60
Organizations_related_to_game_theory	Refractory_materials	neg	-1	0.0
Photographic_emulsion_codes	Combinatorics	cross_signal_process_bnd	-1	0.10
Sound_archives	FIPS_10	neg	-1	0.0
Signal_connectors	Alternators	cross_signal_process_bnd	-1	0.10
Discrete_transforms	Audio_acceleration	neg	-1	0.0
Companies_involved_in_quantum_computing	Dynamical_systems_journals	neg	-1	0.0
Systems_theory	Systems_psychology	pos_systems_theory_down	1	0.30
Audio_hardware	Typographical_symbols	neg	-1	0.0
Image_noise_reduction_techniques	Splines_(mathematics)	neg	-1	0.0
Data_compression_researchers	Marxist_theory	neg	-1	0.0
Quantum_information_theory	Convex_optimization	neg	-1	0.0
Game_theory	Strategy_(game_theory)	pos_systems_theory_down	1	0.90
Data_compression_researchers	Statistical_distance	neg	-1	0.0
Digital_audio	Eye_color	neg	-1	0.0
Audio_electronics	Researchers_in_geometric_algorithms	neg	-1	0.0
Alternative_medical_systems	Unicode_formatting_code_points	neg	-1	0.0
Quantum_programming	Visual_motifs	neg	-1	0.0
Signal_processing	Transient_response_characteristics	pos_signal_process_down	1	0.70
Reverse_proxy	Electronic_filter_topology	neg	-1	0.0
Pitch_modification_software	Statistical_theory	cross_signal_process_bnd	-1	0.20
Units_of_information	Forward_proxy	pos_information_th_down	-1	0.00
Motion_control	Geoengineering	neg	-1	0.0
Data_differencing	Philosophy_of_computer_science	neg	-1	0.0
Character_sets	Writing_systems_of_the_Americas	neg	-1	0.0
Error_detection_and_correction	Information_society	cross_information_th_bnd	-1	0.20
Motion_control_photography	Computer_networking	neg	-1	0.0
Timecodes	Tornadoes	neg	-1	0.0
File_comparison_tools	Fluid_powered_actuators	neg	-1	0.0
Sony_image_processing	Self-replication	neg	-1	0.0
Computer_graphic_artifacts	Garage_door_openers	neg	-1	0.0
Material_flow	Logic_in_computer_science	neg	-1	0.0
Statistical_distance	Bach_flower_remedies	neg	-1	0.0
Network_performance	WAN_optimization	pos_information_th_down	1	0.70
Audio_electronics	Likelihood	neg	-1	0.0
Servos_(radio_control)	Color	neg	-1	0.0
Nonlinear_control	Regression_analysis	neg	-1	0.0
Control_theorists	American_control_theorists	pos_control_theory_down	1	0.90
Servomechanisms	Military_engineering	neg	-1	0.0
Motion_control_photography	Audio_communications_protocols	neg	-1	0.0
Acoustic_fingerprinting	Adobe_Flash	neg	-1	0.0
Wavelets	Continuous_wavelets	pos_signal_process_down	1	0.95
Barcodes	Metaverse	neg	-1	0.0
Automation	Error_detection_and_correction	neg	-1	0.0
Computer_graphic_artifacts	Time_domain_analysis	cross_signal_process_bnd	-1	0.30
Image_processing	Language_of_flowers	neg	-1	0.0
Resonance	Steam_engine_governors	cross_control_theory_bnd	-1	0.60
Bargaining_theory	Search_algorithms	neg	-1	0.0
Transducers	Material_flow	neg	-1	0.0
Fair_division	Data_engineering	neg	-1	0.0
Economic_systems	Portable_Network_Graphics	neg	-1	0.0
Alternative_medical_systems	Luminescence	neg	-1	0.0
Queueing_theory	Mixed_economies	neg	-1	0.0
Automation	X-ray_computed_tomography	cross_control_theory_bnd	-1	0.20
Statistical_signal_processing	Internet_theorists	neg	-1	0.0
Audio_editors	Darkness	neg	-1	0.0
Audio_effects	Heat_exchangers	neg	-1	0.0
Human_reliability	Network_science	neg	-1	0.0
Image_segmentation	Convex_optimization	neg	-1	0.0
Motion_control_photography	Transient_response_characteristics	cross_control_theory_bnd	-1	0.40
Bargaining_theory	Computer_languages	neg	-1	0.0
Audio_transducers	Polygamy_by_country	neg	-1	0.0
Strategy_(game_theory)	Oligarchy	pos_systems_theory_down	-1	0.10
Stability_theory	Individual_signs	neg	-1	0.0
Line_codes	Biomechanics	neg	-1	0.0
Sony_image_processing	Capitalism	cross_signal_process_bnd	-1	0.00
Bankruptcy_theory	Regression_analysis	neg	-1	0.0
Systems_theory	Systems_psychologists	pos_systems_theory_down	2	0.30
Neural_coding	Audio_software	neg	-1	0.0
Electric_battery	Tropical_cyclones_by_year	neg	-1	0.0
Information_society	Lists_of_airports_by_IATA_code	neg	-1	0.0
Audio_mixing	Digital_audio_players	neg	-1	0.0
Game_theory	Mechanism_design	pos_systems_theory_down	1	0.80
Electric_battery	Control_loop_theory	cross_signal_process_bnd	-1	0.30
Transducers	Graphics_file_formats	neg	-1	0.0
Real-time_gross_settlement	Applied_statistics	cross_control_theory_bnd	-1	0.20
Feedback	Fiction_about_galaxies	neg	-1	0.0
Transducers	Ombudsmen	neg	-1	0.0
Speech_processing	Systems_journals	neg	-1	0.0
Detection_theory	Motion_(physics)	neg	-1	0.0
Queueing_theory	Compression_file_systems	pos_information_th_down	-1	0.30
Random_number_generation	Dark_galaxies	neg	-1	0.0
Collaborative_real-time_editors	Advanced_Stirling_radioisotope_generator	neg	-1	0.0
Image_segmentation	Comics_colorists	neg	-1	0.0
Queueing_theory	Decision_theory	neg	-1	0.0
Capacity-approaching_codes	Mining_engineering	neg	-1	0.0
Soil_classification	Telecommunications_engineers	cross_signal_process_bnd	-1	0.00
Signal_connectors	Detection_and_estimation_theorists	neg	-1	0.0
Human_reliability	Medical_robotics	neg	-1	0.0
Signal_processing	Acoustic_fingerprinting	pos_signal_process_down	1	0.70
Filter_theory	Classical_mechanics	cross_control_theory_bnd	-1	0.40
Applications_of_control_engineering	Wind_turbines	neg	-1	0.0
Video_processing	Animated_graphics_file_formats	neg	-1	0.0
Declinism	Institutionalism	neg	-1	0.0
Symbols	Theorems_in_discrete_mathematics	neg	-1	0.0
Control_devices	Chess_theory	neg	-1	0.0
Applications_of_control_engineering	Tropical_cyclones_by_year	neg	-1	0.0
Entropy_and_information	Thermodynamics_literature	neg	-1	0.0
Electric_battery	Information_geometry	neg	-1	0.0
Soil_classification	Group_processes	neg	-1	0.0
Signage	Quartz	neg	-1	0.0
Continuous_wavelets	Storm_tides_of_the_North_Sea	neg	-1	0.0
Capacity-achieving_codes	Integrated_circuits	neg	-1	0.0
Orbital_resonance	Pattern_matching	neg	-1	0.0
Error_detection_and_correction	Linux_archivers_and_compression-related_utilities	neg	-1	0.0
Control_theory	Motion_control	pos_control_theory_down	1	0.85
Morse_code	Color_scientists	neg	-1	0.0
Collaborative_real-time_editors	XML	cross_control_theory_bnd	-1	0.30
Fast_Fourier_transforms	Metaverse	neg	-1	0.0
Random_number_generation	Church_patriarchs	cross_information_th_bnd	-1	0.00
Signal_processing_metrics	DICOM_software	neg	-1	0.0
Variational_analysis	Philosophy_of_computer_science	neg	-1	0.0
Audio_hardware	Audiovisual_connectors	pos_signal_process_down	1	0.80
Real-time_technology	Real-time_gross_settlement	pos_control_theory_down	1	0.20
American_control_theorists	Computer_systems	neg	-1	0.0
Data_compression_researchers	Books_about_game_theory	neg	-1	0.0
Image_processing_software	Obsolete_writing_systems	neg	-1	0.0
Resonance	Biofeedback	cross_control_theory_bnd	-1	0.50
Character_encoding	Quantum_mechanical_entropy	pos_information_th_down	-1	0.00
X-ray_computed_tomography	Freiwirtschaft	neg	-1	0.0
Feedback	Electronic_feedback	pos_control_theory_down	1	0.85
Statistical_distance	Probability_distributions	cross_information_th_bnd	-1	0.80
Photographic_emulsion_codes	History_of_robotics	neg	-1	0.0
Motion_control	Signal_passed_at_danger	neg	-1	0.0
Biofeedback	Collaborative_real-time_editors	neg	-1	0.0
Teletraffic	Roboticists	neg	-1	0.0
Nonlinear_filters	Digital_display_connectors	neg	-1	0.0
Detection_theory	Computational_learning_theory	neg	-1	0.0
Game_theory_equilibrium_concepts	Anonymous_(hacker_group)	neg	-1	0.0
Image_compression	Planetary_engineering	neg	-1	0.0
Quantum_computing	Mathematics_of_music	cross_information_th_bnd	-1	0.00
Servos_(radio_control)	Mesh_generation	neg	-1	0.0
Fast_Fourier_transforms	Language_modeling	neg	-1	0.0
Compression_algorithms	Unicode	neg	-1	0.0
Systems_analysis	Mechanical_engineering_by_discipline	neg	-1	0.0
Control_theory	Organizational_cybernetics	pos_control_theory_down	1	0.50
Barcodes	Medical_robotics	neg	-1	0.0
Companies_involved_in_quantum_computing	Audio_compression	neg	-1	0.0
Information_theory	Robotics_events	neg	-1	0.0
Neural_coding	Compression_algorithms	pos_information_th_down	-1	0.40
Signage	Radio_wave	neg	-1	0.0
Electronic_filter_topology	Electronic_oscillators	cross_control_theory_bnd	-1	0.80
Orbital_resonance	Atmospheric_thermodynamics	neg	-1	0.0
Variational_analysis	Co-orbital_objects	neg	-1	0.0
Checksum_algorithms	Audio_electronics	neg	-1	0.0
String_metrics	Social_dynamics	cross_information_th_bnd	-1	0.10
Determinacy	Radio_electronics	neg	-1	0.0
Audio_mixing	Set_index_articles_on_storms	neg	-1	0.0
Combinatorial_game_theory	Systems_thinking	pos_systems_theory_down	-1	0.40
Systems_psychologists	Mechanical_synchronization	neg	-1	0.0
Electronic_feedback	Writing_systems_of_Asia	neg	-1	0.0
Information_theory	Software_metrics	pos_information_th_down	2	0.20
Digital_audio	Algorithmic_art	neg	-1	0.0
Material_flow	Swiss_information_theorists	neg	-1	0.0
Systems_theory	Bankruptcy_theory	pos_systems_theory_down	2	0.00
Timecodes	Kinematics	neg	-1	0.0
Topological_games	Theoretical_computer_science_journals	neg	-1	0.0
Capacity-approaching_codes	Russian_information_theorists	neg	-1	0.0
Data_serialization_formats	Statistical_approximations	neg	-1	0.0
Video_compression	Audio_hardware	cross_information_th_bnd	-1	0.30
Classical_control_theory	Gentry	neg	-1	0.0
Capacity-achieving_codes	Typefaces_by_script	neg	-1	0.0
Signal_processing_filter	Formal_systems	cross_signal_process_bnd	-1	0.30
Systems_psychology	Quantum_information_theory	neg	-1	0.0
Detection_theory	Oscillation	cross_information_th_bnd	-1	0.60
Orbital_resonance	Optotypes	neg	-1	0.0
Digital_audio	Natural_computation	neg	-1	0.0
Bankruptcy_theory	Elementary_mathematics	neg	-1	0.0
Electronic_filter_applications	Self-replication	neg	-1	0.0
Determinacy	Information_revolution	neg	-1	0.0
Hash_functions	Typefaces_by_script	neg	-1	0.0
Systems_theory	Systems_analysis	pos_systems_theory_down	1	0.90
Quantum_computing	Signal_transmission	cross_information_th_bnd	-1	0.30
Data_compression_researchers	Audio_compression	pos_information_th_down	-1	0.60
Bargaining_theory	Theorems_involving_convexity	neg	-1	0.0
Color_codes	Computer_architecture	neg	-1	0.0
Frequency-domain_analysis	Continuous_wavelets	pos_signal_process_down	3	0.80
Systems_analysis	Mining_engineering	neg	-1	0.0
Information_theory	Binary_prefixes	pos_information_th_down	3	0.70
Statistical_signal_processing	Scrabble_software	neg	-1	0.0
Control_theory	Variational_analysts	pos_control_theory_down	2	0.70
Digital_signal_processors	Planetary_engineering	neg	-1	0.0
Sony_image_processing	Digital_radio	cross_signal_process_bnd	-1	0.20
Generalizations_of_the_derivative	Fiction_about_social_media	neg	-1	0.0
TCP_congestion_control	Business_continuity	neg	-1	0.0
Digital_signal_processing	Italian_city-states	neg	-1	0.0
Audio_amplifiers	Bioinformatics_algorithms	neg	-1	0.0
Cybernetics	Comics_colorists	neg	-1	0.0
Similarity_measures	World_Geographical_Scheme_for_Recording_Plant_Distributions	neg	-1	0.0
Coding_theory	Signal_processing	cross_information_th_bnd	-1	0.85
Stability_theory	Interacting_galaxies	cross_control_theory_bnd	-1	0.00
Information_theory	Information_theorists	pos_information_th_down	1	0.90
Sound_archives	Business_chat_software	neg	-1	0.0
Motion_control	Israeli_information_theorists	neg	-1	0.0
Real-time_technology	Fingerprinting_algorithms	neg	-1	0.0
Audio_mixing	Call_signs	cross_signal_process_bnd	-1	0.10
Game_theory_equilibrium_concepts	Color_vision	neg	-1	0.0
Coding_theorists	Robotic_manipulation	neg	-1	0.0
Fellows_of_the_International_Federation_of_Automatic_Control	Gate_arrays	neg	-1	0.0
Sign_systems	Optical_diodes	neg	-1	0.0
Capacity-achieving_codes	Communism	neg	-1	0.0
Checksum_algorithms	Chemical_engineering_thermodynamics	neg	-1	0.0
Audio_editors	Community_networks	cross_signal_process_bnd	-1	0.00
Algorithmic_information_theory	Thermochromism	neg	-1	0.0
Quantum_information_scientists	Biofeedback	neg	-1	0.0
Climate_change_feedbacks	Directional_statistics	neg	-1	0.0
Audio_editors	Evolutionary_computation	neg	-1	0.0
Detection_theory	Reliability_engineering	neg	-1	0.0
Compression_algorithms	Scintigraphy	neg	-1	0.0
Computer_graphic_artifacts	Multidimensional_signal_processing	neg	-1	0.0
Neural_coding	Drum_machines	neg	-1	0.0
Image_noise_reduction_techniques	Random_dynamical_systems	neg	-1	0.0
Quantum_information_theory	Statistical_randomness	cross_information_th_bnd	-1	0.70
Timecodes	Sound_archives_by_country	neg	-1	0.0
Combinatorial_game_theory	Military_communications	neg	-1	0.0
Real-time_simulation	Chemical_thermodynamics	neg	-1	0.0
Orbital_resonance	Information_theorists	neg	-1	0.0
Mechanism_design	Social_media	neg	-1	0.0
American_control_theorists	Drying	neg	-1	0.0
Biofeedback	Motion_control	pos_control_theory_down	-1	0.60
Dynamics_processing	Quantum_information_science	cross_signal_process_bnd	-1	0.20
Control_theory	Atomic_clocks	pos_control_theory_down	2	0.50
Game_theorists	Line_codes	neg	-1	0.0
Organizations_related_to_game_theory	Unicode_formatting_code_points	neg	-1	0.0
Mutualism_(movement)	Air_traffic_control_systems	neg	-1	0.0
Compression_file_systems	Pseudorandom_number_generators	neg	-1	0.0
Information_society	Planned_economies	neg	-1	0.0
Audio_amplifier_specifications	Digital_display_connectors	neg	-1	0.0
Organizational_cybernetics	Ring_galaxies	cross_control_theory_bnd	-1	0.00
Numeral_systems	Probability_and_statistics	neg	-1	0.0
Sound_archives	Thermodynamic_systems	neg	-1	0.0
Cyclic_redundancy_checks	Elevators	neg	-1	0.0
Electric_battery	Detection_and_estimation_theorists	pos_signal_process_down	-1	0.10
Real-time_simulation	Free_data_compression_software	neg	-1	0.0
Transducers	Acoustic_fingerprinting	cross_signal_process_bnd	-1	0.60
Fellows_of_the_International_Federation_of_Automatic_Control	Deaths_caused_by_robots_and_artificial_intelligence	neg	-1	0.0
Determinacy	Singular_value_decomposition	neg	-1	0.0
Organizational_cybernetics	Vending_machine_manufacturers	neg	-1	0.0
Multidimensional_signal_processing	Biological_engineering	neg	-1	0.0
Signal_processing	Noise_(graphics)	pos_signal_process_down	2	0.70
Noise_(electronics)	Hellenic_scripts	neg	-1	0.0
Real-time_simulation	Overlapping_galaxies	neg	-1	0.0
Network_scheduling_algorithms	Theorems_in_discrete_mathematics	cross_information_th_bnd	-1	0.40
Message_authentication_codes	Data_unit	pos_information_th_down	-1	0.50
Data_compression_software	Business_continuity	neg	-1	0.0
Algorithmic_information_theory	Land_surface_effects_on_climate	neg	-1	0.0
Light-emitting_diodes	Robotics_engineering	cross_signal_process_bnd	-1	0.30
Mechanism_design	Autonomous_underwater_vehicles	neg	-1	0.0
Variational_principles	Drum_machines	neg	-1	0.0
Piezoelectric_materials	Arithmetic_dynamics	neg	-1	0.0
Orbital_resonance	Mechanical_hand_tools	neg	-1	0.0
Political_systems	Oligarchy	pos_systems_theory_down	1	0.90
Data_unit	Reduction_(complexity)	neg	-1	0.0
Filter_frequency_response	Generalizations_of_the_derivative	pos_control_theory_down	-1	0.40
Signal_processing	Detection_and_estimation_theorists	pos_signal_process_down	2	0.80
Audio_amplifier_specifications	Audio_software	cross_signal_process_bnd	-1	0.70
Binary_prefixes	Braille_technology	neg	-1	0.0
Network_performance	Diacritics	neg	-1	0.0
Quantum_algorithms	Self-replication	neg	-1	0.0
Transducers	Battery_manufacturers	neg	-1	0.0
Social_systems_concepts	Molecular_imaging	neg	-1	0.0
Biorthogonal_wavelets	Bioinformatics_algorithms	neg	-1	0.0
Data_compression_software	Rock_mass_classification	neg	-1	0.0
Detection_theory	Detection_and_estimation_theorists	pos_information_th_down	1	0.90
Information_society	Optimization_algorithms_and_methods	neg	-1	0.0
Signal_processing_metrics	Theorems_in_dynamical_systems	neg	-1	0.0
Caste	Ombudsmen	neg	-1	0.0
Air_traffic_control_systems	Lists_of_postal_codes	neg	-1	0.0
Codecs	Cooling_technology	neg	-1	0.0
Control_theorists	Bronze_Age_writing_systems	neg	-1	0.0
Stereophotogrammetry	Partially_solved_games	neg	-1	0.0
Oligarchy	Astronomical_dynamical_systems	neg	-1	0.0
Stochastic_control	Systems_of_units	neg	-1	0.0
Real-time_computing	Mathematical_logic	neg	-1	0.0
Quantum_information_theory	Electoral_systems	neg	-1	0.0
Bankruptcy_theory	Multidimensional_signal_processing	neg	-1	0.0
Signal_processing	Satellite_broadcasting	neg	-1	0.0
Audio_compression	Comics_colorists	neg	-1	0.0
Audio_hardware	Package_management_systems	neg	-1	0.0
Control_theory	Collaborative_real-time_editors	pos_control_theory_down	2	0.10
Generalizations_of_the_derivative	Community_radio	neg	-1	0.0
Audio_compression	Computational_anatomy	neg	-1	0.0
Classical_control_theory	Linear_filters	pos_control_theory_down	-1	0.80
Image_compression	Industrial_computing	neg	-1	0.0
Mechanism_design	Gases_with_color	neg	-1	0.0
Quantum_information_theory	Polygamy_law	neg	-1	0.0
Combinatorial_game_theory	Star_symbols	neg	-1	0.0
Signal_processing_filter	Social_information_processing	neg	-1	0.0
Applications_of_control_engineering	Marxism	neg	-1	0.0
Strategy_(game_theory)	Graphics_file_formats	neg	-1	0.0
Transient_response_characteristics	Free_multimedia_codecs,_containers,_and_splitters	neg	-1	0.0
Systems_theory	Human_reliability	pos_systems_theory_down	2	0.30
Audio_hardware	Materials_that_expand_upon_freezing	neg	-1	0.0
Transfer_functions	Fiction_about_government_by_algorithm	neg	-1	0.0
Variational_principles	Project_management_software	neg	-1	0.0
Compression_file_systems	Electoral_systems	neg	-1	0.0
Transducers	OCR_typefaces	neg	-1	0.0
Systems_theory	Feudal_duties	neg	-1	0.0
Network_scheduling_algorithms	Mechanical_engineering_by_discipline	neg	-1	0.0
Frequency-domain_analysis	Relationship_counseling	neg	-1	0.0
Electrical_generators	Fiber-optic_connectors	neg	-1	0.0
Cooperative_games	Electrophysiology	neg	-1	0.0
Companies_involved_in_quantum_computing	Triangulation_(geometry)	neg	-1	0.0
Photographic_emulsion_codes	Geometric_intersection	neg	-1	0.0
Speech_processing	Computer_science_conferences	neg	-1	0.0
Data_compression	Information_geometry	pos_information_th_down	-1	0.60
Control_engineering	Critical_phenomena	cross_control_theory_bnd	-1	0.40
Tone,_EQ_and_filter	Severe_weather_and_convection	neg	-1	0.0
Image_processing_software	Oligarchs	neg	-1	0.0
Capacity-approaching_codes	Biofeedback	neg	-1	0.0
Social_systems	Declinism	pos_systems_theory_down	1	0.20
Codecs	Chess_theory	neg	-1	0.0
Operator_theory	Game_theory	neg	-1	0.0
Alternative_medical_systems	Battery_types	neg	-1	0.0
Network_performance	Quantum_programming	neg	-1	0.0
Real-time_computing	Statistical_principles	neg	-1	0.0
Tone,_EQ_and_filter	Dynamical_systems_journals	neg	-1	0.0
Voice_technology	Relaxation_(approximation)	neg	-1	0.0
Neural_coding	History_of_computer_science	cross_information_th_bnd	-1	0.30
Game_artificial_intelligence	Combinatorics	neg	-1	0.0
Error_detection_and_correction	Geometric_algorithms	cross_information_th_bnd	-1	0.30
Quantum_algorithms	Visual_motifs	cross_information_th_bnd	-1	0.00
Piezoelectric_materials	X-ray_computed_tomography	pos_signal_process_down	-1	0.40
Real-time_gross_settlement	Instant_messaging_clients	neg	-1	0.0
Image_processing	Stereophotogrammetry	pos_signal_process_down	1	0.70
Algorithmic_information_theory	Archive_formats	pos_information_th_down	-1	0.40
Music_hardware	Quantum_game_theory	neg	-1	0.0
Audio_mixing	Audio_hardware	neg	-1	0.0
Algorithmic_information_theory	Color_appearance_phenomena	neg	-1	0.0
Variational_principles	Works_about_hurricanes	neg	-1	0.0
Wavelets	Galaxies_by_year_of_discovery	neg	-1	0.0
Cybernetics	Motion_in_computer_vision	neg	-1	0.0
Game_theory_equilibrium_concepts	Media_related_to_game_theory	pos_systems_theory_down	-1	0.80
Control_theory	Malware_targeting_industrial_control_systems	neg	-1	0.0
Morse_code	Semiconductor_lasers	cross_signal_process_bnd	-1	0.10
Caste	Bankruptcy_theory	pos_systems_theory_down	-1	0.00
Evolutionary_game_theory	Mathematical_physics_journals	neg	-1	0.0
Quantum_mechanical_entropy	Game_theory_equilibrium_concepts	neg	-1	0.0
Optimal_control	Battery_inventors	neg	-1	0.0
Entropy_and_information	Galaxies	cross_information_th_bnd	-1	0.00
Information_theorists	Digital_dictation	neg	-1	0.0
Classical_control_theory	Control_devices	neg	-1	0.0
Signal_connectors	Common_law_legal_systems	neg	-1	0.0
Systems_theory	Mathematical_optimization	pos_systems_theory_down	2	0.70
Teletraffic	Text_codecs	neg	-1	0.0
Dynamics_processing	Transient_response_characteristics	pos_signal_process_down	-1	0.80
Fair_division	Civil_engineering	neg	-1	0.0
Network_performance	Units_of_information	neg	-1	0.0
Mathematical_morphology	Discrete_transforms	pos_signal_process_down	-1	0.70
Filter_frequency_response	Algorithms	cross_control_theory_bnd	-1	0.40
Quality_of_service	Operations_research	cross_information_th_bnd	-1	0.60
Tone,_EQ_and_filter	Lists_of_galaxies	neg	-1	0.0
Quantum_game_theory	String_collation_algorithms	neg	-1	0.0
Transducers	Supermassive_black_holes	neg	-1	0.0
Measures_of_complexity	Computer_science_organizations	cross_information_th_bnd	-1	0.20
Control_engineering	Material_flow	pos_control_theory_down	1	0.50
Automation	EXE_packers	neg	-1	0.0
Information_theory	File_comparison_tools	pos_information_th_down	3	0.20
String_metrics	Bionics	neg	-1	0.0
Variational_principles	Complex_dynamics	cross_control_theory_bnd	-1	0.60
Measures_of_complexity	Network_scheduling_algorithms	pos_information_th_down	-1	0.60
Polygamy	Electric_battery	neg	-1	0.0
Symbols	Genoa_lows	neg	-1	0.0
Audio_compression	Timecodes	neg	-1	0.0
Compression_algorithms	Vending_machines	neg	-1	0.0
Social_systems_concepts	Problems_in_computer_science	neg	-1	0.0
Mutualism_(movement)	Mathematical_modeling	neg	-1	0.0
Systems_theory	Mechanism_design	pos_systems_theory_down	2	0.60
Linear_filters	Variational_principles	pos_control_theory_down	-1	0.60
Audio_hardware	Sensors	neg	-1	0.0
Symbols	Italian_city-states	neg	-1	0.0
Geometric_algorithms	Mathematical_analysis	neg	-1	0.0
Reverse_proxy	Social_media	neg	-1	0.0
Acoustic_fingerprinting	Home_automation	neg	-1	0.0
Writing_systems	Color_organizations	neg	-1	0.0
Codecs	Decision_theory	cross_information_th_bnd	-1	0.40
Quantum_computing	Audio_compression	neg	-1	0.0
Multidimensional_signal_processing	Signal_estimation	neg	-1	0.0
Interpolation	Family_therapy_journals	neg	-1	0.0
Statistical_distance	Systems_of_units	neg	-1	0.0
Orthogonal_wavelets	Sound_archives	neg	-1	0.0
Data_serialization_formats	Frequency-domain_analysis	pos_signal_process_down	-1	0.30
Alternative_medical_systems	Mutualism_(movement)	pos_systems_theory_down	-1	0.00
Evolutionary_game_theory	String_(computer_science)	neg	-1	0.0
Social_systems	Algorithms	neg	-1	0.0
Bargaining_theory	String_(computer_science)	neg	-1	0.0
Frequency-domain_analysis	Castes	neg	-1	0.0
Linear_filters	Evolutionary_computation	neg	-1	0.0
Signal_processing_filter	Systems_psychology	neg	-1	0.0
Systems_theory	Game_theory	pos_systems_theory_down	1	0.70
Optical_diodes	Political_charters	neg	-1	0.0
Symbols	Quantum_information_theory	neg	-1	0.0
Statistical_signal_processing	Algorithms	neg	-1	0.0
Real-time_simulation	Motion_control_photography	cross_control_theory_bnd	-1	0.50
Quantum_cryptography	Similarity_measures	neg	-1	0.0
Stability_theory	3D_rendering	neg	-1	0.0
Fellows_of_the_International_Federation_of_Automatic_Control	Radio_manufacturers	neg	-1	0.0
Network_performance	Cyberwarfare	neg	-1	0.0
Speech_recognition	Tornadoes	neg	-1	0.0
Management_systems	Polarization_(waves)	neg	-1	0.0
Real-time_gross_settlement	Peasants	neg	-1	0.0
Soil_classification	Thermodynamic_cycles	neg	-1	0.0
Image_noise_reduction_techniques	Internet	cross_signal_process_bnd	-1	0.20
Writing_systems	Convex_optimization	neg	-1	0.0
Color	Video_acceleration	neg	-1	0.0
Real-time_technology	Servos_(radio_control)	pos_control_theory_down	-1	0.80
Control_theory	Servos_(radio_control)	pos_control_theory_down	2	0.80
Economic_systems	Oscillation	neg	-1	0.0
Game_theory_equilibrium_concepts	Evolutionary_game_theory	pos_systems_theory_down	-1	0.90
Audio_hardware	Audio_transducers	pos_signal_process_down	1	0.90
Checksum_algorithms	Thermodynamicists	neg	-1	0.0
Control_devices	Biomedical_cybernetics	cross_control_theory_bnd	-1	0.70
Orthogonal_wavelets	Rainbow	neg	-1	0.0
Similarity_measures	Set_index_articles_on_storms	neg	-1	0.0
Bankruptcy_theory	Interpolation	neg	-1	0.0
Digital_signal_processors	Invariant_subspaces	neg	-1	0.0
Piezoelectric_materials	Topology	neg	-1	0.0
Information_geometry	Electrical_generators	neg	-1	0.0
Algorithmic_information_theory	Color_of_clothing	neg	-1	0.0
Image_processing_software	Spacecraft_using_Lissajous_orbits	neg	-1	0.0
Electronic_filter_applications	FIPS_10	neg	-1	0.0
Organizational_cybernetics	Digital_radio	neg	-1	0.0
Cyclic_redundancy_checks	Robotics_companies	neg	-1	0.0
Fellows_of_the_International_Federation_of_Automatic_Control	Mathematics_of_computing	neg	-1	0.0
Variational_principles	Statistical_mechanics	neg	-1	0.0
Image_processors	Set_index_articles_on_storms	neg	-1	0.0
Determinacy	Polygamy	pos_systems_theory_down	-1	0.00
Actuators	Heat_exchangers	neg	-1	0.0
Video_processing	Mathematical_Optimization_Society	neg	-1	0.0
Geocodes	Types_of_communities	neg	-1	0.0
Character_encoding	Character_sets	pos_signal_process_down	1	0.90
Servomechanisms	Building_thermal_engineering	neg	-1	0.0
Real-time_technology	Optical_spectrum	neg	-1	0.0
Symbols	Tornadoes	neg	-1	0.0
Data_serialization_formats	Actuarial_science	neg	-1	0.0
Quantum_information_scientists	Chaos_theorists	neg	-1	0.0
Instant_messaging	Chaotic_maps	cross_control_theory_bnd	-1	0.10
Barcodes	Trail_markers	neg	-1	0.0
Capacity-approaching_codes	Mechanical_quantities	neg	-1	0.0
Stochastic_control	Electrical_power_control	neg	-1	0.0
Information_theory	Quantum_information_theory	pos_information_th_down	1	0.80
Real-time_technology	Transfer_functions	pos_control_theory_down	-1	0.70
Control_theory	Automation_software	neg	-1	0.0
Noise_(electronics)	Types_of_communities	neg	-1	0.0
Coding_theorists	Compact_disc_player_manufacturers	neg	-1	0.0
Detection_theory	Medical_ultrasonography	neg	-1	0.0
Material_flow	String_(computer_science)	neg	-1	0.0
Management_systems	Ideas_banks	neg	-1	0.0
Biorthogonal_wavelets	Deaths_in_tropical_cyclones	neg	-1	0.0
Game_theory_game_classes	Herbalism	neg	-1	0.0
Encodings	Unconferences	neg	-1	0.0
Data_compression_software	Entropy_and_information	pos_information_th_down	-1	0.80
Image_compression	Arithmetic	neg	-1	0.0
Geometry_processing	Data_differencing	cross_signal_process_bnd	-1	0.40
Units_of_information	Binary_prefixes	pos_information_th_down	2	0.95
Complaints_organizations	Systems_psychology	pos_systems_theory_down	-1	0.10
Digital_photography	Nuclear_fusion	neg	-1	0.0
Audio_transducers	Symbols_by_location	neg	-1	0.0
Filter_theory	Speed_sensors	neg	-1	0.0
Signal_processing_metrics	DirectX	neg	-1	0.0
Cooperative_games	Offshore_engineering	neg	-1	0.0
Audio_mixing	Curve_fitting	neg	-1	0.0
Compression_file_systems	Engineering_economics	neg	-1	0.0
Economic_systems	Scheduling_algorithms	neg	-1	0.0
Forward_proxy	Romanization_by_script	neg	-1	0.0
Feature_detection_(computer_vision)	Geocodes	neg	-1	0.0
Line_codes	Tone,_EQ_and_filter	neg	-1	0.0
Information_theory	Detection_and_estimation_theorists	pos_information_th_down	2	0.90
Audiovisual_connectors	Headphones_manufacturers	neg	-1	0.0
Signal_processing	Multidimensional_signal_processing	pos_signal_process_down	1	0.95
Management_systems	Effects_units	neg	-1	0.0
Information_theory	Similarity_measures	pos_information_th_down	1	0.70
Game_theorists	Images_of_symbols	neg	-1	0.0
Character_encoding	Automation_organizations	neg	-1	0.0
Air_traffic_control_systems	Bronze_Age_writing_systems	neg	-1	0.0
Sony_product_codes	Works_about_automation	neg	-1	0.0
Units_of_information	Bifurcation_theory	neg	-1	0.0
Transfer_functions	Statistical_randomness	cross_control_theory_bnd	-1	0.30
Game_artificial_intelligence	Digital_rights_management_systems	neg	-1	0.0
Mechanism_design	Oligarchy	pos_systems_theory_down	-1	0.10
Statistical_distance	Mechanical_power_control	neg	-1	0.0
Entropy_and_information	Quantum_mechanical_entropy	pos_information_th_down	1	0.80
Stability_theory	Computer_languages	neg	-1	0.0
Family_therapy	Actor-network_theory	neg	-1	0.0
Sony_product_codes	Companies_involved_in_quantum_computing	neg	-1	0.0
Speech_processing	Sociology_of_the_Internet	neg	-1	0.0
Control_devices	Fluid_powered_actuators	cross_control_theory_bnd	-1	0.80
Stability_theory	Real-time_simulation	neg	-1	0.0
Biorthogonal_wavelets	X-ray_computed_tomography	pos_signal_process_down	-1	0.60
Topological_games	Oligarchy	pos_systems_theory_down	-1	0.00
Detection_and_estimation_theorists	Morphological_types_of_galaxy	neg	-1	0.0
Language_of_flowers	Morse_code	pos_signal_process_down	-1	0.10
Combinatorial_game_theory	Diagnostic_medical_imaging	neg	-1	0.0
Light-emitting_diodes	Fixed_points_(mathematics)	neg	-1	0.0
Audio_equipment_manufacturers	Computer_chess	neg	-1	0.0
Real-time_technology	Foundations_of_mathematics	neg	-1	0.0
Medical_imaging	Transport_phenomena	neg	-1	0.0
Optical_diodes	Battery_types	neg	-1	0.0
Servos_(radio_control)	Free_multimedia_codecs,_containers,_and_splitters	neg	-1	0.0
Generalizations_of_the_derivative	UN/LOCODE	neg	-1	0.0
Archive_formats	Computer_networking	neg	-1	0.0
Control_engineering	Marxist_theory	neg	-1	0.0
Mechanism_design	ASN.1	neg	-1	0.0
Algorithmic_information_theory	Thermometers	neg	-1	0.0
3D_computer_graphics	Tornadoes	cross_signal_process_bnd	-1	0.00
Political_systems	Arabic_braille	neg	-1	0.0
Control_theory	Optimal_control	pos_control_theory_down	1	1.00
Algorithmic_information_theory	Formal_systems	neg	-1	0.0
Non-cooperative_games	Self-sustainability	neg	-1	0.0
Systems_psychology	Superorganisms	neg	-1	0.0
Sony_image_processing	Anonymous_(hacker_group)	neg	-1	0.0
Systems_psychologists	Poisson_point_processes	neg	-1	0.0
Sony_product_codes	Entertainment_robotics	neg	-1	0.0
Stability_theory	Sociological_theories	neg	-1	0.0
Systems_psychology	Systems_psychologists	pos_systems_theory_down	1	0.70
Information_geometry	Thermodynamic_systems	neg	-1	0.0
Quantum_programming	Companies_involved_in_quantum_computing	pos_information_th_down	-1	0.40
Transducers	Control_engineering	cross_signal_process_bnd	-1	0.60
Signal_connectors	Health_care_robotics	neg	-1	0.0
Electrical_generators	Warning_coloration	neg	-1	0.0
Social_systems_concepts	Vehicular_automation	neg	-1	0.0
Control_theory	Lists_of_tropical_cyclones	neg	-1	0.0
Color_codes	Austrian_information_theorists	neg	-1	0.0
Digital_signal_processing	Microsoft_proprietary_codecs	neg	-1	0.0
Patriarchy	Trail_markers	neg	-1	0.0
Audio_electronics	Sony_image_processors	neg	-1	0.0
Soil_classification	Mechanical_engineering_by_discipline	neg	-1	0.0
Photographic_emulsion_codes	Internet	neg	-1	0.0
Digital_signal_processors	Video_processing	pos_signal_process_down	-1	0.70
Servomechanisms	Arithmetic_dynamics	cross_control_theory_bnd	-1	0.20
Generalizations_of_the_derivative	Mechanical_hand_tools	cross_control_theory_bnd	-1	0.10
Soil_classification	Caste-related_violence	neg	-1	0.0
Piezoelectric_materials	Thermodynamicists	neg	-1	0.0
Software_metrics	Theoretical_computer_scientists	neg	-1	0.0
Mechanism_design	Amateur_radio_call_signs	neg	-1	0.0
Mutualism_(movement)	Quantum_game_theory	pos_systems_theory_down	-1	0.00
Signal_connectors	Quality_of_service	neg	-1	0.0
Convex_analysis	Satellite_tornadoes	neg	-1	0.0
Quantum_information_theory	Decipherment	neg	-1	0.0
Signal_processing_metrics	Automation_in_construction	neg	-1	0.0
Media_related_to_game_theory	Video_games_using_barcodes	neg	-1	0.0
Geocodes	Sorting_algorithms	neg	-1	0.0
Actuators	Systems_theory_books	neg	-1	0.0
Material_flow	Researchers_in_geometric_algorithms	neg	-1	0.0
Noise_(electronics)	Theory_of_computation	neg	-1	0.0
Signal_processing	Signal_processing_filter	pos_signal_process_down	1	1.00
Companies_involved_in_quantum_computing	Statistical_approximations	neg	-1	0.0
Signal_processing	Signal_processing_metrics	pos_signal_process_down	1	1.00
Data_compression	ASCII_art	cross_information_th_bnd	-1	0.20
Sign_systems	Configuration_files	neg	-1	0.0
3D_imaging	Lenticular_galaxies	neg	-1	0.0
Orthogonal_wavelets	Whitespace	neg	-1	0.0
Filter_frequency_response	Mathematical_psychology	cross_control_theory_bnd	-1	0.10
Game_theory_game_classes	Applied_mathematics_journals	neg	-1	0.0
Electronic_filter_topology	Devices_capable_of_speech_recognition	neg	-1	0.0
Audio_equipment_manufacturers	Audio_trackers	neg	-1	0.0
Cooperative_games	Robotics_companies	neg	-1	0.0
Light-emitting_diodes	XML	cross_signal_process_bnd	-1	0.00
Strategy_(game_theory)	Common_law	neg	-1	0.0
Auction_theory	Oneirology	neg	-1	0.0
Variational_analysts	Particuliere_landerijen	neg	-1	0.0
3D_imaging	Institutionalism	neg	-1	0.0
Variational_analysis	Evolutionary_game_theory	neg	-1	0.0
Variational_principles	Philosophy_of_computer_science	neg	-1	0.0
Information_society	Darkness	neg	-1	0.0
Compression_algorithms	Government_by_algorithm	neg	-1	0.0
Optical_diodes	Clustering_criteria	neg	-1	0.0
Time_domain_analysis	Thermodynamics_databases	neg	-1	0.0
Soil_classification	Chess_automatons	neg	-1	0.0
Reverse_proxy	Audio_editing_software_for_Linux	neg	-1	0.0
Writing_systems	Vision	neg	-1	0.0
Human_reliability	Thermodynamics	neg	-1	0.0
Nonlinear_filters	Professional_symbols	neg	-1	0.0
Air_traffic_control_systems	Superorganisms	neg	-1	0.0
Frequency-domain_analysis	Mobile_phones_with_stereo_camera	neg	-1	0.0
Quantum_information_scientists	Industrial_Ethernet	neg	-1	0.0
Audio_electronics	Audio_amplifier_manufacturers	neg	-1	0.0
Geometric_algorithms	Engine_control_systems	neg	-1	0.0
Topological_games	Robotics_projects	neg	-1	0.0
Caste	Entropy_and_information	neg	-1	0.0
Biorthogonal_wavelets	DOS_code_pages	neg	-1	0.0
Collaborative_real-time_editors	Obsolete_writing_systems	neg	-1	0.0
Information_theory	Information_geometry	pos_information_th_down	1	0.80
X-ray_computed_tomography	Oneirology	neg	-1	0.0
Graphics_file_formats	Tomography	cross_signal_process_bnd	-1	0.20
Classical_control_theory	Cybernetics	neg	-1	0.0
Variational_principles	Robotics_concepts	neg	-1	0.0
Noise_(electronics)	Telecommunications_engineering_journals	neg	-1	0.0
Patriarchy	Advanced_Stirling_radioisotope_generator	neg	-1	0.0
Information_theorists	Mechanical_phenomena	neg	-1	0.0
Encodings	Stochastic_optimization	neg	-1	0.0
Oligarchy	Arithmetic	neg	-1	0.0
Digital_signal_processing	Archive_formats	neg	-1	0.0
Evolutionary_game_theory	Maritime_call_sign	neg	-1	0.0
Game_theory_equilibrium_concepts	Stochastic_optimization	neg	-1	0.0
Electric_battery	Partially_solved_games	neg	-1	0.0
Systems_psychology	Human_reliability	pos_systems_theory_down	1	0.60
Real-time_simulation	Computational_learning_theory	neg	-1	0.0
Sign_systems	Audio_transducers	neg	-1	0.0
Control_theory	Nonlinear_control	pos_control_theory_down	1	1.00
Noise_(graphics)	Formal_systems	cross_signal_process_bnd	-1	0.10
Real-time_computing	Nonlinear_filters	cross_control_theory_bnd	-1	0.50
Signal_processing	One-party_states	neg	-1	0.0
Cyclic_redundancy_checks	Antennas	neg	-1	0.0
Control_theory	Control_loop_theory	pos_control_theory_down	1	1.00
Image_processing_software	Marantz_products	neg	-1	0.0
Signal_connectors	Tomography	neg	-1	0.0
X-ray_computed_tomography	Radio_electronics	neg	-1	0.0
Organizational_cybernetics	Computer_science_organizations	neg	-1	0.0
Systems_thinking	File_sharing	neg	-1	0.0
Image_processors	Combinatorial_algorithms	cross_signal_process_bnd	-1	0.40
Speech_recognition	Vending_machine_manufacturers	neg	-1	0.0
Audio_compression	Reliability_engineering	neg	-1	0.0
Acoustic_fingerprinting	Superorganisms	neg	-1	0.0
Optimal_control	Professional_symbols	neg	-1	0.0
Neural_coding	Jukeboxes	neg	-1	0.0
Interpolation	Phonetic_guides	neg	-1	0.0
Automation	Non-uniform_random_numbers	neg	-1	0.0
Control_theory	Air_traffic_control_systems	pos_control_theory_down	2	0.80
Biofeedback	Guilds	neg	-1	0.0
Systems_theory	Systems_theory_books	pos_systems_theory_down	1	0.70
Audio_mixing	Lighting	cross_signal_process_bnd	-1	0.20
Geocodes	Democracy	neg	-1	0.0
Media_related_to_game_theory	Audio_equipment_manufacturers_by_country	neg	-1	0.0
Game_artificial_intelligence	Tornadoes	neg	-1	0.0
Combinatorial_game_theory	Subtropical_cyclones	neg	-1	0.0
Audiovisual_connectors	Robotic_art	neg	-1	0.0
Organizational_cybernetics	Scrabble_software	neg	-1	0.0
Digital_signal_processing	Cost_engineering	neg	-1	0.0
Cooperative_games	Tropical_cyclone_seasons	neg	-1	0.0
Organizational_cybernetics	Darkness	neg	-1	0.0
Light-emitting_diodes	Computer_shogi	neg	-1	0.0
Family_therapy	Orbital_angular_momentum_of_waves	neg	-1	0.0
Character_encoding	Biological_engineering	neg	-1	0.0
Collaborative_real-time_editors	Organizational_cybernetics	pos_control_theory_down	-1	0.40
Image_processors	Enthalpy	neg	-1	0.0
Actuators	Data_compression_researchers	neg	-1	0.0
Filter_theory	One-party_states	neg	-1	0.0
Digital_signal_processors	Coding_theory	pos_signal_process_down	-1	0.60
Quantum_information_theory	Japanese_information_theorists	neg	-1	0.0
Signal_connectors	Thermocouples	neg	-1	0.0
Message_authentication_codes	Reliability_engineering	cross_information_th_bnd	-1	0.50
Error_detection_and_correction	Sharing_economy	neg	-1	0.0
Detection_and_estimation_theorists	Virtual_communities	cross_information_th_bnd	-1	0.10
Continuous_wavelets	Discrete_transforms	pos_signal_process_down	-1	0.80
Image_compression	Quantum_mechanical_entropy	pos_information_th_down	-1	0.30
Quality_of_service	Industrial_Ethernet	neg	-1	0.0
Hash_functions	Cyclic_redundancy_checks	pos_information_th_down	1	0.80
Cybernetics	Bionics	neg	-1	0.0
Transient_response_characteristics	Computer_science	neg	-1	0.0
Stochastic_control	Spectral_theory	neg	-1	0.0
Signal_processing	Positional_numeral_systems	neg	-1	0.0
Tragedy_of_the_commons	Equilibrium_chemistry	neg	-1	0.0
Digital_signal_processing	Feedback	neg	-1	0.0
Signal_processing_filter	Dynamical_systems	neg	-1	0.0
Real-time_technology	Mechanical_power_transmission	neg	-1	0.0
Similarity_measures	Action_(physics)	neg	-1	0.0
Applications_of_control_engineering	Stability_theory	cross_control_theory_bnd	-1	0.90
Reverse_proxy	Pattern_formation	neg	-1	0.0
Systems_psychology	Renormalization_group	neg	-1	0.0
Sony_image_processing	Symbols	pos_signal_process_down	-1	0.20
Data_differencing	Star_symbols	neg	-1	0.0
Media_related_to_game_theory	Motion_control_photography	neg	-1	0.0
Actuators	Electrical_signal_connectors	neg	-1	0.0
Wavelets	Railway_signalling	neg	-1	0.0
Timecodes	Computer_science_education	neg	-1	0.0
Servos_(radio_control)	American_control_theorists	pos_control_theory_down	-1	0.50
Nonlinear_control	Deaths_in_tropical_cyclones	neg	-1	0.0
Linear_filters	Severe_weather_and_convection	neg	-1	0.0
Declinism	Theory_of_computation	neg	-1	0.0
Social_dynamics	Computer_systems	neg	-1	0.0
Discrete_transforms	Electromagnetic_compatibility	neg	-1	0.0
Atomic_clocks	Non-cooperative_games	neg	-1	0.0
Signal_processing	Image_compression	neg	-1	0.0
Sony_image_processing	Nuclear_fusion	neg	-1	0.0
Color_codes	Lists_of_writing_systems	neg	-1	0.0
Audio_equipment_manufacturers	Design	neg	-1	0.0
Servomechanisms	Build_automation	neg	-1	0.0
Image_compression	Hellenic_scripts	neg	-1	0.0
Material_flow	Real-time_simulation	neg	-1	0.0
Checksum_algorithms	Galaxies	neg	-1	0.0
Transient_response_characteristics	Units_of_information	neg	-1	0.0
Game_artificial_intelligence	Magnetic_resonance_imaging	neg	-1	0.0
Game_theorists	Diacritics	neg	-1	0.0
Climate_change_feedbacks	Subtropical_cyclones	neg	-1	0.0
Character_encoding	Speech_synthesis	neg	-1	0.0
Data_differencing	File_comparison_tools	pos_information_th_down	1	0.80
Dynamics_processing	Community_radio	neg	-1	0.0
Information_theory	Random_number_generation	pos_information_th_down	2	0.70
Encodings	Kievan_Rus'_law	neg	-1	0.0
Cybernetics	Nonlinear_filters	cross_control_theory_bnd	-1	0.60
Cyclic_redundancy_checks	Rewriting_systems	neg	-1	0.0
Filter_theory	Electronic_filter_topology	pos_signal_process_down	1	0.90
Audio_mixing	Shogi_theory	neg	-1	0.0
Resonance	Atomic_clocks	pos_control_theory_down	1	0.40
Auction_theory	Clock_signal	neg	-1	0.0
Systems_thinking	Quantum_game_theory	pos_systems_theory_down	-1	0.30
Detection_and_estimation_theorists	Dynamical_systems	neg	-1	0.0
Climate_change_feedbacks	Quantum_operators	cross_control_theory_bnd	-1	0.10
Game_theory_game_classes	Color_codes	neg	-1	0.0
Writing_systems	Polyamory	neg	-1	0.0
Error_detection_and_correction	Memory_management_algorithms	neg	-1	0.0
Quantum_cryptography	Geographic_information_systems	neg	-1	0.0
Signal_processing_metrics	Unix_archivers_and_compression-related_utilities	neg	-1	0.0
Mathematical_optimization	Writing_systems_of_Asia	neg	-1	0.0
Teletraffic	Guided_democracy	neg	-1	0.0
Classical_control_theory	Implosion	cross_control_theory_bnd	-1	0.00
Quantum_cryptography	Moral_panic	neg	-1	0.0
Noise_(graphics)	Particuliere_landerijen	neg	-1	0.0
Video_processing	Cultural_exchange	neg	-1	0.0
Digital_signal_processing	Polygamy_by_continent	neg	-1	0.0
Image_processors	Library_automation	neg	-1	0.0
Control_devices	Organizational_cybernetics	cross_control_theory_bnd	-1	0.50
Audio_effects	Theorems_in_discrete_mathematics	neg	-1	0.0
Community	Data_serialization_formats	neg	-1	0.0
Binary_prefixes	Sensory_receptors	neg	-1	0.0
Orbital_resonance	COVID-19_contact_tracing_apps	neg	-1	0.0
Light-emitting_diodes	History_of_computer_science	neg	-1	0.0
Hash_functions	Active_fire_protection	neg	-1	0.0
Forward_proxy	Lists_of_tropical_cyclones	neg	-1	0.0
Digital_signal_processors	Anarchist_schools_of_thought	neg	-1	0.0
Optimal_control	Convex_analysis	cross_control_theory_bnd	-1	0.70
Feedback	Freiwirtschaft	neg	-1	0.0
Forward_proxy	Semiconductor_lasers	neg	-1	0.0
3D_imaging	Tone,_EQ_and_filter	neg	-1	0.0
Random_number_generation	Optimization_algorithms_and_methods	cross_information_th_bnd	-1	0.60
Data_differencing	Complaints_organizations	neg	-1	0.0
3D_imaging	Fairness_criteria	neg	-1	0.0
Classical_control_theory	Computer-aided_design	cross_control_theory_bnd	-1	0.60
Teletraffic	Quantum_information_theory	pos_information_th_down	-1	0.30
Noise_(graphics)	Ancien_régime	neg	-1	0.0
Network_scheduling_algorithms	Control_loop_theory	neg	-1	0.0
Orthogonal_wavelets	Artificial_satellites_at_Earth–Sun_Lagrange_points	neg	-1	0.0
WAN_optimization	Wavelets	cross_information_th_bnd	-1	0.40
Teletraffic	Signage_companies	neg	-1	0.0
Motion_control	Motion_control_photography	pos_control_theory_down	1	0.60
Cybernetics	Hysteresis	neg	-1	0.0
Voice_technology	Quantum_information_science	neg	-1	0.0
Stochastic_control	Limit_sets	cross_control_theory_bnd	-1	0.50
Time_domain_analysis	Thermodynamic_equations	neg	-1	0.0
Time_domain_analysis	Discrete_mathematics_journals	neg	-1	0.0
Feature_detection_(computer_vision)	Common_law	neg	-1	0.0
Audio_compression	Statistical_randomness	cross_information_th_bnd	-1	0.50
Control_theory	Operator_theory	pos_control_theory_down	2	0.60
Signal_processing	Time_domain_analysis	pos_signal_process_down	2	0.90
Reverse_proxy	Explosives_engineering	neg	-1	0.0
Information_theory	Neural_coding	pos_information_th_down	2	0.70
Character_sets	Public_toilets_automation	neg	-1	0.0
Queueing_theory	Holography	neg	-1	0.0
Audio_electronics	Battery_shapes	neg	-1	0.0
Audio_editors	Bionics	neg	-1	0.0
Air_traffic_control_systems	Database_algorithms	neg	-1	0.0
Mutualism_(movement)	Naturopathy	neg	-1	0.0
File_comparison_tools	PDF_standards	neg	-1	0.0
Optical_character_recognition	Electronic_oscillators	neg	-1	0.0
Cyclic_redundancy_checks	Unix_archivers_and_compression-related_utilities	neg	-1	0.0
Variational_principles	Tornado	neg	-1	0.0
Information_theory	Quantum_information_scientists	pos_information_th_down	2	0.50
Teletraffic	Electromagnetic_radiation	cross_information_th_bnd	-1	0.20
Complaints_organizations	Computer_science_awards	neg	-1	0.0
Convex_analysis	Nonlinear_control	pos_control_theory_down	-1	0.70
Orthogonal_wavelets	Mathematics_of_infinitesimals	neg	-1	0.0
Political_systems	Image_impedance_filters	neg	-1	0.0
Acoustic_fingerprinting	Biological_engineering	neg	-1	0.0
Game_theory	Game_artificial_intelligence	pos_systems_theory_down	1	0.70
Digital_signal_processing	Character_encoding	pos_signal_process_down	-1	0.30
Home_automation	Tone,_EQ_and_filter	neg	-1	0.0
Information_theory	Detection_theory	pos_information_th_down	1	0.90
Archive_formats	Self-replication	neg	-1	0.0
Information_theory	Capacity-achieving_codes	pos_information_th_down	2	0.90
Electrical_generators	Image_noise_reduction_techniques	pos_signal_process_down	-1	0.20
Linear_filters	Graphics_file_formats	neg	-1	0.0
Variational_principles	Estates_(social_groups)	cross_control_theory_bnd	-1	0.00
Binary_prefixes	Computer_scientists	cross_information_th_bnd	-1	0.30
Fair_division	Audio_effects	neg	-1	0.0
Color_codes	Population_dynamics	neg	-1	0.0
Geocodes	Homeopathy	neg	-1	0.0
Checksum_algorithms	Lagrangian_mechanics	neg	-1	0.0
Nonlinear_filters	Italian_city-states	neg	-1	0.0
Systems_theory	Fiction_about_galaxies	neg	-1	0.0
Color	Heart_symbols	neg	-1	0.0
Audiovisual_connectors	Library_automation	neg	-1	0.0
Image_processors	Hereditary_monarchy	neg	-1	0.0
Capacity-achieving_codes	Manuscripts_by_script	neg	-1	0.0
Data_unit	Clock_signal	neg	-1	0.0
Similarity_measures	Manufacturers_of_professional_audio_equipment	neg	-1	0.0
Data_compression	Video_compression	pos_information_th_down	1	0.80
Bankruptcy_theory	Polygamy_by_country	neg	-1	0.0
Signal_processing_metrics	Tropical_cyclone_meteorology	neg	-1	0.0
Audio_hardware	Cellular_automata	neg	-1	0.0
Video_processing	Scheduling_algorithms	neg	-1	0.0
Game_theory	Evolutionary_game_theory	pos_systems_theory_down	1	0.80
Electronic_filter_applications	Works_about_polygamy	neg	-1	0.0
Information_geometry	Sound_cards	neg	-1	0.0
Morse_code	Dynamical_systems_journals	neg	-1	0.0
Signal_processing_filter	Biorobotics	neg	-1	0.0
Binary_prefixes	Mathematical_psychology	neg	-1	0.0
Photographic_emulsion_codes	Articulated_robotics	neg	-1	0.0
Stereophotogrammetry	Library_automation	neg	-1	0.0
Fellows_of_the_International_Federation_of_Automatic_Control	Economic_ideologies	neg	-1	0.0
Operator_theory	Applications_of_control_engineering	cross_control_theory_bnd	-1	0.70
Multidimensional_signal_processing	Image-sharing_websites	neg	-1	0.0
Motion_control	Hereditary_monarchy	neg	-1	0.0
Systems_theory	Systems_thinking	pos_systems_theory_down	2	0.80
Bargaining_theory	Subtropical_cyclones	neg	-1	0.0
Determinacy	Heraldry	neg	-1	0.0
Signal_processing	Business_chat_software	neg	-1	0.0
Material_flow	Aristocracy	neg	-1	0.0
Mathematical_morphology	Industrial_engineering	neg	-1	0.0
Cyclic_redundancy_checks	Positional_numeral_systems	neg	-1	0.0
Acoustic_fingerprinting	Electrical_signal_connectors	neg	-1	0.0
Real-time_gross_settlement	Video_codecs	neg	-1	0.0
Companies_involved_in_quantum_computing	Gate_arrays	neg	-1	0.0
Quality_of_service	Video_processing	neg	-1	0.0
Motion_control_photography	Thermal_protection	neg	-1	0.0
American_control_theorists	Family_therapy	neg	-1	0.0
Mechanism_design	Laws_of_thermodynamics	neg	-1	0.0
Sound_archives	Active_galaxies	neg	-1	0.0
Fair_division	Bankruptcy_theory	pos_systems_theory_down	1	0.50
Systems_thinking	Color	neg	-1	0.0
Data_compression	Message_authentication_codes	neg	-1	0.0
Declinism	Complaints_organizations	neg	-1	0.0
Signal_processing	Nonlinear_control	cross_signal_process_bnd	-1	0.60
Information_society	Game_theory	pos_systems_theory_down	-1	0.20
Systems_psychology	Active_galaxies	neg	-1	0.0
Voice_technology	Sign_language	neg	-1	0.0
Compression_algorithms	Heat_conduction	neg	-1	0.0
Quantum_game_theory	Mascots	neg	-1	0.0
Evolutionary_game_theory	Prison_inspectors	neg	-1	0.0
Signage	Gas_sensors	neg	-1	0.0
Quantum_cryptography	Raw_image_processing_software	neg	-1	0.0
3D_imaging	Relays	neg	-1	0.0
Mechanism_design	Automation_software	neg	-1	0.0
Software_metrics	Flags	neg	-1	0.0
Tragedy_of_the_commons	Building_thermal_engineering	neg	-1	0.0
Data_compression_researchers	Advanced_Stirling_radioisotope_generator	neg	-1	0.0
Continuous_wavelets	Safety_engineering	neg	-1	0.0
Reverse_proxy	Message_authentication_codes	pos_information_th_down	-1	0.20
Fast_Fourier_transforms	Optimization_of_ordered_sets	neg	-1	0.0
Control_theory	Quantum_chaos_theory	neg	-1	0.0
Game_theory_game_classes	Media_related_to_game_theory	pos_systems_theory_down	-1	0.70
Bankruptcy_theory	Typefaces_by_script	neg	-1	0.0
Feedback	Mixed_economies	neg	-1	0.0
Quantum_game_theory	Deaths_caused_by_robots_and_artificial_intelligence	neg	-1	0.0
Digital_photography	Thermodynamics_databases	neg	-1	0.0
Stereophotogrammetry	Wavelets	pos_signal_process_down	-1	0.50
Classical_control_theory	Time–frequency_analysis	neg	-1	0.0
Variational_analysis	Alternators	neg	-1	0.0
Information_theory	Data_differencing	pos_information_th_down	1	0.60
Companies_involved_in_quantum_computing	Control_devices	cross_information_th_bnd	-1	0.20
Combinatorial_game_theory	Geographic_object_identifiers	neg	-1	0.0
Call_signs	Engineering_economics	neg	-1	0.0
Quantum_game_theory	Graph_algorithms	neg	-1	0.0
Sony_image_processing	Image_processors	neg	-1	0.0
Game_theory_game_classes	Mass_media_complaints_authorities	neg	-1	0.0
Transfer_functions	Jure_matris_officeholders	neg	-1	0.0
Color	Geothermal_areas	neg	-1	0.0
Computer_graphic_artifacts	Control_loop_theory	neg	-1	0.0
Forward_proxy	Mechanical_synchronization	neg	-1	0.0
Instant_messaging	Servomechanisms	pos_control_theory_down	-1	0.10
Complaints_organizations	Thermocouples	neg	-1	0.0
Video_processing	Encodings	neg	-1	0.0
Generalizations_of_the_derivative	Computational_mathematics	cross_control_theory_bnd	-1	0.70
Quality_of_service	Texture_mapping	neg	-1	0.0
Companies_involved_in_quantum_computing	Radar_signal_processing	cross_information_th_bnd	-1	0.30
Neural_coding	High_dynamic_range_file_formats	neg	-1	0.0
Information_society	Military_communications	neg	-1	0.0
Quantum_information_theory	Entropy	neg	-1	0.0
Signal_processing_filter	Types_of_communities	neg	-1	0.0
Game_theory	Image-sharing_websites	neg	-1	0.0
Encodings	Thermodynamicists	neg	-1	0.0
Air_traffic_control_systems	Robotic_art	neg	-1	0.0
Data_serialization_formats	Autonomous_ships	neg	-1	0.0
Real-time_technology	Biorthogonal_wavelets	neg	-1	0.0
Data_differencing	Symbols_by_location	neg	-1	0.0
Auction_theory	Robotics_projects	neg	-1	0.0
Image_segmentation	Electromagnetic_coils	cross_signal_process_bnd	-1	0.30
Topological_games	Biofeedback	neg	-1	0.0
Audio_transducers	Memory_management_algorithms	neg	-1	0.0
Information_theorists	Units_of_information	cross_information_th_bnd	-1	0.60
Systems_thinking	International_Standard_Book_Number	neg	-1	0.0
Oligarchy	Feudalism	pos_systems_theory_down	1	0.00
Signal_processing	Transfer_functions	pos_signal_process_down	1	0.80
Acoustic_fingerprinting	Encodings	cross_signal_process_bnd	-1	0.60
Encodings	Actuators	neg	-1	0.0
Optimal_control	Control_engineering	pos_control_theory_down	-1	0.90
Systems_theory	Family_therapy	pos_systems_theory_down	2	0.10
Noise_(electronics)	Noise_(graphics)	pos_signal_process_down	1	0.30
Game_theory_equilibrium_concepts	Information_Age	neg	-1	0.0
Home_automation	Control_theory	pos_control_theory_down	-1	0.70
Wavelets	Automatic_number_plate_recognition	neg	-1	0.0
Media_related_to_game_theory	Thermodynamics_literature	neg	-1	0.0
Social_systems	Social_systems_concepts	pos_systems_theory_down	1	0.80
Archive_formats	Formal_sciences	neg	-1	0.0
Fellows_of_the_International_Federation_of_Automatic_Control	Electronic_feedback	pos_control_theory_down	-1	0.50
Management_systems	Approximation_algorithms	neg	-1	0.0
Signal_processing	Digital_signal_processing	pos_signal_process_down	1	1.00
Cybernetics	Organizational_cybernetics	pos_control_theory_down	1	0.80
Electric_battery	Political_systems	neg	-1	0.0
Control_theory	Stability_theory	pos_control_theory_down	1	1.00
Systems_analysis	Differential_operators	neg	-1	0.0
Quantum_information_scientists	Braille_templates	neg	-1	0.0
Servomechanisms	Computer_engineering	neg	-1	0.0
Servomechanisms	Servos_(radio_control)	pos_control_theory_down	1	1.00
Checksum_algorithms	Cyclic_redundancy_checks	pos_information_th_down	1	0.90
Graphics_file_formats	Digital_audio_distributors	neg	-1	0.0
Statistical_signal_processing	Atmospheric_thermodynamics	neg	-1	0.0
3D_imaging	Community_awards	neg	-1	0.0
Quantum_information_scientists	Explosives_engineering	neg	-1	0.0
Noise_(graphics)	Lossless_compression_algorithms	cross_signal_process_bnd	-1	0.30
Game_artificial_intelligence	Community	pos_systems_theory_down	-1	0.10
Sensors	Tornadogenesis	neg	-1	0.0
Network_scheduling_algorithms	Random_number_generation	neg	-1	0.0
TCP_congestion_control	Archive_formats	pos_information_th_down	-1	0.10
Music_hardware	Position_sensors	neg	-1	0.0
Bargaining_theory	Billboards	neg	-1	0.0
Writing_systems	Concurrent_algorithms	neg	-1	0.0
Archive_formats	Systems_theory	cross_information_th_bnd	-1	0.10
Game_theory_equilibrium_concepts	Combinatorics	neg	-1	0.0
Electronic_filter_topology	Signal_estimation	pos_signal_process_down	-1	0.80
Convex_analysis	Theoretical_computer_science	cross_control_theory_bnd	-1	0.50
Message_authentication_codes	Information_theory	pos_information_th_down	-1	0.80
Computer_graphic_artifacts	Library_automation	neg	-1	0.0
Systems_psychologists	Planetary_engineering	neg	-1	0.0
Forward_proxy	Topology	neg	-1	0.0
Systems_analysis	Systems_thinking	pos_systems_theory_down	1	0.90
Time–frequency_analysis	Wavelets	pos_signal_process_down	1	0.90
Complaints_organizations	Determinacy	pos_systems_theory_down	-1	0.00
Queueing_theory	All-pay_auction	cross_information_th_bnd	-1	0.30
Medical_imaging	Political_systems	neg	-1	0.0
Units_of_information	Quantum_cryptography	cross_information_th_bnd	-1	0.60
Random_number_generation	Genetic_engineering	neg	-1	0.0
Social_systems_concepts	Mathematical_optimization	neg	-1	0.0
Material_flow	Information_theory_journals	neg	-1	0.0
Data_unit	Airport_engineering	neg	-1	0.0
Information_geometry	PDF_software	neg	-1	0.0
American_control_theorists	Robotic_art	neg	-1	0.0
Generalizations_of_the_derivative	Geodesy	neg	-1	0.0
Geometry_processing	Robotics_by_company	neg	-1	0.0
Signal_processing_metrics	Music_hardware	cross_signal_process_bnd	-1	0.30
Variational_analysis	Detectors	neg	-1	0.0
Multidimensional_signal_processing	Mathematical_theorems_in_theoretical_computer_science	neg	-1	0.0
Real-time_computing	Calculus_of_variations	neg	-1	0.0
Operator_theory	Planetary_systems	cross_control_theory_bnd	-1	0.00
Signal_processing	Orthogonal_wavelets	pos_signal_process_down	3	0.90
Electronic_filter_applications	Signage	pos_signal_process_down	-1	0.00
WAN_optimization	Database_algorithms	neg	-1	0.0
Binary_prefixes	Geodesy	neg	-1	0.0
Sony_product_codes	Unicode_blocks	neg	-1	0.0
Information_theorists	Numerical_control	cross_information_th_bnd	-1	0.20
Control_theory	Applications_of_control_engineering	pos_control_theory_down	2	0.90
Archive_formats	Robot_architectures	neg	-1	0.0
Quantum_information_scientists	Archive_formats	cross_information_th_bnd	-1	0.10
Radar_signal_processing	Undeciphered_writing_systems	neg	-1	0.0
Audiovisual_connectors	Computer_hardware	cross_signal_process_bnd	-1	0.50
Continuous_wavelets	Unicode_Transformation_Formats	neg	-1	0.0
Variational_principles	Galaxies	neg	-1	0.0
Audio_equipment_manufacturers	History_of_robotics	neg	-1	0.0
Atomic_clocks	Computer_arithmetic_algorithms	neg	-1	0.0
Audio_amplifiers	Systems_of_units	neg	-1	0.0
Information_theory	String_metrics	pos_information_th_down	2	0.60
Control_theory	Transfer_functions	pos_control_theory_down	1	0.90
Binary_prefixes	Reliability_engineering	cross_information_th_bnd	-1	0.40
Patriarchy	Statistical_randomness	neg	-1	0.0
Legal_systems	Digital_divide	neg	-1	0.0
Video_compression	Genoa_lows	neg	-1	0.0
Audio_electronics	Professional_networks	neg	-1	0.0
Numeral_systems	Software_engineering	cross_signal_process_bnd	-1	0.30
Symbols	Communitarianism	neg	-1	0.0
Caste	Mobile_phones_with_stereo_camera	neg	-1	0.0
Motion_control	Flags	neg	-1	0.0
Feature_detection_(computer_vision)	MacOS_audio_editors	neg	-1	0.0
Queueing_theory	Biofeedback	neg	-1	0.0
Variational_principles	Complex_systems_theory	neg	-1	0.0
Collaborative_real-time_editors	Rendering_APIs_available_on_Linux	neg	-1	0.0
Video_processing	Stereophotogrammetry	neg	-1	0.0
Signal_connectors	Wind_turbines	neg	-1	0.0
Tragedy_of_the_commons	Mechanical_vibrations	neg	-1	0.0
Information_geometry	Statistical_distance	pos_information_th_down	1	0.80
Radar_signal_processing	Wavelets	pos_signal_process_down	1	0.80
Real-time_gross_settlement	Photodetectors	neg	-1	0.0
Timecodes	Curve_fitting	cross_signal_process_bnd	-1	0.40
Capacity-achieving_codes	Electric_motors	cross_information_th_bnd	-1	0.20
Entropy_and_information	Robotic_art	neg	-1	0.0
Continuous_wavelets	Cost_engineering	cross_signal_process_bnd	-1	0.20
Speech_processing	Maritime_call_sign	neg	-1	0.0
Compression_file_systems	Military_communications	neg	-1	0.0
Social_systems	Westminster_system	neg	-1	0.0
Geocodes	Marxist_theory	neg	-1	0.0
Electronic_filter_applications	Classic_Mac_OS_character_encodings	neg	-1	0.0
Electronic_feedback	Probability_distributions	neg	-1	0.0
Feudalism	Electromagnetic_compatibility	neg	-1	0.0
Mathematical_optimization	RepRap_project	neg	-1	0.0
Biofeedback	Human-based_computation	neg	-1	0.0
Error_detection_and_correction	Megalithic_symbols	neg	-1	0.0
Biorthogonal_wavelets	Writing_systems_of_Africa	neg	-1	0.0
Language_of_flowers	Polyamory	neg	-1	0.0
Social_dynamics	Glass_engineering_and_science	neg	-1	0.0
Economic_systems	Feudalism	pos_systems_theory_down	1	0.00
Wavelets	Quantum_programming	neg	-1	0.0
Feedback	Signal_processing_journals	neg	-1	0.0
Economic_systems	Raster_graphics_file_formats	neg	-1	0.0
Time_domain_analysis	Sensor_manufacturers	neg	-1	0.0
Continuous_wavelets	Mechanical_engineering	neg	-1	0.0
Music_hardware	Divide-and-conquer_algorithms	neg	-1	0.0
Data_differencing	Chess_theory	neg	-1	0.0
Information_theorists	Mining_engineering	neg	-1	0.0
Checksum_algorithms	Measures_of_complexity	neg	-1	0.0
Soil_classification	Problems_in_computer_science	neg	-1	0.0
Signal_processing	Calendar_algorithms	cross_signal_process_bnd	-1	0.20
Quality_of_service	String_collation_algorithms	cross_information_th_bnd	-1	0.30
Optimal_control	Queueing_theorists	neg	-1	0.0
Home_automation	Quantum_computing	neg	-1	0.0
Timecodes	Data_synchronization	cross_signal_process_bnd	-1	0.70
Audio_electronics	Data_differencing	neg	-1	0.0
Filter_frequency_response	Statistical_theory	neg	-1	0.0
Game_theory	Food_engineering	neg	-1	0.0
Image_processing	Dwarf_galaxies	neg	-1	0.0
Alternative_medical_systems	3D_graphics_art	neg	-1	0.0
Alternative_medical_systems	Calendar_algorithms	neg	-1	0.0
Data_differencing	Braille_organizations	neg	-1	0.0
Random_number_generation	Biorthogonal_wavelets	neg	-1	0.0
Operator_theory	Feudal_duties	neg	-1	0.0
Electric_battery	Biorobotics	neg	-1	0.0
Actuators	Internet_theorists	neg	-1	0.0
Applications_of_control_engineering	Generalizations_of_the_derivative	pos_control_theory_down	-1	0.50
Systems_psychologists	3D_films	neg	-1	0.0
Image_compression	Thermodynamic_processes	neg	-1	0.0
Digital_signal_processing	Tropical_cyclones_by_country	neg	-1	0.0
Convex_analysis	Unitary_operators	cross_control_theory_bnd	-1	0.60
Optical_character_recognition	Sound_chips	cross_signal_process_bnd	-1	0.20
Strategy_(game_theory)	Fictional_characters_who_can_manipulate_light	neg	-1	0.0
Audio_transducers	Emergency_management_software	neg	-1	0.0
Filter_frequency_response	IEC_prefixes	neg	-1	0.0
Noise_(electronics)	Electrical_generators	cross_signal_process_bnd	-1	0.30
String_metrics	ISO_3166	neg	-1	0.0
Wavelets	Vending_machine_manufacturers	neg	-1	0.0
Quantum_algorithms	Cryptographic_algorithms	cross_information_th_bnd	-1	0.60
Character_encoding	Elementary_mathematics	cross_information_th_bnd	-1	0.20
Detection_theory	Elementary_mathematics	neg	-1	0.0
Queueing_theory	Ring_galaxies	neg	-1	0.0
Air_traffic_control_systems	UN/LOCODE	neg	-1	0.0
Voice_technology	Billboards	neg	-1	0.0
Electronic_feedback	Calculus	cross_control_theory_bnd	-1	0.30
Digital_signal_processing	Ombudsmen	neg	-1	0.0
Control_engineering	Engineering_disciplines	cross_control_theory_bnd	-1	0.60
Synchronization	Free_music	neg	-1	0.0
Data_serialization_formats	Marxism	neg	-1	0.0
Biofeedback	Nomenclature_of_Territorial_Units_for_Statistics	neg	-1	0.0
Bargaining_theory	Algebra	neg	-1	0.0
