# cybernetics/systems round (gen_boundary_pairs.py; corpus=enwiki; Haiku-graded 6-band). down=Cybernetics,Systems_theory,Systems_science,Operations_research,Dynamical_systems; bidir=Cybernetics,Systems_theory. cols: a	b	stratum	wl	mu
Thermodynamic_models	Feedback	pos_dynamical_syst_down	-1	0.6
IEC_60870	Electric_motors	neg	-1	0.0
Motion_control	Probability_bounds_analysis	neg	-1	0.0
Network_science	Human-based_computation_games	neg	-1	0.0
Resonance	Meteorological_data_and_networks	neg	-1	0.0
Automation	Door_automation	pos_cybernetics_down	1	1.0
Servomechanisms	Comparative_law	neg	-1	0.0
Systems_theory_books	Organizational_cybernetics	pos_systems_scienc_down	-1	0.8
Game_theory	Collaborative_real-time_editors	neg	-1	0.0
Self-replication	Sports_science	neg	-1	0.0
Chaotic_maps	Free_learning_management_systems	neg	-1	0.0
Building_thermal_engineering	Wildfire_ecology	neg	-1	0.0
Mutualism_(movement)	Automation	neg	-1	0.0
Caste	Statutory_law	cross_systems_theory_bnd	-1	0.0
Human_homeostasis	Mutualism_(movement)	cross_cybernetics_bnd	-1	0.0
Laboratory_automation	Human_geography	neg	-1	0.0
Agroforestry_systems	Comparative_law	neg	-1	0.0
Arithmetic_dynamics	Dining_clubs	neg	-1	0.0
Biological_systems	Game_theory_game_classes	neg	-1	0.0
Statistical_signal_processing	Social_constructionism	neg	-1	0.0
Quantum_mechanical_entropy	Mathematics_of_general_relativity	neg	-1	0.0
Poisson_point_processes	Go_(game)	neg	-1	0.0
Game_theory_equilibrium_concepts	Shamanism	neg	-1	0.0
Door_automation	Marxist_theory	neg	-1	0.0
Scheduling_(computing)	John_von_Neumann_Theory_Prize_winners	pos_operations_res_down	-1	0.4
Servomechanisms	Feudal_duties	neg	-1	0.0
Deep_space_networks	Linux_distributions_by_package_management	neg	-1	0.0
Scheduling_algorithms	Civil_law_(legal_system)	neg	-1	0.0
Industrial_computing	TikTok	neg	-1	0.0
Combinatorial_optimization	Natura_2000	neg	-1	0.0
Light	Business_process_management	neg	-1	0.0
Alternative_medical_systems	Fellows_of_the_Association_for_the_Advancement_of_Artificial_Intelligence	neg	-1	0.0
Combinatorial_optimization	Mechanical_quantities	neg	-1	0.0
Nonlinear_systems	Oscillation	neg	-1	0.0
Renormalization_group	GitHub	neg	-1	0.0
Control_theorists	American_social_networking_mobile_apps	neg	-1	0.0
Dynamical_systems_theorists	Ombudsmen	neg	-1	0.0
Social_systems	Hormones_of_the_hypothalamus-pituitary-thyroid_axis	neg	-1	0.0
Network_synthesis	Galaxy_images	neg	-1	0.0
Theorems_in_dynamical_systems	Internet	neg	-1	0.0
Cybernetics	Vending_machines	pos_cybernetics_down	2	1.0
Biosimulation	Trans-European_Rail_network	neg	-1	0.0
Game_theory_game_classes	Conflict_theory	neg	-1	0.0
Systems_science	Systems_theory	pos_systems_scienc_down	1	0.8
Dynamical_systems_theorists	Angiogenesis	neg	-1	0.0
Bifurcation_theory	American_control_theorists	neg	-1	0.0
Dynamical_systems	Iterated_function_system_fractals	neg	-1	0.0
Soviet_cyberneticists	Mixed_economies	neg	-1	0.0
Bargaining_theory	Blog_software	neg	-1	0.0
Control_engineering	Optics	neg	-1	0.0
Thermodynamic_equations	Microfinance	neg	-1	0.0
Production_planning	Customary_legal_systems	neg	-1	0.0
Game_theory	Biostatistics	neg	-1	0.0
Inefficiency_in_game_theory	Complex_systems_theory	neg	-1	0.0
Game_theory	Topological_games	pos_systems_theory_down	1	0.8
Organizations_related_to_game_theory	Photons	neg	-1	0.0
Philosophy_of_thermal_and_statistical_physics	Agronomy	neg	-1	0.0
Random_dynamical_systems	Energy_properties	neg	-1	0.0
Systems_theory	Nuclear_fission	neg	-1	0.0
Systems_scientists	Political_party_systems	neg	-1	0.0
Scheduling_(computing)	Order_theory	neg	-1	0.0
Artificial_intelligence_researchers	Systems_science	cross_cybernetics_bnd	-1	0.6
Thermodynamic_properties	Novels_about_social_media	neg	-1	0.0
Stochastic_control	Risk_analysis_methodologies	neg	-1	0.0
Control_theory	Irregular_galaxies	neg	-1	0.0
Planetary_systems	Servos_(radio_control)	neg	-1	0.0
Music_sequencers	Tropical_cyclones_by_basin	neg	-1	0.0
Presidents_of_the_International_Society_for_the_Systems_Sciences	Radio_networks	neg	-1	0.0
Variational_analysis	Operations_research_journals	neg	-1	0.0
Systems_psychologists	Computer_networks_engineering	neg	-1	0.0
Customer_relationship_management_software	Drying	neg	-1	0.0
Social_networks	Cellular_automaton_software	neg	-1	0.0
Combinatorial_game_theory	Elevators	neg	-1	0.0
Economic_systems	Publication_management_software	neg	-1	0.0
Door_automation	Ecological_processes	neg	-1	0.0
Community	Morphological_types_of_galaxy	neg	-1	0.0
Filter_theory	Planetary_spots	neg	-1	0.0
Biological_systems	Computational_geometry	neg	-1	0.0
Computational_electromagnetics	Works_about_hurricanes	neg	-1	0.0
Astronomical_dynamical_systems	Internet_subcultures	neg	-1	0.0
Game_artificial_intelligence	Build_automation	neg	-1	0.0
Hysteresis	Electronic_oscillators	neg	-1	0.0
Lean_manufacturing	Agronomy	neg	-1	0.0
Robotics	Subfields_of_computer_science	cross_cybernetics_bnd	-1	0.6
Complaints_organizations	Portfolio_theories	neg	-1	0.0
Electrodynamics	Induction_heating	pos_dynamical_syst_down	1	0.8
Classical_control_theory	Experimental_mathematics	neg	-1	0.0
Social_systems	Systems_sciences_awards	pos_systems_scienc_down	-1	0.2
Computer_networks	Extended_reality	neg	-1	0.0
Industrial_computing	Geodesic_(mathematics)	cross_cybernetics_bnd	-1	0.0
Complex_systems_scientists	Bifurcation_theory	neg	-1	0.0
Systems_psychologists	Sign_languages	neg	-1	0.0
European_windstorms	Biocybernetics	neg	-1	0.0
Computer_networks	Emergency_management_software	pos_operations_res_down	-1	0.6
Biological_processes	Women's_quarters	neg	-1	0.0
Systems_science	Partially_solved_games	neg	-1	0.0
Oligarchy	Foundations_of_mathematics	neg	-1	0.0
Cybernetics	Door_automation	pos_cybernetics_down	2	1.0
Variational_analysis	Hyperreality_theorists	neg	-1	0.0
Systems_science	Cybernetics	pos_systems_scienc_down	1	0.8
Feedback	Computer_draughts_players	neg	-1	0.0
Military_simulation	Human_development	neg	-1	0.0
Artificial_intelligence_researchers	Probability_and_statistics	cross_cybernetics_bnd	-1	0.6
Systems_sciences_organizations	Systems_science_societies	pos_systems_scienc_down	1	1.0
Customer_relationship_management_software	AI_safety_scientists	neg	-1	0.0
Systems_psychology	Steroid_hormone_biosynthesis	neg	-1	0.0
Chaos_theorists	Software_architecture	neg	-1	0.0
History_of_thermodynamics	Self-reflexive_works	neg	-1	0.0
Caste	Geothermal_energy	neg	-1	0.0
Neural_networks	Ideas_banks	neg	-1	0.0
Systems_analysis	Time-tracking_software	neg	-1	0.0
Thermodynamics	Hamiltonian_mechanics	pos_dynamical_syst_down	-1	0.8
Laboratory_automation	Motion_(physics)	cross_cybernetics_bnd	-1	0.4
Vehicular_automation	Convex_optimization	neg	-1	0.0
Anticyclones	Benchmarking	neg	-1	0.0
Public_toilets_automation	Galaxy_filaments	neg	-1	0.0
Organizational_cybernetics	Galaxies	cross_cybernetics_bnd	-1	0.0
Cyberneticists	Complaints_organizations	cross_cybernetics_bnd	-1	0.0
Systems_analysis	Cooling_technology	neg	-1	0.0
European_windstorms	Algorithmic_art	neg	-1	0.0
Pattern_formation	Ancien_régime	neg	-1	0.0
Deep_space_networks	Operations_research_societies	pos_operations_res_down	-1	0.2
Statistical_process_control	Model_checkers	neg	-1	0.0
Biological_systems	Aristocracy	neg	-1	0.0
Game_theory	Non-cooperative_games	pos_systems_theory_down	1	1.0
Light	Convection	neg	-1	0.0
Non-equilibrium_thermodynamics	Organizational_documents	neg	-1	0.0
Engineering_thermodynamics	Deep_space_networks	neg	-1	0.0
Transport_phenomena	Radio_frequency_propagation	neg	-1	0.0
Laws_of_thermodynamics	Dimensionless_numbers_of_thermodynamics	neg	-1	0.0
European_windstorms	Smart_cities	neg	-1	0.0
Pattern_formation	Social_audio	neg	-1	0.0
Statistical_signal_processing	Political-economic_models	neg	-1	0.0
Game_theory	Determinacy	pos_systems_theory_down	1	0.8
Network_science	Cooperative_games	neg	-1	0.0
Scheduling_algorithms	Collectives	neg	-1	0.0
Decision-making_software	Polygamy_by_country	neg	-1	0.0
Motion_control	Evolutionarily_significant_biological_phenomena	neg	-1	0.0
Fellows_of_the_Institute_for_Operations_Research_and_the_Management_Sciences	Online_analytical_processing	neg	-1	0.0
Vehicular_automation	Automation_software	pos_cybernetics_down	-1	1.0
Systems_scientists	Agronomy	neg	-1	0.0
Control_loop_theory	Computational_astronomy	neg	-1	0.0
Cybernetics	Biocybernetics	pos_cybernetics_down	2	1.0
Dynamical_systems	Topological_dynamics	pos_dynamical_syst_down	1	1.0
Inventory_optimization	Database-related_software_for_Linux	neg	-1	0.0
Entropy_and_information	Problems_in_computer_science	neg	-1	0.0
Feudalism	Recursion	cross_systems_theory_bnd	-1	0.0
Transport_phenomena	Articulated_robotics	neg	-1	0.0
Vehicular_automation	German_systems_scientists	cross_cybernetics_bnd	-1	0.4
Thermodynamic_properties	Statism	neg	-1	0.0
European_windstorms	Driving_simulators	neg	-1	0.0
Public_toilets_automation	Caste	neg	-1	0.0
Industrial_automation	Comparative_economic_systems	neg	-1	0.0
Database_management_systems	Tropical_cyclones_by_year	neg	-1	0.0
Queueing_theorists	Ecological_connectivity	pos_operations_res_down	-1	0.0
Network_science	Elliptical_galaxies	neg	-1	0.0
Organizations_related_to_game_theory	Smart_materials	neg	-1	0.0
Systems_sciences_organizations	Systems_science_education	pos_systems_scienc_down	1	0.8
Automated_teller_machines	Upper_class	neg	-1	0.0
Scheduling_(computing)	Experimental_mathematics	neg	-1	0.0
International_road_networks	Free_customer_relationship_management_software	neg	-1	0.0
Process_theory	Peer-to-peer	neg	-1	0.0
Library_automation	AI_safety_scientists	neg	-1	0.0
Industrial_computing	Public_toilets_automation	cross_cybernetics_bnd	-1	1.0
Computer_networks	Linux_PMS_graphical_front-ends	neg	-1	0.0
Operations_research_awards	Thermodynamic_systems	neg	-1	0.0
Thermodynamic_processes	Synthetic_biology_artists	neg	-1	0.0
Organizational_cybernetics	Quantum_operators	neg	-1	0.0
Thermodynamic_entropy	Causal_inference	neg	-1	0.0
Systems_geology	Digital_card_games	neg	-1	0.0
Electrodynamics	Operations_research	neg	-1	0.0
Fixed-point_theorems	Antennas	neg	-1	0.0
Database_management_systems	Ecosystems	neg	-1	0.0
Mathematical_optimization_in_business	Category_main_article_does_not_match_category_title	neg	-1	0.0
Decision-making_software	Algae_biomass_producers	neg	-1	0.0
Ideal_gas	Social_phenomena	neg	-1	0.0
Ergodic_theory	Orchestration_software	neg	-1	0.0
Fixed-point_theorems	Geothermal_areas	neg	-1	0.0
Chaotic_maps	Risk_analysis	neg	-1	0.0
Lagrangian_mechanics	Federalism	neg	-1	0.0
Complex_dynamics	Russian_systems_scientists	neg	-1	0.0
Astronomical_dynamical_systems	Yachting_associations	neg	-1	0.0
Production_planning	Evolutionary_processes	neg	-1	0.0
Filter_theory	Instant_messaging	neg	-1	0.0
Works_about_automation	Orbital_angular_momentum_of_waves	neg	-1	0.0
Sign_systems	Outlines_of_technology_and_applied_science	cross_systems_theory_bnd	-1	0.6
Classical_control_theory	Hunter-gatherers	neg	-1	0.0
Polygamy	Information_society	pos_systems_theory_down	-1	0.0
Biomedical_cybernetics	Mathematical_optimization_in_business	pos_systems_scienc_down	-1	0.4
Ecological_connectivity	Medieval_knights	neg	-1	0.0
Scheduling_(computing)	Entropy_and_information	neg	-1	0.0
Heat_transfer	Agronomy	neg	-1	0.0
Operations_research_awards	Network_flow_problem	pos_operations_res_down	-1	0.8
Systems_sciences_awards	Social_physics	neg	-1	0.0
Computational_neuroscience	Naturopathy	neg	-1	0.0
Feudalism	Combinatorics	neg	-1	0.0
Biological_processes	Bigtable_implementations	neg	-1	0.0
Cybernetics	Artificial_intelligence_researchers	pos_cybernetics_down	2	0.6
Statistical_field_theories	Artificial_intelligence	neg	-1	0.0
Travelling_salesman_problem	Expected_utility	neg	-1	0.0
Cybernetics	Industries_(economics)	neg	-1	0.0
Motion_control	Agronomy	neg	-1	0.0
Systems_psychologists	Planetary_systems_by_number_of_confirmed_planets	neg	-1	0.0
Automation_software	Cybernetics	neg	-1	0.0
Learning_management_systems	Philosophy_of_thermal_and_statistical_physics	neg	-1	0.0
Systems_science	Robotics_engineering	neg	-1	0.0
Industrial_automation	Field_galaxies	neg	-1	0.0
IEC_60870	Organizational_documents	neg	-1	0.0
Lagrangian_mechanics	Stochastic_control	neg	-1	0.0
Auction_theory	Fellows_of_the_Association_for_the_Advancement_of_Artificial_Intelligence	neg	-1	0.0
Music_sequencers	Wikis_for_children	neg	-1	0.0
Aircraft_automation	Comparative_law	neg	-1	0.0
Social_systems	Public–private_partnership	neg	-1	0.0
Industrial_automation	Critical_phenomena	neg	-1	0.0
Engineering_thermodynamics	Jure_matris_officeholders	neg	-1	0.0
IEC_60870	Vending_machines	pos_cybernetics_down	-1	0.4
Heat_conduction	Remittance_men	neg	-1	0.0
Mutualism_(movement)	I/O_scheduling	neg	-1	0.0
Women_systems_scientists	Fractals	neg	-1	0.0
Bargaining_theory	Fellows_of_the_International_Federation_of_Automatic_Control	neg	-1	0.0
Cyberneticists	Controlled_ecological_life_support_systems	neg	-1	0.0
Dynamical_systems_theorists	Ecological_economics	neg	-1	0.0
Mathematical_optimization	Geosocial_networking	neg	-1	0.0
Industrial_automation	Servomechanisms	neg	-1	0.0
Systems_engineers	Customer_communications_management	neg	-1	0.0
Non-cooperative_games	Mutualism_(movement)	cross_systems_theory_bnd	-1	0.0
Systems_ecologists	Phenomics	pos_systems_scienc_down	-1	0.6
Thermodynamics	Location-based_games	neg	-1	0.0
Systems_biologists	Psychrometrics	neg	-1	0.0
Systems_biologists	Systems_ecologists	pos_systems_scienc_down	1	0.8
Random_dynamical_systems	Thermoelectricity	neg	-1	0.0
Automation_organizations	Wildlife_crossings	neg	-1	0.0
Travelling_salesman_problem	Information_theory	neg	-1	0.0
Control_theorists	Multiple-criteria_decision_analysis	pos_systems_scienc_down	-1	0.8
Economic_systems	Fields_of_mathematics	neg	-1	0.0
Thermodynamics_literature	Emergency_management_software	neg	-1	0.0
Cybernetics	Fredholm_theory	cross_cybernetics_bnd	-1	0.4
Model_checkers	Iterated_function_system_fractals	neg	-1	0.0
Cybernetics	Operator_theory	pos_cybernetics_down	2	0.6
Bifurcation_theory	L-systems	neg	-1	0.0
Women_cyberneticists	Human_reliability	cross_cybernetics_bnd	-1	0.6
Dynamical_systems	Dynamical_systems_theorists	pos_dynamical_syst_down	1	1.0
Pattern_formation	Mechanical_power_transmission	neg	-1	0.0
Topological_dynamics	Mathematical_psychology	neg	-1	0.0
Thermodynamic_properties	Wildlife_crossings	neg	-1	0.0
Systems_biology	Optics	neg	-1	0.0
Legal_systems	Active_galaxies	neg	-1	0.0
I/O_scheduling	Functionalism_(social_theory)	neg	-1	0.0
Topological_dynamics	Sign_language	neg	-1	0.0
Single_queueing_nodes	Guilds	neg	-1	0.0
Action_(physics)	Multiple_stars	neg	-1	0.0
Thermodynamics_literature	Oscillation	neg	-1	0.0
Legal_systems	Kozai_mechanism	neg	-1	0.0
Determinacy	Instant_messaging_server_software	neg	-1	0.0
Public_toilets_automation	Osteopathy	neg	-1	0.0
Critical_phenomena	Federalism	neg	-1	0.0
Industrial_automation	Arithmetic_dynamics	cross_cybernetics_bnd	-1	0.0
Mathematical_optimization	Mutualism_(movement)	pos_systems_theory_down	-1	0.0
Oligarchy	Medieval_knights	cross_systems_theory_bnd	-1	0.0
Travelling_salesman_problem	E-government	neg	-1	0.0
Cybernetics	IEC_60870	pos_cybernetics_down	2	0.8
Soviet_cyberneticists	Biomedical_cybernetics	pos_cybernetics_down	-1	0.8
Women_systems_scientists	Computer_draughts_players	neg	-1	0.0
Complex_systems_scientists	Inverse_problems	neg	-1	0.0
Non-cooperative_games	Mass_media_complaints_authorities	neg	-1	0.0
Planetary_spots	Wiki-related_conferences	neg	-1	0.0
Convection	Applied_statistics	neg	-1	0.0
IEC_60870	Advanced_driver_assistance_systems	neg	-1	0.0
Dynamical_systems	Ideal_gas	pos_dynamical_syst_down	2	0.2
Entropy_and_information	Promotional_alternate_reality_games	neg	-1	0.0
History_of_thermodynamics	CAN_bus	neg	-1	0.0
Ideal_gas	Phenomics	neg	-1	0.0
Resonance	Active_fire_protection	neg	-1	0.0
Bankruptcy_theory	Real-time_operating_systems	neg	-1	0.0
Lagrangian_mechanics	Computational_geometry	neg	-1	0.0
Multiple-criteria_decision_analysis	Operations_research_journals	neg	-1	0.0
Systems_analysis	Mathematical_optimization	pos_systems_theory_down	1	0.8
Building_thermal_engineering	Non-equilibrium_thermodynamics	neg	-1	0.0
Limit_sets	Ombudsmen	neg	-1	0.0
Systems_science	Earth_system_sciences	pos_systems_scienc_down	1	0.8
Action_(physics)	Islamic_economics	neg	-1	0.0
Statistical_signal_processing	Computer_networking	neg	-1	0.0
Alternative_medical_systems	Computer_algebra	cross_systems_theory_bnd	-1	0.0
Vortices	Planetary_spots	pos_dynamical_syst_down	1	0.4
Soviet_cyberneticists	Geodesic_(mathematics)	cross_cybernetics_bnd	-1	0.0
Dynamical_systems	Stability_theory	pos_dynamical_syst_down	1	1.0
Political_systems	Social_sciences_terminology	cross_systems_theory_bnd	-1	0.4
Transport_phenomena	Community	neg	-1	0.0
Self-replication	Category_main_article_does_not_match_category_title	neg	-1	0.0
Inventory_optimization	Lean_manufacturing	pos_operations_res_down	1	0.8
Traffic_enforcement_systems	Distributed_data_storage	neg	-1	0.0
Hysteresis	Mesh_networking	neg	-1	0.0
Alternative_medical_systems	Feudalism	pos_systems_theory_down	-1	0.0
Operations_research	Process_theory	pos_operations_res_down	1	0.8
Non-equilibrium_thermodynamics	Software	neg	-1	0.0
Variational_analysis	Works_about_robotics	neg	-1	0.0
IEC_60870	Social_media_campaigns	neg	-1	0.0
Bifurcation_theory	Health_care_robotics	neg	-1	0.0
Queueing_theory	Feudalism_by_country	neg	-1	0.0
Network_scientists	Ecological_connectivity	neg	-1	0.0
Mathematical_and_theoretical_biology	Biological_globalization	neg	-1	0.0
Multiple-criteria_decision_analysis	Theocracies	neg	-1	0.0
Cooperative_games	Combinatorial_game_theory	pos_systems_theory_down	-1	0.8
Electromagnetic_radiation	Lighting	neg	-1	0.0
Inefficiency_in_game_theory	Spiral_galaxies	neg	-1	0.0
Door_automation	American_systems_engineers	cross_cybernetics_bnd	-1	0.4
Content_management_systems	Ombudsmen	neg	-1	0.0
Production_planning	Lean_manufacturing	pos_operations_res_down	1	0.8
Automation	Deterministic_global_optimization	neg	-1	0.0
Robotics	State_functions	neg	-1	0.0
Tragedy_of_the_commons	Symbolic_interactionism	cross_systems_theory_bnd	-1	0.0
Chaos_theory	Computer_network_technology	neg	-1	0.0
Thermodynamic_properties	Lords	neg	-1	0.0
Systems_science_institutes	Document-oriented_databases	neg	-1	0.0
Induction_heating	Music_workstations	neg	-1	0.0
Control_engineering	Wildlife_crossings	neg	-1	0.0
Cyberneticists	Artificial_intelligence_researchers	pos_systems_scienc_down	1	0.6
Bankruptcy_theory	Mathematical_and_theoretical_biology	neg	-1	0.0
Non-equilibrium_thermodynamics	Transport_phenomena	pos_dynamical_syst_down	1	1.0
Public_toilets_automation	Wikis_for_children	neg	-1	0.0
Game_theory	Quantum_game_theory	pos_systems_theory_down	1	0.8
Package_management_systems	Planetary_systems	neg	-1	0.0
Real-time_technology	Agronomy	neg	-1	0.0
Women_cyberneticists	Organizations_related_to_game_theory	neg	-1	0.0
Building_automation	Real-time_technology	cross_cybernetics_bnd	-1	0.8
Game_theory	Bankruptcy_theory	pos_systems_theory_down	1	0.6
Process_theory	Latin_American_caste_system	neg	-1	0.0
Public_toilets_automation	Motion_(physics)	cross_cybernetics_bnd	-1	0.2
Thermodynamic_entropy	Sign_systems	neg	-1	0.0
Convection	Theoretical_biologists	neg	-1	0.0
Systems_science_institutes	Mathematical_and_theoretical_biology	neg	-1	0.0
Impact_of_automation	Vortices	cross_cybernetics_bnd	-1	0.2
Game_theory_game_classes	Oligarchy	cross_systems_theory_bnd	-1	0.0
Mechanism_design	Oversight_and_watchdog_organizations	neg	-1	0.0
Social_dynamics	Microfinance	neg	-1	0.0
Non-equilibrium_thermodynamics	Motion_(physics)	neg	-1	0.0
Neural_networks	Social_science_indices	neg	-1	0.0
Package_management_systems	Enterprise_resource_planning_terminology	pos_operations_res_down	-1	0.6
Thermodynamic_systems	Robotics	neg	-1	0.0
Sign_systems	Data_access_technologies	neg	-1	0.0
Systems_ecology	Systems_ecologists	pos_systems_scienc_down	1	1.0
Quantum_game_theory	Modern_studies	neg	-1	0.0
Human_reliability	Neural_coding	neg	-1	0.0
Mechanism_design	Alumni_associations	neg	-1	0.0
Human_reliability	Social_systems_concepts	neg	-1	0.0
Thermodynamic_entropy	Social_media_management	neg	-1	0.0
Complaints_organizations	Drying	neg	-1	0.0
Thermodynamicists	Cosmic_background_radiation	neg	-1	0.0
Nonlinear_control	Generalizations_of_the_derivative	neg	-1	0.0
Auction_theory	Alumni_associations	neg	-1	0.0
Political_systems	Feudalism	pos_systems_theory_down	2	0.0
Nonlinear_systems	Positivism	neg	-1	0.0
Planetary_systems	Dynamic_programming	neg	-1	0.0
Action_(physics)	AI_legal_scholars	neg	-1	0.0
Motion_control	Declinism	neg	-1	0.0
Induction_heating	Windows_database-related_software	neg	-1	0.0
Cyberneticists	Instant_messaging_clients	neg	-1	0.0
Determinacy	Non-cooperative_games	cross_systems_theory_bnd	-1	0.8
Optimal_scheduling	Community_radio	neg	-1	0.0
Systems_science	Systems_theory_books	pos_systems_scienc_down	2	0.8
Real-time_technology	Polyamory	neg	-1	0.0
Online_advertising_services_and_affiliate_networks	Dark_galaxies	neg	-1	0.0
Scheduling_algorithms	Industrial_processes	neg	-1	0.0
Organizations_related_to_game_theory	German_systems_scientists	neg	-1	0.0
Combinatorial_optimization	Sports_science	neg	-1	0.0
Feudalism	Inverse_problems	cross_systems_theory_bnd	-1	0.0
Combinatorial_optimization	Computer_science_suffixes	neg	-1	0.0
Stability_theory	Statistical_process_control	neg	-1	0.0
Computational_neuroscience	Complex_systems_scientists	neg	-1	0.0
Systems_science	Game_theory	pos_systems_scienc_down	2	0.8
Dynamical_systems_theorists	Symbolic_dynamics	neg	-1	0.0
Synthetic_biology	Industrial_software	neg	-1	0.0
Thermodynamic_properties	Motion_control_photography	neg	-1	0.0
Systems_theory	Social_systems	pos_systems_theory_down	1	0.4
Servomechanisms	Motion_(physics)	neg	-1	0.0
Transfer_functions	Self-service	neg	-1	0.0
Vortices	Laws_of_thermodynamics	neg	-1	0.0
Thermodynamic_systems	Wildfire_ecology	neg	-1	0.0
Phenomics	Earth_system_sciences	neg	-1	0.0
Stability_theory	Wavelets	neg	-1	0.0
Multiple-criteria_decision_analysis	Social_sciences_conferences	neg	-1	0.0
Systems_science	Systems_biology	pos_systems_scienc_down	1	0.8
Systems_sciences_awards	Polyamory	neg	-1	0.0
Mobile_telecommunications_networks	Travelling_salesman_problem	pos_operations_res_down	-1	0.6
Operator_theory	Distributed_data_storage	neg	-1	0.0
Automated_teller_machines	Computational_neuroscience	pos_cybernetics_down	-1	0.2
Agroforestry_systems	Food_science	neg	-1	0.0
Political_systems	Variational_analysts	neg	-1	0.0
Random_number_generation	Dynamical_systems_theorists	pos_dynamical_syst_down	-1	0.4
Thermodynamic_models	Self-referential_paradoxes	neg	-1	0.0
I/O_scheduling	Biological_theorems	neg	-1	0.0
Random_dynamical_systems	Database_management_systems	neg	-1	0.0
Systems_biologists	Lenticular_galaxies	neg	-1	0.0
Systems_science	Systems_science_education	pos_systems_scienc_down	2	0.8
Feedback	Subculture_theory	neg	-1	0.0
Classical_control_theory	Benchmarking	neg	-1	0.0
Types_of_cyclone	Tornado	pos_dynamical_syst_down	1	0.0
Phenomics	Robotics_organizations	neg	-1	0.0
Real-time_technology	Wikis_for_children	neg	-1	0.0
Mechanism_design	Bigtable_implementations	neg	-1	0.0
Thermodynamics	Mechanical_quantities	neg	-1	0.0
John_von_Neumann_Theory_Prize_winners	Organizational_cybernetics	neg	-1	0.0
Social_systems	Computational_neuroscience	cross_systems_theory_bnd	-1	0.2
Real-time_technology	Aristocracy	neg	-1	0.0
Biological_processes	Formal_sciences	neg	-1	0.0
European_windstorms	Tropical_cyclone_preparedness	neg	-1	0.0
Industrial_automation	Mathematics_in_medicine	cross_cybernetics_bnd	-1	0.2
Real-time_technology	Nuclear_fusion	neg	-1	0.0
Learning_management_systems	Family_therapy_journals	neg	-1	0.0
Inefficiency_in_game_theory	Fediverse	neg	-1	0.0
Non-cooperative_games	Spacecraft_using_Lissajous_orbits	neg	-1	0.0
Community	Cultural_exchange	neg	-1	0.0
Poisson_point_processes	Public_choice_theorists	neg	-1	0.0
Systems_science	Systems_sciences_awards	pos_systems_scienc_down	2	0.8
Types_of_cyclone	Rainbow_problems	neg	-1	0.0
Computational_electromagnetics	Planetary_spots	pos_dynamical_syst_down	-1	0.0
Complex_dynamics	Ring_galaxies	neg	-1	0.0
Random_dynamical_systems	Customer_communications_management	neg	-1	0.0
Customer_relationship_management_software	Theoretical_computer_science	neg	-1	0.0
Systems_theory	Game_theory_equilibrium_concepts	pos_systems_theory_down	2	0.8
Biosimulation	Computational_neuroscientists	neg	-1	0.0
Biocybernetics	Synchrotron_radiation	neg	-1	0.0
Evolutionary_game_theory	Chinese_clans	neg	-1	0.0
Fair_division	Thermodynamics	cross_systems_theory_bnd	-1	0.4
Vehicular_automation	Probability_and_statistics	cross_cybernetics_bnd	-1	0.6
Networks	Online_advertising_services_and_affiliate_networks	pos_operations_res_down	1	0.2
Automation_in_construction	Robotics_hardware	neg	-1	0.0
Transport_phenomena	Thermochromism	neg	-1	0.0
Operations_research	Theorems_in_mathematical_physics	neg	-1	0.0
Statistical_process_control	Artificial_intelligence	neg	-1	0.0
Works_about_automation	Space_systems_engineers	neg	-1	0.0
Thermodynamic_models	Social_constructionism	neg	-1	0.0
Non-equilibrium_thermodynamics	Politics_and_social_media	neg	-1	0.0
Poisson_point_processes	Dynamical_systems	neg	-1	0.0
Non-equilibrium_thermodynamics	Probability_theorists	neg	-1	0.0
Statistical_process_control	Scale-invariant_systems	neg	-1	0.0
Tragedy_of_the_commons	Door_automation	neg	-1	0.0
Human_homeostasis	Information_systems_journals	neg	-1	0.0
Human_homeostasis	Quantum_mechanical_entropy	neg	-1	0.0
Automation_organizations	Systems_engineers	cross_cybernetics_bnd	-1	1.0
Symbolic_dynamics	Comparative_economic_systems	neg	-1	0.0
Engineering_statistics	Statistical_process_control	pos_operations_res_down	1	0.8
Earth_system_sciences	Systems_geology	pos_systems_scienc_down	1	1.0
Network_flow_problem	Information_systems_journals	neg	-1	0.0
Information_society	Self-replicating_machines	neg	-1	0.0
Industrial_automation	Groupware	neg	-1	0.0
Engineering_statistics	Iterated_function_system_fractals	neg	-1	0.0
Women_cyberneticists	Smart_devices	neg	-1	0.0
Game_theorists	Statistical_field_theories	neg	-1	0.0
Electrical_grid	Database_caching	neg	-1	0.0
Topological_games	Inefficiency_in_game_theory	neg	-1	0.0
Quantum_game_theory	Wavelets	neg	-1	0.0
Engineering_statistics	Library_automation	neg	-1	0.0
Mathematical_optimization	Polygamy_and_religion	neg	-1	0.0
Complaints_organizations	Feudalism_by_continent	neg	-1	0.0
Operations_research	Queueing_theorists	pos_operations_res_down	2	0.8
Economic_systems	Sociology	neg	-1	0.0
Statistical_process_control	Computer_networks_engineering	pos_operations_res_down	-1	0.6
Heat_transfer	European_windstorms	pos_dynamical_syst_down	-1	0.0
Random_number_generation	Cellular_automata	pos_dynamical_syst_down	-1	0.8
Military_simulation	Alumni_associations_of_academic_institutions	neg	-1	0.0
Self-organization	Tropical_cyclone_seasons	neg	-1	0.0
Random_dynamical_systems	Evaluation	neg	-1	0.0
Motion_control	Computational_neuroscience	neg	-1	0.0
Statistical_field_theories	Fredholm_theory	neg	-1	0.0
Soviet_cyberneticists	Library_automation	pos_cybernetics_down	-1	0.8
History_of_thermodynamics	Cryptography	neg	-1	0.0
Electrodynamics	Game_systems	neg	-1	0.0
Systems_theory	Community	pos_systems_theory_down	2	0.2
Operations_research	Statistical_process_control	pos_operations_res_down	2	0.8
Bankruptcy_theory	Sign_systems	pos_systems_theory_down	-1	0.0
Game_theory	Numerical_control	neg	-1	0.0
Social_systems	Mechanics_journals	neg	-1	0.0
Queueing_theory	One-party_states	neg	-1	0.0
Cooperative_games	Information_society	pos_systems_theory_down	-1	0.2
Planetary_spots	Mechanical_vibrations	neg	-1	0.0
Critical_phenomena	Network_analysis	neg	-1	0.0
Superorganisms	Disc_golf_courses	neg	-1	0.0
Hysteresis	Industrial_automation_software	neg	-1	0.0
Electromagnetic_components	Adaptable_robotics	neg	-1	0.0
Network_scientists	Economic_ideologies	neg	-1	0.0
Systems_biology	Nor'easters	neg	-1	0.0
Whirlpools	Driving_simulators	neg	-1	0.0
Evolutionary_game_theory	High_society_(social_class)	neg	-1	0.0
Single_queueing_nodes	Solved_games	neg	-1	0.0
Lagrangian_mechanics	Industrial_software	neg	-1	0.0
Music_sequencers	Biomedical_cybernetics	pos_cybernetics_down	-1	0.0
Polygamy	Mathematical_optimization	neg	-1	0.0
Presidents_of_the_International_Society_for_the_Systems_Sciences	Topological_dynamics	neg	-1	0.0
Automation_in_construction	Smart_home_hubs	neg	-1	0.0
Operations_research	Multiple-criteria_decision_analysis	pos_operations_res_down	1	0.8
Variational_analysis	Cultural_exchange	neg	-1	0.0
Scale-invariant_systems	Mathematical_analysis	neg	-1	0.0
Soviet_cyberneticists	Arithmetic_dynamics	cross_cybernetics_bnd	-1	0.0
Dynamical_systems	Action_(physics)	pos_dynamical_syst_down	2	0.6
Content_management_systems	Israeli_systems_scientists	neg	-1	0.0
Transport_phenomena	Group_decision-making	neg	-1	0.0
Thermodynamic_properties	Cooling_technology	neg	-1	0.0
Game_theory	Notation	cross_systems_theory_bnd	-1	0.2
Feedback	Wiki_software	neg	-1	0.0
Biocybernetics	Stress_tests_(financial)	cross_cybernetics_bnd	-1	0.0
Information_society	Subtropical_cyclones	neg	-1	0.0
Phase_transitions	Systems_ecology	neg	-1	0.0
Classical_control_theory	Industrial_automation	neg	-1	0.0
Thermodynamics	Thermodynamic_equations	pos_dynamical_syst_down	1	1.0
Topological_games	Deep_space_networks	neg	-1	0.0
Networks	Systems_biology	pos_systems_scienc_down	-1	0.8
Tragedy_of_the_commons	European_windstorm_seasons	neg	-1	0.0
Automation_organizations	Theoretical_biologists	neg	-1	0.0
Cybernetics	Human_homeostasis	pos_cybernetics_down	2	1.0
Oligarchy	Bamboo_network	neg	-1	0.0
Inefficiency_in_game_theory	Statism	neg	-1	0.0
Systems_science	Systems_science_literature	pos_systems_scienc_down	1	0.8
Laboratory_automation	Door_automation	pos_cybernetics_down	-1	0.8
Control_loop_theory	Task_management_software	neg	-1	0.0
Tragedy_of_the_commons	Phase_transitions	neg	-1	0.0
Systems_scientists	Scheduling_algorithms	neg	-1	0.0
Satellites_orbiting_Lagrange_points	Human_sciences	neg	-1	0.0
Non-cooperative_games	Self-replication	neg	-1	0.0
Automata_(mechanical)	COVID-19_contact_tracing_apps	neg	-1	0.0
Systems_theory	Declinism	pos_systems_theory_down	2	0.0
Random_dynamical_systems	Synchrotron_radiation	neg	-1	0.0
Organizational_cybernetics	Go_(game)_software	neg	-1	0.0
Industrial_computing	Systems_science	cross_cybernetics_bnd	-1	0.6
Random_dynamical_systems	Rail_transport_mobile_telecommunications_networks	neg	-1	0.0
Quantum_game_theory	Mathematics	cross_systems_theory_bnd	-1	0.4
Cyberneticists	Ring_galaxies	neg	-1	0.0
Systems_science_literature	Database-related_software_for_Linux	neg	-1	0.0
Bankruptcy_theory	Test_functions_for_optimization	neg	-1	0.0
Queueing_theorists	European_windstorms	neg	-1	0.0
Caste	Wavelets	neg	-1	0.0
Automation	Public_toilets_automation	pos_cybernetics_down	1	1.0
Human_reliability	Community	neg	-1	0.0
Tragedy_of_the_commons	Star_systems	cross_systems_theory_bnd	-1	0.0
Chaotic_maps	Spacecraft_using_halo_orbits	neg	-1	0.0
Earth_system_sciences	Synthetic_biology	pos_systems_scienc_down	-1	0.6
Non-cooperative_games	Variational_analysis	neg	-1	0.0
Systems_theory_books	Organizations_related_to_game_theory	pos_systems_theory_down	-1	0.8
Network_flow_problem	Psychology	neg	-1	0.0
Game_theory	Game_theory_equilibrium_concepts	pos_systems_theory_down	1	1.0
Galaxies	Graph_theory	neg	-1	0.0
Networks	Network_theory	pos_systems_scienc_down	1	1.0
Systems_psychology	European_Free_Trade_Association	neg	-1	0.0
History_of_thermodynamics	Women's_quarters	neg	-1	0.0
Management_systems	Emergency_management_software	pos_operations_res_down	1	0.8
Systems_sciences_awards	Fairness_criteria	neg	-1	0.0
Network_theory	Decomposition_methods	pos_operations_res_down	1	0.8
Feudalism	Presidents_of_the_International_Society_for_the_Systems_Sciences	neg	-1	0.0
Bifurcation_theory	Complex_dynamics	neg	-1	0.0
Library_automation	Door_automation	pos_cybernetics_down	-1	1.0
Evolutionary_game_theory	Thermodynamic_systems	cross_systems_theory_bnd	-1	0.6
Superorganisms	Virtual_world_communities	neg	-1	0.0
Traffic_enforcement_systems	Hungarian_operations_researchers	neg	-1	0.0
Planetary_spots	Tornadoes	neg	-1	0.0
Thermodynamic_models	Tropical_cyclones_by_year	neg	-1	0.0
Complaints_organizations	Inefficiency_in_game_theory	neg	-1	0.0
Non-equilibrium_thermodynamics	Pursuit–evasion	neg	-1	0.0
Branches_of_thermodynamics	Interpersonal_relationships	neg	-1	0.0
Systems_biologists	Public_choice_theory	neg	-1	0.0
Temperature	Thermodynamic_processes	neg	-1	0.0
Control_theory	IEC_60870	neg	-1	0.0
Transport_phenomena	New_England_Complex_Systems_Institute	neg	-1	0.0
Library_automation	Systems_engineering	cross_cybernetics_bnd	-1	0.8
Combinatorial_optimization	Travelling_salesman_problem	pos_operations_res_down	1	0.8
Limit_sets	Natural_language_processing_researchers	neg	-1	0.0
Game_theorists	Fixed_points_(mathematics)	neg	-1	0.0
Chaos_theory	Belief_revision	neg	-1	0.0
Patriarchy	Library_and_information_science	cross_systems_theory_bnd	-1	0.0
Heat_conduction	Queueing_theory	neg	-1	0.0
Operations_research	Military_simulation	pos_operations_res_down	1	0.8
Automation_software	Material_flow	cross_cybernetics_bnd	-1	0.8
Mutualism_(movement)	Operations_research	cross_systems_theory_bnd	-1	0.0
Bankruptcy_theory	Manosphere	neg	-1	0.0
Systems_biology	Severe_weather_and_convection	neg	-1	0.0
Mutualism_(movement)	Social_dynamics	pos_systems_theory_down	-1	0.0
Pattern_formation	Virtualization	neg	-1	0.0
Topological_dynamics	Medical_professional_networks	neg	-1	0.0
Networks	Environmental_social_science	neg	-1	0.0
Vehicular_automation	Refractory_materials	neg	-1	0.0
Chaos_theorists	Mobile_telecommunications_networks	neg	-1	0.0
Tragedy_of_the_commons	Online_video_game_networks	neg	-1	0.0
Operations_research	Operations_research_societies	pos_operations_res_down	1	1.0
History_of_thermodynamics	Declinism	neg	-1	0.0
Emergency_management_software	Civil_law_(legal_system)	neg	-1	0.0
Biomedical_cybernetics	Human_development	neg	-1	0.0
Heat_transfer	Library_and_information_science_software	neg	-1	0.0
Complex_systems_scientists	Material_flow	neg	-1	0.0
Systems_theory	Social_dynamics	pos_systems_theory_down	2	0.2
Action_(physics)	Applied_mathematics_journals	neg	-1	0.0
Military_simulation	Real-time_databases	neg	-1	0.0
Planetary_systems	Books_about_automation	neg	-1	0.0
Fellows_of_the_Institute_for_Operations_Research_and_the_Management_Sciences	Functionalism_(social_theory)	neg	-1	0.0
Network_analysis	De_Rham_curves	neg	-1	0.0
International_road_networks	Oversight_and_watchdog_organizations	neg	-1	0.0
Systems_science	Types_of_communities	neg	-1	0.0
Game_theory	Auction_theory	pos_systems_theory_down	1	0.8
Heat_conduction	Chinese_law	neg	-1	0.0
Network_flow_problem	Business_ethics_organizations	neg	-1	0.0
Poisson_point_processes	Network_software	neg	-1	0.0
Economic_systems	Systems_psychology	pos_systems_theory_down	-1	0.4
Vehicular_automation	Object–relational_mapping	neg	-1	0.0
Artificial_intelligence_researchers	Geodesy	cross_cybernetics_bnd	-1	0.0
Nonlinear_control	Social_media_by_country	neg	-1	0.0
Control_theorists	Decision_analysis	neg	-1	0.0
Lagrangian_mechanics	Tunneling_protocols	neg	-1	0.0
Cybernetics	Cyberneticists	pos_cybernetics_down	1	1.0
Thermodynamicists	Superorganisms	pos_dynamical_syst_down	-1	0.0
Thermodynamic_entropy	Quantum_mechanical_entropy	pos_dynamical_syst_down	1	0.6
Organizations_related_to_game_theory	Filter_theory	neg	-1	0.0
Systems_science	Entropy_and_information	neg	-1	0.0
Presidents_of_the_International_Society_for_the_Systems_Sciences	Operator_theorists	neg	-1	0.0
Pattern_formation	Spiral_galaxies	neg	-1	0.0
Optimal_control	Building_thermal_engineering	neg	-1	0.0
Cybernetics	Formal_epistemology	neg	-1	0.0
Management_systems	Systems_science	neg	-1	0.0
Operations_research_societies	Chinese_law	neg	-1	0.0
Bankruptcy_theory	Packing_problems	neg	-1	0.0
Inventory_optimization	Criminology	neg	-1	0.0
Laws_of_thermodynamics	Version_control_systems	neg	-1	0.0
Automation	Social_media_accounts	neg	-1	0.0
Induction_heating	Mechanical_vibrations	neg	-1	0.0
Social_networks	Probability	neg	-1	0.0
Automata_(mechanical)	Atomic_clocks	cross_cybernetics_bnd	-1	0.4
Community	Random_dynamical_systems	neg	-1	0.0
Game_theory_game_classes	Cryogenics	neg	-1	0.0
Caste	Business_chat_software	neg	-1	0.0
Types_of_cyclone	String_(computer_science)	neg	-1	0.0
History_of_thermodynamics	Nuclear_fusion	neg	-1	0.0
Mutualism_(movement)	Traffic_enforcement_cameras	neg	-1	0.0
Building_thermal_engineering	Control_theorists	neg	-1	0.0
Cyberneticists	Soviet_cyberneticists	pos_cybernetics_down	1	1.0
Public_toilets_automation	Human_homeostasis	pos_cybernetics_down	-1	0.0
Deep_space_networks	Polar-ring_galaxies	neg	-1	0.0
Complex_dynamics	Defunct_social_networking_services	neg	-1	0.0
Family_therapy	Combinatorial_game_theory	pos_systems_theory_down	-1	0.0
Management_systems	Collectives	neg	-1	0.0
Cybernetics	Biomedical_cybernetics	pos_cybernetics_down	1	1.0
Decision-making_software	Genoa_lows	neg	-1	0.0
Broadcasting_stations_and_networks	Oscillation	neg	-1	0.0
Declinism	Social_choice_theory	neg	-1	0.0
Chaos_theory	Control_devices	neg	-1	0.0
Oligarchy	Systems_psychologists	neg	-1	0.0
Sign_systems	Intranet	neg	-1	0.0
Decision-making_software	Document-oriented_databases	neg	-1	0.0
Heat_conduction	Wiki_communities	neg	-1	0.0
Operations_research	Evolution_of_the_biosphere	neg	-1	0.0
Scheduling_(computing)	Job_scheduling	pos_operations_res_down	1	1.0
Laboratory_automation	Analysis_of_collective_decision-making	neg	-1	0.0
Vortices	Queueing_theory	neg	-1	0.0
Quantum_mechanical_entropy	Smart_materials	neg	-1	0.0
Professorships_in_thermodynamics	Robotics_hardware	neg	-1	0.0
Game_theory_equilibrium_concepts	Robotics	cross_systems_theory_bnd	-1	0.2
Electromagnetic_components	Functionalism_(social_theory)	neg	-1	0.0
Thermodynamic_properties	Scheduling_algorithms	neg	-1	0.0
Systems_psychologists	Systems_engineers	cross_systems_theory_bnd	-1	0.8
Social_systems	Canadian_systems_scientists	neg	-1	0.0
Automation	Automated_teller_machines	pos_cybernetics_down	1	1.0
Thermodynamic_entropy	Intranet	neg	-1	0.0
Motion_control	Real-time_web	neg	-1	0.0
Ergodic_theory	Set_index_articles_on_storms	neg	-1	0.0
Biomedical_cybernetics	Systems_scientists	cross_cybernetics_bnd	-1	0.8
Tragedy_of_the_commons	Optimal_decisions	neg	-1	0.0
Content_management_systems	Neural_networks	neg	-1	0.0
Travelling_salesman_problem	Symmetry	neg	-1	0.0
Motion_control	Theoretical_computer_science	neg	-1	0.0
Game_theory	Media_related_to_game_theory	pos_systems_theory_down	1	0.8
Digital_rights_management_systems	Mathematical_tools	neg	-1	0.0
Database_management_systems	Systems_psychology	neg	-1	0.0
Convection	Septinsular_Republic	neg	-1	0.0
Entropy_and_information	Astronomical_dynamical_systems	pos_dynamical_syst_down	-1	0.2
Human_reliability	Differential_operators	neg	-1	0.0
Branches_of_thermodynamics	Robotics_lists	neg	-1	0.0
Impact_of_automation	Industrial_automation	pos_cybernetics_down	-1	1.0
Hamiltonian_mechanics	Variational_analysis	pos_dynamical_syst_down	-1	0.8
Thermodynamic_processes	European_windstorm_seasons	neg	-1	0.0
Bargaining_theory	Inefficiency_in_game_theory	neg	-1	0.0
Non-cooperative_games	Cryogenics	neg	-1	0.0
Transport_phenomena	Computer_systems_engineers	neg	-1	0.0
Planetary_systems	Arithmetic_dynamics	neg	-1	0.0
Artificial_intelligence_researchers	Arithmetic_dynamics	neg	-1	0.0
Alternative_medical_systems	Apportionment_(politics)	neg	-1	0.0
Organizational_cybernetics	Polygamy_by_country	neg	-1	0.0
Scheduling_algorithms	Scale-invariant_systems	neg	-1	0.0
Induction_heating	Numerical_control	neg	-1	0.0
Tropical_cyclones	Inverse_problems	neg	-1	0.0
Mathematical_optimization_in_business	Nutritional_science	neg	-1	0.0
Statistical_mechanics_theorems	Wiki_software	neg	-1	0.0
Queueing_theorists	In-memory_database_management_systems	neg	-1	0.0
Production_planning	Enterprise_resource_planning_terminology	pos_operations_res_down	1	0.8
Cooperative_games	Herbalism	neg	-1	0.0
Electrodynamics	Web_conferencing	neg	-1	0.0
Dynamical_systems	Critical_phenomena	pos_dynamical_syst_down	1	0.8
Game_theorists	Grooveboxes	cross_systems_theory_bnd	-1	0.0
Game_theory	Symbolic_dynamics	neg	-1	0.0
Alternative_medical_systems	Applied_statistics	cross_systems_theory_bnd	-1	0.2
Ideal_gas	Thermodynamic_properties	neg	-1	0.0
Inventory_optimization	Trade	neg	-1	0.0
Systems_theory	Social_sciences_terminology	cross_systems_theory_bnd	-1	0.2
Inefficiency_in_game_theory	Automated_teller_machines	neg	-1	0.0
Rail_transport_networks	Cybersecurity_engineering	neg	-1	0.0
Women_systems_scientists	Social_networks_for_social_change	neg	-1	0.0
Social_systems	Combinatorial_game_theory	neg	-1	0.0
Production_planning	Synchrotron_radiation	neg	-1	0.0
Human_homeostasis	Thyroid_homeostasis	pos_cybernetics_down	1	1.0
Laboratory_automation	Information_theory	cross_cybernetics_bnd	-1	0.2
Philosophy_of_thermal_and_statistical_physics	Economic_ideologies	neg	-1	0.0
Random_dynamical_systems	Government_by_algorithm	neg	-1	0.0
Digital_rights_management_systems	Classical_control_theory	neg	-1	0.0
Control_theorists	Asynchronous_Transfer_Mode	neg	-1	0.0
Network_synthesis	Emergy	neg	-1	0.0
Management_systems	Logic	cross_systems_theory_bnd	-1	0.4
Real-time_technology	Sociological_theories	neg	-1	0.0
Organizations_related_to_game_theory	Leisure_studies	neg	-1	0.0
Resonance	Polygamy_law	neg	-1	0.0
Networks	Thyroid_homeostasis	neg	-1	0.0
Building_thermal_engineering	Random_dynamical_systems	pos_dynamical_syst_down	-1	0.6
Systems_geology	Multiple-criteria_decision_analysis	pos_systems_scienc_down	-1	0.6
Thermodynamics_literature	Associated_states	neg	-1	0.0
Ergodic_theory	Variational_analysis	pos_dynamical_syst_down	-1	0.8
Scheduling_(computing)	I/O_scheduling	pos_operations_res_down	1	1.0
Feedback	Mathematical_finance	neg	-1	0.0
Quantum_mechanical_entropy	Paradoxes_in_utility_theory	neg	-1	0.0
Systems_psychologists	Mathematical_optimization	pos_systems_theory_down	-1	0.8
Game_theory_equilibrium_concepts	Computer_science_suffixes	neg	-1	0.0
Statistical_process_control	Operations_research_awards	pos_operations_res_down	-1	0.2
Thermodynamics_databases	Biocybernetics	neg	-1	0.0
Economic_systems	Mathematical_optimization	pos_systems_theory_down	-1	0.8
Biosimulation	Systems_psychology	pos_systems_scienc_down	-1	0.8
Professorships_in_thermodynamics	Sociology	neg	-1	0.0
Philosophy_of_thermal_and_statistical_physics	European_Free_Trade_Association	neg	-1	0.0
Theorems_in_dynamical_systems	Cyclical_theories	neg	-1	0.0
Systems_ecology	Robotics_journals	neg	-1	0.0
Fair_division	Subfields_of_computer_science	neg	-1	0.0
Systems_science	Systems_geology	pos_systems_scienc_down	2	0.8
Management_systems	Statistical_signal_processing	pos_operations_res_down	-1	0.6
Statistical_signal_processing	Package_management_systems	neg	-1	0.0
Thyroid_homeostasis	Computer_science_suffixes	neg	-1	0.0
Biomedical_cybernetics	Artificial_intelligence_researchers	pos_cybernetics_down	-1	0.6
Network_theory	Operations_researchers	pos_operations_res_down	-1	0.6
Oligarchy	Organizational_cybernetics	neg	-1	0.0
Networks	Positivism	neg	-1	0.0
Dynamical_systems	Quantum_mechanical_entropy	pos_dynamical_syst_down	2	0.4
Game_theory_game_classes	Information_governance	neg	-1	0.0
Social_networks	American_operations_researchers	neg	-1	0.0
Agroforestry_systems	Women_cyberneticists	neg	-1	0.0
Operations_researchers	John_von_Neumann_Theory_Prize_winners	pos_operations_res_down	1	0.2
Earth_system_sciences	Social_media	neg	-1	0.0
Network_scientists	Atomic_clocks	neg	-1	0.0
Decision-making_software	Information_society_and_the_European_Union	neg	-1	0.0
Cyberneticists	American_social_networking_mobile_apps	neg	-1	0.0
Single_queueing_nodes	Resonance	neg	-1	0.0
Impact_of_automation	Chaotic_maps	neg	-1	0.0
Vehicular_automation	Applied_and_interdisciplinary_physics	neg	-1	0.0
Decomposition_methods	Social_science_occupations	neg	-1	0.0
Star_systems	Cold	neg	-1	0.0
Human_reliability	Trade_routes	neg	-1	0.0
Neural_networks	Alumni_associations	neg	-1	0.0
Systems_biologists	Medical_scoring_systems	neg	-1	0.0
Transport_phenomena	Phase_transitions	neg	-1	0.0
Systems_science	Systems_scientists	pos_systems_scienc_down	1	1.0
Mechanism_design	Statistical_field_theories	neg	-1	0.0
Professorships_in_thermodynamics	Geothermal_energy	neg	-1	0.0
Optimal_control	Management_science	neg	-1	0.0
Stability_theory	Polyamory	neg	-1	0.0
Nonlinear_systems	Sign_language	neg	-1	0.0
Scale-invariant_systems	Political-economic_models	neg	-1	0.0
Engineering_thermodynamics	Spiral_galaxies	neg	-1	0.0
Impact_of_automation	Public_toilets_automation	pos_cybernetics_down	-1	0.8
Automation_organizations	Game_theorists	neg	-1	0.0
Automation_organizations	Operator_theory	pos_cybernetics_down	-1	0.4
Electromagnetic_radiation	Protogalaxies	neg	-1	0.0
Action_(physics)	Types_of_communities	neg	-1	0.0
Planetary_spots	Complex_dynamics	pos_dynamical_syst_down	-1	0.0
Decision-making_software	Drum_machines	neg	-1	0.0
Automation_organizations	Filter_theory	cross_cybernetics_bnd	-1	0.4
Engineering_statistics	Process_theory	pos_systems_scienc_down	-1	0.8
Thermodynamic_processes	Tornadogenesis	neg	-1	0.0
Entropy_and_information	Recreational_mathematics	neg	-1	0.0
Entropy_and_information	Network_synthesis	neg	-1	0.0
Caste	Digital_rights_management_for_macOS	neg	-1	0.0
Library_automation	Control_engineering	cross_cybernetics_bnd	-1	0.8
Bargaining_theory	Public–private_partnership	neg	-1	0.0
Classical_control_theory	Technology	neg	-1	0.0
Social_systems_concepts	Community_organizing	neg	-1	0.0
Thermodynamic_processes	History_of_thermodynamics	pos_dynamical_syst_down	-1	0.8
Automation_software	Mathematical_psychology	neg	-1	0.0
Non-cooperative_games	Technology_assessment	cross_systems_theory_bnd	-1	0.2
Laws_of_thermodynamics	Database_caching	neg	-1	0.0
Control_theorists	Operations_research_awards	pos_systems_scienc_down	-1	0.4
Scheduling_algorithms	Computer_systems_engineers	neg	-1	0.0
Systems_science_education	Blogospheres	neg	-1	0.0
Systems_theory	Game_theorists	pos_systems_theory_down	2	0.8
I/O_scheduling	Algorithmic_art	neg	-1	0.0
Theorems_in_dynamical_systems	State_functions	neg	-1	0.0
Production_planning	Database_management_systems	pos_operations_res_down	-1	0.6
Operator_theory	Planetary_spots	neg	-1	0.0
Mathematical_optimization	European_Free_Trade_Association	neg	-1	0.0
Patriarchy	Biological_globalization	neg	-1	0.0
Mathematical_and_theoretical_biology	Economic_sociology	neg	-1	0.0
Queueing_theorists	Operations_research_societies	pos_operations_res_down	-1	0.8
Systems_theory	Applied_genetics	neg	-1	0.0
Symbolic_dynamics	Power_of_attorney	neg	-1	0.0
Game_theory_equilibrium_concepts	AI_legal_scholars	neg	-1	0.0
Systems_theory	Theoretical_ecology	neg	-1	0.0
Legal_systems	Thermodynamic_equations	neg	-1	0.0
Complex_systems_scientists	Thermodynamic_entropy	neg	-1	0.0
Ecological_connectivity	Electromagnetic_compatibility	neg	-1	0.0
Complex_systems_theory	Community_radio	neg	-1	0.0
Planetary_spots	Gravitational_lensing	neg	-1	0.0
Systems_theory	Evolutionary_game_theory	pos_systems_theory_down	2	1.0
Lean_manufacturing	Social_networking_mobile_apps	neg	-1	0.0
Systems_science_education	Causal_fallacies	neg	-1	0.0
Earth_system_sciences	Irregular_galaxies	neg	-1	0.0
Deep_space_networks	Interpersonal_relationships	neg	-1	0.0
Vortices	Astronomical_dynamical_systems	pos_dynamical_syst_down	-1	0.2
Quantum_mechanical_entropy	Politics	neg	-1	0.0
Cellular_automata	Social_science_methodology	neg	-1	0.0
Whirlpools	Algorithmic_art	neg	-1	0.0
Computer_networks_engineering	Social_sciences_organizations	neg	-1	0.0
Enterprise_resource_planning_terminology	Probability_distributions	neg	-1	0.0
Motion_control	Vortices	cross_cybernetics_bnd	-1	0.4
Neural_networks	Conflict_of_interest	neg	-1	0.0
Control_theorists	Bach_flower_remedies	neg	-1	0.0
Oligarchy	Systems_science	neg	-1	0.0
Cyberneticists	Refractory_materials	neg	-1	0.0
Biomedical_cybernetics	Computational_neuroscience	pos_cybernetics_down	1	0.6
Topological_games	Spatial_database_management_systems	neg	-1	0.0
Systems_geology	Computational_astronomy	neg	-1	0.0
Systems_psychology	Family_therapy	pos_systems_theory_down	1	0.8
Systems_science_education	Polyandry	neg	-1	0.0
Biocybernetics	Subculture_theory	neg	-1	0.0
Thermodynamic_equations	Atmospheric_thermodynamics	neg	-1	0.0
Tornado	Information_society_and_the_European_Union	neg	-1	0.0
Electromagnetic_components	Political_systems	neg	-1	0.0
Induction_heating	Mathematics_of_music	neg	-1	0.0
Statistical_mechanics_theorems	Self-organization	pos_dynamical_syst_down	-1	0.8
Random_number_generation	Motion_(physics)	neg	-1	0.0
Network_theory	Communities	neg	-1	0.0
Industrial_automation	Microfinance	neg	-1	0.0
Network_theory	Neural_networks	pos_operations_res_down	-1	0.6
Women_cyberneticists	Learning_management_systems	neg	-1	0.0
Biomedical_cybernetics	Biocybernetics	pos_cybernetics_down	1	1.0
Systems_theory	Social_systems_concepts	pos_systems_theory_down	2	0.8
Optimal_control	Dwarf_galaxies	neg	-1	0.0
Control_loop_theory	Planetary_spots	neg	-1	0.0
Cellular_automata	Control_engineering	neg	-1	0.0
Dynamical_systems	Astronomical_dynamical_systems	pos_dynamical_syst_down	1	0.4
Motion_control	Industrial_software	neg	-1	0.0
Customer_relationship_management_software	Computational_electromagnetics	neg	-1	0.0
Systems_theory	Polygamy	pos_systems_theory_down	2	0.0
Control_loop_theory	Online_video_game_networks	neg	-1	0.0
Heat_transfer	Heat_conduction	pos_dynamical_syst_down	1	1.0
Branches_of_thermodynamics	Convection	pos_dynamical_syst_down	3	1.0
Operations_research	Relationship_counseling	neg	-1	0.0
Fixed-point_theorems	Risk_analysis	neg	-1	0.0
Organizational_cybernetics	Vending_machines	neg	-1	0.0
Ecological_connectivity	Collaborative_software_for_Linux	neg	-1	0.0
Travelling_salesman_problem	Motion_control	neg	-1	0.0
Systems_science	Systems_psychologists	pos_systems_scienc_down	3	1.0
Fair_division	Applied_geometry	neg	-1	0.0
Systems_theory	Physical_systems	cross_systems_theory_bnd	-1	1.0
Systems_sciences_organizations	Fellows_of_the_International_Federation_of_Automatic_Control	neg	-1	0.0
Fair_division	Radiation	neg	-1	0.0
Systems_psychology	Wildlife_crossings	neg	-1	0.0
Systems_sciences_organizations	Lenticular_galaxies	neg	-1	0.0
Bargaining_theory	Time-tracking_software	neg	-1	0.0
Computer_networks	Political_science	neg	-1	0.0
Systems_psychology	Homeopathy	neg	-1	0.0
European_windstorms	Renormalization_group	neg	-1	0.0
Optimal_control	Modern_studies	neg	-1	0.0
Automation	Impact_of_automation	pos_cybernetics_down	1	1.0
Professorships_in_thermodynamics	Types_of_cyclone	neg	-1	0.0
Industrial_automation	Combinatorics	neg	-1	0.0
Women_systems_scientists	Linear_operators	neg	-1	0.0
Cyberneticists	Advanced_driver_assistance_systems	neg	-1	0.0
Social_systems_concepts	Fair_division_researchers	neg	-1	0.0
Vortices	Social_bookmarking	neg	-1	0.0
Game_theory_equilibrium_concepts	Mathematics_of_general_relativity	cross_systems_theory_bnd	-1	0.0
Computer_networks_engineering	International_broadcasters	neg	-1	0.0
Game_theory_game_classes	Object-oriented_database_management_systems	neg	-1	0.0
Robotics	French_systems_scientists	neg	-1	0.0
Biocybernetics	Soviet_cyberneticists	pos_cybernetics_down	-1	1.0
Real-time_technology	Paradoxes_in_utility_theory	neg	-1	0.0
Entropy	Impact_of_automation	neg	-1	0.0
Automation_in_construction	Dictatorship	neg	-1	0.0
Star_systems	Computational_anatomy	neg	-1	0.0
Cybernetics	Electromagnetic_components	neg	-1	0.0
Systems_analysis	Computational_mathematics	cross_systems_theory_bnd	-1	0.6
Dynamical_systems	Limit_sets	pos_dynamical_syst_down	2	1.0
Cybernetics	Women_cyberneticists	pos_cybernetics_down	2	1.0
Complaints_organizations	Political_systems	pos_systems_theory_down	-1	0.0
Filter_theory	Mathematical_optimization_journals	neg	-1	0.0
Organizational_cybernetics	Food_chains	neg	-1	0.0
Rail_transport_networks	Neural_networks	neg	-1	0.0
Automation_organizations	Artificial_neural_networks	neg	-1	0.0
Game_theorists	Peer-to-peer_charities	neg	-1	0.0
Chaos_theorists	Career_advice_services	neg	-1	0.0
Deep_space_networks	Peace_and_conflict_studies	neg	-1	0.0
Engineering_statistics	Logic_programming_researchers	neg	-1	0.0
Model_checkers	Resonance_with_Jupiter	neg	-1	0.0
Artificial_intelligence_researchers	Mathematical_and_theoretical_biology	pos_systems_scienc_down	-1	0.6
Human_reliability	Yachting_associations	neg	-1	0.0
Game_theory	Cooperative_games	pos_systems_theory_down	1	1.0
Filter_theory	Expected_utility	neg	-1	0.0
Phase_transitions	Food_chains	neg	-1	0.0
Industrial_computing	Confederations	neg	-1	0.0
Network_flow_problem	Merged_fictional_characters	neg	-1	0.0
Combinatorial_optimization	Optimal_scheduling	pos_operations_res_down	1	1.0
Critical_phenomena	Community_awards	neg	-1	0.0
Systems_theory	Complaints_organizations	pos_systems_theory_down	-1	0.0
Industrial_automation	Group_decision-making	neg	-1	0.0
Alternative_medical_systems	Relational_database_management_systems	neg	-1	0.0
Social_dynamics	Auction_theory	pos_systems_theory_down	-1	0.8
Game_theory_game_classes	Systems	neg	-1	0.0
Online_advertising_services_and_affiliate_networks	Works_about_economic_systems	neg	-1	0.0
Strategy_(game_theory)	Solved_games	neg	-1	0.0
Induction_heating	Boston_Brahmins	neg	-1	0.0
Computational_neuroscience	Single_queueing_nodes	neg	-1	0.0
Library_automation	Building_automation	pos_cybernetics_down	-1	0.8
Computer_networks_engineering	Building_thermal_engineering	neg	-1	0.0
Mechanism_design	Stability_theory	cross_systems_theory_bnd	-1	0.8
Political_systems	Mechanical_power_control	neg	-1	0.0
History_of_thermodynamics	Military_science	neg	-1	0.0
Heat_conduction	Hypothetical_galaxies	neg	-1	0.0
Computer_networks	Computer_networks_engineering	pos_operations_res_down	1	1.0
Family_therapy	Differential_topology	neg	-1	0.0
Works_about_automation	Mathematical_tools	cross_cybernetics_bnd	-1	0.4
Systems_science	Organizational_cybernetics	pos_systems_scienc_down	2	1.0
Transfer_functions	Co-orbital_objects	neg	-1	0.0
Theorems_in_dynamical_systems	Statistical_mechanics_theorems	pos_dynamical_syst_down	1	0.8
Industrial_computing	Laboratory_robots	neg	-1	0.0
Polygamy	Traditional_medicine	neg	-1	0.0
Industrial_computing	Geometry	neg	-1	0.0
Phenomics	Computer_systems_engineers	neg	-1	0.0
Cybernetics	Automation	pos_cybernetics_down	1	1.0
Operations_research	Systems_biologists	pos_systems_scienc_down	-1	0.6
Community	General_equilibrium_theory	neg	-1	0.0
Ideal_gas	Weird_Twitter	neg	-1	0.0
Electrodynamics	Ecological_processes	neg	-1	0.0
Legal_systems	Social_sciences_terminology	cross_systems_theory_bnd	-1	0.0
Game_theory_game_classes	Merged_fictional_characters	neg	-1	0.0
Operations_research_awards	Random_number_generation	neg	-1	0.0
Automation_organizations	Internet_subcultures	neg	-1	0.0
Determinacy	Virtual_communities	neg	-1	0.0
Agroforestry_systems	Social_sciences_by_country	neg	-1	0.0
Learning_management_systems	Social_research	neg	-1	0.0
Building_automation	Social_ideologies	cross_cybernetics_bnd	-1	0.0
Critical_phenomena	Human_geography	neg	-1	0.0
Game_artificial_intelligence	Biomechanics	cross_systems_theory_bnd	-1	0.2
Patriarchy	Overlapping_galaxies	neg	-1	0.0
Single_queueing_nodes	American_systems_scientists	neg	-1	0.0
Game_theory_game_classes	Computer_science_education	neg	-1	0.0
Topological_games	Monarchy	neg	-1	0.0
Laboratory_automation	Political_science	cross_cybernetics_bnd	-1	0.0
Broadcasting_stations_and_networks	Database-related_software_for_Linux	neg	-1	0.0
Biological_processes	Philosophy_of_thermal_and_statistical_physics	neg	-1	0.0
Topological_games	Logic	cross_systems_theory_bnd	-1	0.6
Systems_psychologists	Comparative_economic_systems	neg	-1	0.0
Cybernetics	Thyroid_homeostasis	pos_cybernetics_down	2	0.4
Polygamy	Medical_scoring_systems	neg	-1	0.0
Fair_division	Organizational_cybernetics	cross_systems_theory_bnd	-1	0.8
Door_automation	Orthogonal_wavelets	neg	-1	0.0
Networks	Deep_space_networks	pos_operations_res_down	1	0.8
Random_dynamical_systems	Light_sources	neg	-1	0.0
Stability_theory	Web_conferencing	neg	-1	0.0
Dynamical_systems	Symbolic_dynamics	pos_dynamical_syst_down	1	1.0
Electrodynamics	Women_systems_engineers	neg	-1	0.0
Evolutionary_game_theory	Feudalism	cross_systems_theory_bnd	-1	0.0
Operations_research_awards	Hospitality_exchange_services	neg	-1	0.0
Systems_science	Systems_sciences_organizations	pos_systems_scienc_down	1	1.0
Vortices	Anticyclones	pos_dynamical_syst_down	1	0.8
Door_automation	Ideal_gas	neg	-1	0.0
Systems_sciences_organizations	Systems_science_institutes	pos_systems_scienc_down	1	1.0
Systems_ecologists	Control_theorists	pos_systems_scienc_down	-1	0.8
Single_queueing_nodes	Antennas	neg	-1	0.0
Chaos_theorists	Convex_optimization	neg	-1	0.0
Cybernetics	Computational_neuroscience	pos_cybernetics_down	2	0.6
Biosimulation	Numerical_control	neg	-1	0.0
IEC_60870	Prospect_theory	cross_cybernetics_bnd	-1	0.0
Random_number_generation	Belief_revision	neg	-1	0.0
Community	Patriarchy	pos_systems_theory_down	-1	0.0
Social_systems_concepts	Light	neg	-1	0.0
Quantum_mechanical_entropy	Algorithmic_art	neg	-1	0.0
Scale-invariant_systems	IRC_networks	neg	-1	0.0
Computer_networks	Biological_globalization	neg	-1	0.0
Topological_games	Computational_fluid_dynamics	neg	-1	0.0
Light	Alumni_associations	neg	-1	0.0
Hamiltonian_mechanics	Government_by_algorithm	neg	-1	0.0
Systems_science_societies	Complexity_economics	neg	-1	0.0
Automata_(mechanical)	Safety_analysis	neg	-1	0.0
Queueing_theory	Single_queueing_nodes	pos_operations_res_down	1	1.0
Electrical_grid	Linear_operators	neg	-1	0.0
Electrodynamics	Artificial_neural_networks	neg	-1	0.0
Heat_transfer	Variational_analysis	pos_dynamical_syst_down	-1	0.6
Hamiltonian_mechanics	Consumer_theory	neg	-1	0.0
Evolutionary_game_theory	Multi-star_planetary_systems	cross_systems_theory_bnd	-1	0.0
Model_checkers	Artificial_intelligence_researchers	pos_systems_scienc_down	-1	0.6
Poisson_point_processes	Fixed-point_theorems	neg	-1	0.0
Oligarchy	Wiki_communities	neg	-1	0.0
Decomposition_methods	Computational_social_science	neg	-1	0.0
Theorems_in_dynamical_systems	Operator_theory	neg	-1	0.0
Systems_science	Operations_research	pos_systems_scienc_down	1	0.8
Phase_transitions	Applied_mathematics_journals	neg	-1	0.0
Systems_biologists	Abstract_management_software	neg	-1	0.0
Family_therapy	Economic_sociology	neg	-1	0.0
Thermodynamics	Gauge_theories	neg	-1	0.0
Statistical_mechanics_theorems	Smart_cities	neg	-1	0.0
Queueing_theory	Chemical_thermodynamics	neg	-1	0.0
Thermodynamic_models	Computational_biology	neg	-1	0.0
Building_thermal_engineering	Hebbian_theory	neg	-1	0.0
Bargaining_theory	Habitats	neg	-1	0.0
Social_systems	Management_systems	pos_systems_theory_down	1	0.8
Building_automation	Biomechanics	neg	-1	0.0
Thermodynamics_literature	Control_theory_journals	neg	-1	0.0
Ergodic_theory	Tropical_cyclone_seasons	neg	-1	0.0
Learning_management_systems	Scale-invariant_systems	neg	-1	0.0
Library_automation	Ring_galaxies	neg	-1	0.0
Temperature	Rail_transport_mobile_telecommunications_networks	neg	-1	0.0
Social_systems	Alternative_medical_systems	pos_systems_theory_down	1	0.2
Pattern_formation	Mechanical_quantities	neg	-1	0.0
Self-organization	Partially_solved_games	neg	-1	0.0
Supply_networks	Publication_management_software	neg	-1	0.0
Dynamical_systems	Ergodic_theory	pos_dynamical_syst_down	1	1.0
Phase_transitions	Dimensionless_numbers_of_thermodynamics	neg	-1	0.0
Game_theorists	Foundations_of_mathematics	neg	-1	0.0
Biomedical_cybernetics	Thyroid_homeostasis	pos_cybernetics_down	2	0.6
Oligarchy	Industrial_robotics	neg	-1	0.0
Mutualism_(movement)	Management_systems	cross_systems_theory_bnd	-1	0.0
European_windstorms	Planetary_systems	neg	-1	0.0
Real-time_technology	Smart_grid	neg	-1	0.0
Stochastic_control	Probability_distributions	neg	-1	0.0
Human_reliability	Archaeology	neg	-1	0.0
Systems_biology	Mathematical_chemistry	neg	-1	0.0
Systems_theory	Organizations_related_to_game_theory	pos_systems_theory_down	2	1.0
Systems_engineers	Galaxy_images	neg	-1	0.0
Network_synthesis	Synchronous_programming_languages	neg	-1	0.0
Tropical_cyclones	Demand_response	neg	-1	0.0
Computational_neuroscience	Alumni_associations	neg	-1	0.0
Fixed-point_theorems	Robotics_software	neg	-1	0.0
Astronomical_dynamical_systems	European_Free_Trade_Association	neg	-1	0.0
Mechanism_design	Random_variable_ordering	neg	-1	0.0
Pattern_formation	Decision-making	neg	-1	0.0
Professorships_in_thermodynamics	Electromagnetic_radiation_meters	neg	-1	0.0
Management_systems	Formal_systems	cross_systems_theory_bnd	-1	0.8
Hysteresis	Dempster–Shafer_theory	neg	-1	0.0
Ideal_gas	Independence_(probability_theory)	neg	-1	0.0
Transport_phenomena	Political-economic_models	neg	-1	0.0
Automation_software	Complex_dynamics	cross_cybernetics_bnd	-1	0.4
Earth_system_sciences	Xbox_network	neg	-1	0.0
Complex_systems_scientists	Thermoregulation	neg	-1	0.0
Operations_research	Operations_research_awards	pos_operations_res_down	1	0.8
Traffic_enforcement_systems	Complex_systems_scientists	neg	-1	0.0
Dynamical_systems	Chaotic_maps	pos_dynamical_syst_down	1	1.0
Artificial_intelligence_researchers	Automation	pos_cybernetics_down	-1	0.8
Mathematical_optimization	Modern_studies	neg	-1	0.0
Systems_analysis	Spatial_gradient	neg	-1	0.0
Thermodynamics_databases	Experimental_mathematics	neg	-1	0.0
Bankruptcy_theory	Account_aggregation_providers	neg	-1	0.0
Industrial_computing	Planetary_spots	neg	-1	0.0
Aircraft_automation	Real-time_technology	cross_cybernetics_bnd	-1	0.8
Automation_organizations	Systems_theory_books	neg	-1	0.0
Project_management_software	Broadcasting_stations_and_networks	neg	-1	0.0
Hamiltonian_mechanics	Subtropical_cyclones	neg	-1	0.0
Fixed_points_(mathematics)	Demand_response	neg	-1	0.0
Temperature	Osteopathy	neg	-1	0.0
Electromagnetic_components	Records_management	neg	-1	0.0
Organizations_related_to_game_theory	Anarchist_theory	neg	-1	0.0
Determinacy	Co-orbital_objects	cross_systems_theory_bnd	-1	0.0
Symbolic_dynamics	Computational_physics	neg	-1	0.0
Action_(physics)	Laboratory_robots	neg	-1	0.0
Building_thermal_engineering	Satellite_tornadoes	neg	-1	0.0
Complaints_organizations	PlayStation_Network	neg	-1	0.0
Thermodynamic_systems	Political_charters	neg	-1	0.0
Cyberneticists	Satellites_orbiting_Lagrange_points	neg	-1	0.0
Learning_management_systems	Garage_door_openers	neg	-1	0.0
Door_automation	Game_theory_equilibrium_concepts	neg	-1	0.0
Statistical_process_control	Neurotechnology	neg	-1	0.0
Quantum_mechanical_entropy	Satellite_tornadoes	neg	-1	0.0
Biocybernetics	Social_scientists	neg	-1	0.0
Operations_research	Poisson_point_processes	pos_operations_res_down	2	0.8
Systems_psychologists	Mathematical_Optimization_Society	neg	-1	0.0
Whirlpools	Cellular_automaton_rules	neg	-1	0.0
Mathematical_optimization_in_business	Operations_research_awards	pos_operations_res_down	-1	0.6
Automation	Library_automation	pos_cybernetics_down	1	1.0
Strategy_(game_theory)	Information_economy	neg	-1	0.0
Dynamical_systems	Random_dynamical_systems	pos_dynamical_syst_down	1	1.0
Hysteresis	Computer_Go	neg	-1	0.0
Chaos_theorists	Works_about_economic_systems	neg	-1	0.0
Cybernetics	Soviet_cyberneticists	pos_cybernetics_down	2	1.0
Temperature	Mechanical_vibrations	neg	-1	0.0
Artificial_intelligence_researchers	Mechanical_hand_tools	neg	-1	0.0
Feedback	Database-related_software_for_Linux	neg	-1	0.0
Game_theory_equilibrium_concepts	Galaxies	cross_systems_theory_bnd	-1	0.0
Thermodynamicists	Building_thermal_engineering	neg	-1	0.0
Social_dynamics	Resonance	neg	-1	0.0
Decomposition_methods	Community_organizing	neg	-1	0.0
Systems_science_societies	Operations_research_societies	pos_systems_scienc_down	1	0.8
Vending_machines	Spinors	neg	-1	0.0
Biological_systems	Game_theory	pos_systems_scienc_down	-1	0.4
Systems_science_institutes	Key-value_databases	neg	-1	0.0
Traffic_enforcement_systems	Model_checkers	neg	-1	0.0
Operations_research	Queueing_theory	pos_operations_res_down	1	1.0
Random_dynamical_systems	Self-reflexive_works	neg	-1	0.0
Mechanism_design	Civil_law_legal_systems	neg	-1	0.0
Laboratory_automation	Industrial_software	neg	-1	0.0
Game_theory	Robotics_software	neg	-1	0.0
Dynamical_systems	Chaos_theory	pos_dynamical_syst_down	2	1.0
Ecological_connectivity	Polyandry	neg	-1	0.0
Types_of_cyclone	Self-replicating_machines	neg	-1	0.0
Mathematical_optimization_in_business	Single_queueing_nodes	pos_operations_res_down	-1	0.6
Soviet_cyberneticists	Health_care_robotics	cross_cybernetics_bnd	-1	0.8
Planetary_spots	Wikis	neg	-1	0.0
Ideal_gas	Light_sources	neg	-1	0.0
Entropy	Artificial_intelligence	neg	-1	0.0
Computer_networks_engineering	Criminology	neg	-1	0.0
Mechanism_design	Set_index_articles_on_storms	neg	-1	0.0
Topological_dynamics	Probabilistic_models	neg	-1	0.0
Control_loop_theory	Microfinance	neg	-1	0.0
Database_management_systems	Gravitational_lensing	neg	-1	0.0
Branches_of_thermodynamics	Multiple_stars	neg	-1	0.0
