# Scored pairwise μ(a,b) training labels (sampler output, gen_mu_pairs.py --seeds Physics).
# columns: name_a<TAB>name_b<TAB>stratum<TAB>walk_len<TAB>mu
# pos = hub-down-weighted RWR mesh pair, Haiku-scored (graded sameness/relatedness, 0..1).
# neg = domain-node × uniform-random noise, μ=0 by construction (SGNS negatives — not LLM-scored).
# 200 positives scored 2026-06-20; 1000 negatives free. Seed=1, neg-ratio 5:1.
Euthenics	2022_movies	neg	-1	0.0
Biological_reproduction	Manufacturing_companies_of_Germany	neg	-1	0.0
Births_by_millennium	Dutch_people	neg	-1	0.0
Geology	Movies_by_country_of_setting	neg	-1	0.0
History_of_India_by_period	Births_by_century	neg	-1	0.0
Physics	Matter	pos	1	0.9
Natural_sciences	Armenian_people	neg	-1	0.0
Fire	People's_Republic_of_China	neg	-1	0.0
Airports_in_Asia	Luton	neg	-1	0.0
Mathematics	Bodies_of_water_by_continent	neg	-1	0.0
Health_in_the_United_States	Deaths_by_cause_and_country	pos	6	0.8
American_food_companies	Government_of_Poland	neg	-1	0.0
Animal_enclosures	20th-century_establishments_in_Africa	neg	-1	0.0
Science_and_technology_magazines	1907_establishments_by_country	neg	-1	0.0
Noble_gas_compounds	Composers	neg	-1	0.0
Airports_by_country	History_by_continent	neg	-1	0.0
Disasters_by_continent	Cities_in_Norway	neg	-1	0.0
Rebellions	Philippine_television_series_debuts_by_decade	neg	-1	0.0
Electromagnetism	1980s_in_television	neg	-1	0.0
Scientific_classification	Canadian_sportspeople_by_sport	neg	-1	0.0
Human_life_stages	History_of_the_Middle_East_by_country	neg	-1	0.0
Epistemology	Geography_of_the_United_Kingdom	neg	-1	0.0
Society	Justice	pos	3	0.6
Physical_objects	People_by_religion	neg	-1	0.0
Society	Oceanian_poets	neg	-1	0.0
Americas	Years_of_the_21st_century	neg	-1	0.0
Suicides	1964_by_continent	neg	-1	0.0
Time_travel	Heart_disease	neg	-1	0.0
Management	Centuries_in_North_America	neg	-1	0.0
Towns	Parody_television_shows	neg	-1	0.0
Political_corruption	People_convicted_of_drug_offenses	neg	-1	0.0
Building_and_structure_fires	History_of_India_by_period	pos	8	0.0
Healthy_lifestyle	1969_comedy_movies	neg	-1	0.0
Food_and_drink	Problem_solving_methods	pos	7	0.0
Waste_management	Republics	neg	-1	0.0
Cognition	American_reality_television_series_by_decade	neg	-1	0.0
Noble_gases	Sega	neg	-1	0.0
South_Asian_countries	Tamils	pos	3	0.7
Categories_by_field	Arsenic	neg	-1	0.0
Society	Social_sciences	pos	1	0.85
Optics	South_African_lawyers	neg	-1	0.0
Social_sciences_terminology	Costa_Rican_footballers	neg	-1	0.0
Intellectual_works	Drama_movies_by_genre	neg	-1	0.0
Buildings_and_structures_in_Sweden	Regions_of_Canada	neg	-1	0.0
Piracy	American_movies_by_genre	neg	-1	0.0
Cold	Compositions_by_Stephen_Foster	neg	-1	0.0
Healthy_lifestyle	Ideologies	neg	-1	0.0
Temperature	Water	pos	3	0.3
Astronomical_objects	1990s_television_series_by_genre	neg	-1	0.0
Energy	Asian_entertainers	neg	-1	0.0
United_States	Culture_by_continent	neg	-1	0.0
Supercontinents	2010s_in_British_television	neg	-1	0.0
Tamils	Arts_by_period	neg	-1	0.0
Partial_differential_equations	2nd_millennium_in_California	neg	-1	0.0
Racism	1280	neg	-1	0.0
Politics	Video_game_consoles_by_company	neg	-1	0.0
Transport_in_Asia_by_country	New_England	neg	-1	0.0
Perception	Football_clubs_by_continent	neg	-1	0.0
Scientists_by_nationality_by_field	Economists_by_nationality	pos	1	0.75
Popularity	Disestablishments_in_Canada_by_year	neg	-1	0.0
Subfields_by_academic_discipline	1530s	neg	-1	0.0
Airports_in_Europe_by_country	Transport_infrastructure_by_country	pos	2	0.75
Applied_sciences	Mass_media_by_continent	neg	-1	0.0
Buildings_and_structures_in_North_America_by_type	Modern_history_by_continent	neg	-1	0.0
Evaluation	Decision-making	pos	1	0.7
Ice_sports	Ice	pos	1	0.5
Health_in_the_United_States	Municipalities_of_Uusimaa	neg	-1	0.0
Waves	2000s_cooking_television_series	neg	-1	0.0
Disability	Terrorist_attacks_in_the_United_States	neg	-1	0.0
Physicists	Hungarian_physicists	pos	2	0.9
Intellectual_works	Works_by_language	pos	2	0.6
Airports_in_Asia_by_country	Bases	neg	-1	0.0
Conflicts	1975_establishments_by_continent	neg	-1	0.0
Categories_by_field	1896_Summer_Olympics	neg	-1	0.0
Concepts	1930s_establishments_by_continent	neg	-1	0.0
Attacks_on_buildings_and_structures_by_continent	Criminals_from_London	neg	-1	0.0
Concepts_by_field	1948_drama_movies	neg	-1	0.0
Humans	Dutch_people	neg	-1	0.0
Sri_Lankan_people	Cities_in_Kansas	neg	-1	0.0
Physics	Alternative_propulsion	pos	3	0.6
Philosophers	Religious_philosophy	pos	5	0.7
Rebellions_by_type	Finnish_people_by_location	neg	-1	0.0
Human_life_stages	Categories_named_after_people	neg	-1	0.0
Sociology	Decades_in_the_United_States_by_state	neg	-1	0.0
Engineering_disciplines	Subfields_by_academic_discipline	pos	1	0.8
Fitness	British_people_by_occupation	neg	-1	0.0
Categories_by_field	Rulers_by_continent	neg	-1	0.0
Sports_by_type	British_comedians	neg	-1	0.0
Snooker_tournaments	Establishments_in_North_America_by_decade	neg	-1	0.0
Physicists_by_nationality	2010s_elections	neg	-1	0.0
Civil_wars_involving_Asia	Civil_wars	pos	2	0.9
Magazines_by_type	Murder-suicides	neg	-1	0.0
Cancer_deaths_in_Connecticut	Islam_by_country	neg	-1	0.0
Physics	Temperature	pos	2	0.7
Healthcare	Rutgers_University	neg	-1	0.0
Critical_thinking	Cantatas_by_Johann_Sebastian_Bach	neg	-1	0.0
Name_reactions	Building_and_structure_fires	pos	4	0.05
Asia	Melanesia	neg	-1	0.0
Explosions_by_country	Towns_in_Greater_Manchester	neg	-1	0.0
Births_by_time	Corruption	neg	-1	0.0
Mythology	Turkey	neg	-1	0.0
Physics	Subfields_of_physics	pos	1	0.95
Metaphysics	Football_in_Dundee	neg	-1	0.0
Lists_of_Shikinaisha_by_location	2017	neg	-1	0.0
Injustice	Establishments_in_Japan_by_millennium	neg	-1	0.0
Buildings_and_structures_in_Australia	Botany	neg	-1	0.0
Ethics	Franklin_County,_Washington	neg	-1	0.0
Peace	1890_in_North_America	neg	-1	0.0
Airports	1760s_in_the_British_Empire	neg	-1	0.0
Geologists	Burial_monuments_and_structures	neg	-1	0.0
Climate	Buenos_Aires_Province	neg	-1	0.0
Food_and_drink	History_of_Nicaragua	neg	-1	0.0
American_food_companies	Food_companies_by_country	pos	1	0.8
Birth	Buildings_and_structures_in_Sweden	neg	-1	0.0
Discrimination	2014_British_animation	neg	-1	0.0
Evaluation	2020s_in_Ghana	neg	-1	0.0
Health	Dutch_sportspeople	neg	-1	0.0
Philosophers	2012_in_entertainment	neg	-1	0.0
Explosions_by_decade	2000s_murders_in_the_United_States	neg	-1	0.0
Towns_by_continent	Commonwealth_dependent_states	neg	-1	0.0
Oscillation	2020s_in_Europe_by_country	neg	-1	0.0
Abstraction	Centuries_in_Oceania	neg	-1	0.0
Airports_in_Europe_by_country	Shops	neg	-1	0.0
Thermodynamics	British_people	neg	-1	0.0
Animal_enclosures	1920s_establishments	neg	-1	0.0
Calculus	Countries_at_the_FIFA_World_Cup	neg	-1	0.0
Events	Civil_wars	neg	-1	0.0
Civil_wars_involving_Asia	21st-century_establishments_in_South_Korea	neg	-1	0.0
Physicists	Publishers	neg	-1	0.0
Nature	1948_establishments_in_North_America	neg	-1	0.0
Racism	Discrimination	pos	8	0.8
Musical_equipment	1890s_in_Africa	neg	-1	0.0
Sweden	Albums_by_artist	neg	-1	0.0
Buildings_and_structures_in_Europe_by_type	Resistance_to_the_British_Empire	neg	-1	0.0
Academia	United_States_geography-related_lists	neg	-1	0.0
Creativity	Greek_people	neg	-1	0.0
Documents	Cities_in_Japan_by_prefecture	neg	-1	0.0
Differential_equations	1910s_establishments_in_Asia	neg	-1	0.0
Popular_culture	Zoology	neg	-1	0.0
Villages_by_continent	Perception	neg	-1	0.0
Metaphysics	16th_century_in_India	neg	-1	0.0
Jurists	Religious_objects	neg	-1	0.0
India	Economy_of_Germany	neg	-1	0.0
Criminal_justice	Terrorist_attacks	neg	-1	0.0
Physical_quantity	Comparisons	pos	4	0.4
Civil_wars	South_Korean_stage_actors	neg	-1	0.0
Physics	Physicists	pos	1	0.8
Society	1550s	neg	-1	0.0
Political_corruption	1650s_establishments_in_Europe	neg	-1	0.0
Society	Science_in_society	pos	1	0.65
Branches_of_science	Applied_sciences	pos	1	0.85
Astronomical_objects	Settlements_in_the_United_States_by_state	neg	-1	0.0
Metaphysics	Crime_thriller_movies_by_decade	neg	-1	0.0
Science	Scientific_classification	pos	1	0.75
Conceptual_distinctions	Movie_industry	neg	-1	0.0
Types_of_crime	19th-century_poets	neg	-1	0.0
Chemical_reactions	12th_century_by_continent	neg	-1	0.0
Health	Foods	pos	3	0.4
Ethics	2nd-millennium_events	neg	-1	0.0
Transport_in_Asia	Footballers_in_Japan_by_club	neg	-1	0.0
Leadership	1820s_establishments_in_Florida_Territory	neg	-1	0.0
Discrimination	Television_seasons_by_decade	neg	-1	0.0
Calculus	Landforms_by_country	neg	-1	0.0
1st-millennium_BC_births	FC_Imabari_players	neg	-1	0.0
Methodology	Latvian_politicians	neg	-1	0.0
Electromagnetism	Presidents_of_the_Church_(LDS_Church)	neg	-1	0.0
Towns_in_Canada	Mass_media_companies	neg	-1	0.0
Accountability	18th_century_in_North_America	neg	-1	0.0
Science	3rd-century_BC_buildings_and_structures	neg	-1	0.0
Intellectual_works	Death_customs	neg	-1	0.0
Matter	Islands_of_Europe_by_country	neg	-1	0.0
Observation	People_from_São_Paulo_(state)	neg	-1	0.0
Mythology	Families	neg	-1	0.0
Issues_in_ethics	Politics_by_issue	pos	2	0.55
Branches_of_science	Military_of_the_United_States	neg	-1	0.0
Explosions	Establishments_in_the_Netherlands_by_century	neg	-1	0.0
Physics	Climate	pos	4	0.5
Towns_by_country	Cities_in_Massachusetts	neg	-1	0.0
Astronomical_objects	The_Walt_Disney_Company	neg	-1	0.0
Cancer_deaths_in_Connecticut	2008_by_continent	neg	-1	0.0
Technology	1980s_in_Canada	neg	-1	0.0
Americas	Alternative_propulsion	neg	-1	0.0
Censorship	Olympic_bronze_medalists	neg	-1	0.0
Religious_philosophy	Ice_hockey_people	neg	-1	0.0
Astronomy	Events_in_the_United_Kingdom	neg	-1	0.0
Alternative_energy	History_of_the_Netherlands	neg	-1	0.0
Winter_sports	Pakistani_people_by_occupation	neg	-1	0.0
Ice_sports	Comic_books	neg	-1	0.0
Buildings_and_structures_in_North_America	Olympians_for_the_Czech_Republic	neg	-1	0.0
Events_in_India	1956_works	neg	-1	0.0
Religious_philosophy	Drama_movies_by_genre	neg	-1	0.0
Information	Mediterranean	neg	-1	0.0
Planets	Canadian_television_series_by_decade	neg	-1	0.0
Buildings_and_structures_in_North_America	Museums_in_North_America	pos	2	0.75
Geology	Technology_companies_of_Asia	neg	-1	0.0
Earth_sciences	Teen_movies_by_genre	neg	-1	0.0
Sri_Lanka	American_animated_television_series_endings_by_decade	neg	-1	0.0
Works_by_language	History_of_West_Virginia	neg	-1	0.0
Physics	Wave_mechanics	pos	5	0.95
Skills	Ancient_buildings_and_structures	neg	-1	0.0
India	Superheroes	neg	-1	0.0
Disease-related_deaths_in_Connecticut	Animation_studios	neg	-1	0.0
Physics	Natural_sciences	pos	1	0.9
Scientists_by_nationality_by_field	Italian_sculpture	neg	-1	0.0
Americas	Establishments_in_the_Philippines_by_century	neg	-1	0.0
Law_occupations	2019_in_North_America	neg	-1	0.0
Physics	Metaphysicians	pos	6	0.3
Energy_in_transport	Mysteries	neg	-1	0.0
Atoms	Mass_media_in_India	neg	-1	0.0
Births_by_millennium	Settlements_in_Brazil	neg	-1	0.0
Criminal_justice	Establishments_in_Utah_by_year	neg	-1	0.0
Airports_in_Europe	Airports_in_Pakistan	pos	6	0.2
Shinto_shrines	Politics_of_Ireland	neg	-1	0.0
Fields_of_mathematics	Ethics	pos	3	0.15
Civil_wars	Politics_by_continent	neg	-1	0.0
Physical_quantity	Critical_thinking_skills	pos	8	0.2
Anthropology	Establishments_in_Africa_by_country	neg	-1	0.0
Nepal	1960s_establishments_by_continent	neg	-1	0.0
Food_companies	2nd-millennium_establishments_in_North_America	neg	-1	0.0
Information	Monster_movies	neg	-1	0.0
Disease-related_deaths_in_Indonesia	Books_by_genre	neg	-1	0.0
Waves	Categories_named_after_media	neg	-1	0.0
Sri_Lankan_people	Years_in_Italy	neg	-1	0.0
Waste_management	Christian_religious_leaders	neg	-1	0.0
Foods	Regions_of_Oceania	neg	-1	0.0
Political_concepts	2015_in_Canadian_television	neg	-1	0.0
Events_in_Asia	Disasters_in_the_United_States	pos	4	0.1
Attacks_on_buildings_and_structures	Politics_of_England	neg	-1	0.0
Shikinaisha	21st_century_in_the_arts	neg	-1	0.0
Management	Jefferson_Davis_Parish,_Louisiana	neg	-1	0.0
Museums_in_the_United_States	Movie_production_companies	neg	-1	0.0
Critical_thinking_skills	Logic	pos	2	0.75
Mathematics	Temperature	pos	3	0.1
Buildings_and_structures_in_North_America_by_type	Disestablishments_in_the_United_States	neg	-1	0.0
Physics	States_of_matter	pos	2	0.9
Economists_by_nationality	Murderers	neg	-1	0.0
Observation	1760s_establishments_by_country	neg	-1	0.0
Sports_for_the_disabled	Settlements_in_Cook_County,_Illinois	neg	-1	0.0
Concepts	Partial_differential_equations	neg	-1	0.0
Branches_of_botany	UEFA_Euro_2012	neg	-1	0.0
Oscillation	1810s_in_North_America	neg	-1	0.0
Buildings_and_structures_by_continent	People_from_Salisbury	neg	-1	0.0
Suicides_by_country	Luton	neg	-1	0.0
Buildings_and_structures_in_the_United_States_by_type	1940s_establishments_by_continent	neg	-1	0.0
Life_skills	Geography_of_Italy	neg	-1	0.0
Buildings_and_structures_in_the_United_States_by_type	Events_by_time	neg	-1	0.0
Building_and_structure_fires	Establishments_in_the_United_States_by_millennium	neg	-1	0.0
Explosions_by_country	East_Midlands	neg	-1	0.0
Engineering	Austin,_Texas	neg	-1	0.0
United_States	Buildings_and_structures_in_the_United_States	pos	1	1.0
Skills	History_of_Spain	neg	-1	0.0
Perception	Establishments_in_Nebraska_by_year	neg	-1	0.0
Disasters_by_continent	1919_by_country	neg	-1	0.0
Environmental_issues	Communes_in_Manche	neg	-1	0.0
Foods	1913	neg	-1	0.0
Animal_enclosures	Colleges_and_universities_in_New_Jersey	neg	-1	0.0
Planets	New_Zealand_television_series	neg	-1	0.0
South_Asian_countries	Deaths_by_firearm_in_the_United_Kingdom	neg	-1	0.0
Animal_rights	Children's_television_series_by_genre	neg	-1	0.0
Buildings_and_structures_in_Oceania	Television_series_by_topic	neg	-1	0.0
Corruption	1930s_establishments_by_country	neg	-1	0.0
Physicists_by_nationality	1970s_establishments_in_Canada	neg	-1	0.0
Shinto_shrines_by_ranking	Mass_media_by_topic	neg	-1	0.0
United_States	Communes_in_France_by_department	neg	-1	0.0
Planets	Planetary_science	pos	1	1.0
Disease-related_deaths_by_country	People_by_city_in_Oregon	neg	-1	0.0
Civil_wars_involving_Asia	Towns_in_North_America	neg	-1	0.0
Fire	Geography_of_Scotland	neg	-1	0.0
Buildings_and_structures_in_Sweden_by_type	Establishments_in_Iowa_by_century	neg	-1	0.0
Buildings_and_structures_in_the_United_States	1889	neg	-1	0.0
Light	1888_in_North_America	neg	-1	0.0
Containers	1360s	neg	-1	0.0
Wars_involving_Asia	Wars_of_the_Ancient_World	neg	-1	0.0
Evaluation	Czech_comedy_movies	neg	-1	0.0
Discrimination	Organized_crime	pos	8	0.2
Nutrition	Caribbean	neg	-1	0.0
Astronomical_objects	Planets	pos	1	0.95
South_Asian_countries	Crime_in_the_United_States_by_decade	neg	-1	0.0
Sociological_terminology	Deaths_by_cause_and_country	neg	-1	0.0
Comparisons	Conceptual_distinctions	pos	1	0.85
Deaths_by_cause	Systems	neg	-1	0.0
Classical_mechanics	18th-century_establishments	neg	-1	0.0
Diplomacy	British_animated_television_series_debuts_by_year	neg	-1	0.0
United_States	1964_establishments_in_Oceania	neg	-1	0.0
Explosions	2000s_explosions	pos	2	1.0
Organized_crime	Europe	neg	-1	0.0
Nature	Pop_rock	neg	-1	0.0
Sociology	Vietnam	neg	-1	0.0
Jurists	Spanish_Africa	neg	-1	0.0
Supercontinents	2010s_American_children's_television_series	neg	-1	0.0
Intellectual_works	Music_by_decade	neg	-1	0.0
States_of_matter	2020s_in_sports	neg	-1	0.0
Disease-related_deaths_in_the_United_States_by_state_or_territory	2010s_establishments_by_country	neg	-1	0.0
Mythology	Future_events	neg	-1	0.0
Births_by_millennium	1200s	neg	-1	0.0
Musical_equipment	1877_in_Europe	neg	-1	0.0
Museums_in_the_United_States	Politicians_from_Copenhagen	neg	-1	0.0
United_States	Economy_of_the_United_States	pos	1	1.0
Airports_in_Asia	Airports	pos	3	0.95
Buildings_and_structures_in_Oceania	2020s_British_comedy_drama_television_series	neg	-1	0.0
Airports_in_Europe	21st-century_animated_adventure_television_series	neg	-1	0.0
Food_and_drink	Satire	neg	-1	0.0
Asia	Towns_in_Canada	pos	6	0.05
Ethnic_groups_in_India	Mechanical_engineering	neg	-1	0.0
Calculus	Evaluation	pos	4	0.1
Physicists	Government_institutions	neg	-1	0.0
Buildings_and_structures_in_Sweden	1873_establishments_in_Nebraska	neg	-1	0.0
Cosmology	Occult	neg	-1	0.0
Temperature	Argentine_cyclists	neg	-1	0.0
Cold	Differential_equations	neg	-1	0.0
Shinto_shrines_by_ranking	Argentine_dancers	neg	-1	0.0
Engineering	Reference	neg	-1	0.0
Physics	Cosmology	pos	5	0.85
Comparisons	Footballers_from_Dundee	neg	-1	0.0
Births_by_millennium	Property_crimes	neg	-1	0.0
Classical_mechanics	Former_dictatorships	neg	-1	0.0
Chemical_reactions	Establishments_in_Illinois_by_century	neg	-1	0.0
Energy	21st_century_in_mass_media	neg	-1	0.0
Political_corruption	Contemporary_history_by_continent	neg	-1	0.0
Scientists_by_nationality_by_field	Epistemology	neg	-1	0.0
Noble_gases	Hydrogen	neg	-1	0.0
Issues_in_ethics	Social_inequality	pos	3	0.6
Problem_solving_methods	Political_parties_in_the_United_Kingdom	neg	-1	0.0
Wave_mechanics	2009_by_continent	neg	-1	0.0
Human_life_stages	Suicides	neg	-1	0.0
Electromagnetic_radiation	Southeast_Asia	neg	-1	0.0
Accountability	People_by_city_or_town_in_Scotland	neg	-1	0.0
Waves	Mass_media_in_Asia	neg	-1	0.0
Atmosphere	Haarlem	neg	-1	0.0
Animal_enclosures	Establishments_in_Mississippi_by_year	neg	-1	0.0
Planetary_science	Fijian_people	neg	-1	0.0
Fields_of_mathematics	Gases	neg	-1	0.0
Physical_quantity	Mathematics	pos	2	0.6
Personal_life	European_culture_by_country	neg	-1	0.0
Nutrition	2010s_establishments_in_the_United_Kingdom	neg	-1	0.0
Heat	Canadian_television_series_debuts_by_year	neg	-1	0.0
Diplomacy	Fitness	neg	-1	0.0
Airports_by_continent	Alameda_County,_California	neg	-1	0.0
Physics	Anthropology	pos	8	0.05
Engineering_disciplines	Centrarchidae	neg	-1	0.0
Tools	Sportspeople_from_South_Holland	neg	-1	0.0
Categories_by_field	People_from_Indiana	neg	-1	0.0
Waste_management	Americas	neg	-1	0.0
Cancer_deaths_by_country	Political_organizations_based_in_Europe	neg	-1	0.0
Electromagnetism	Metropolitan_City_of_Rome_Capital	neg	-1	0.0
Suicides_by_country	Decades_in_Africa	neg	-1	0.0
Airports_in_Europe	1947_television_series_endings	neg	-1	0.0
Mathematics	Calculus	pos	3	0.95
Fire	21st-century_establishments_in_Sweden	neg	-1	0.0
Buildings_and_structures_in_Australia	2000	neg	-1	0.0
Objects	Subdivisions_of_the_Philippines	neg	-1	0.0
Suicides	French_monarchy	neg	-1	0.0
Scientific_terminology	Television_series_debuts_by_country_and_decade	neg	-1	0.0
Calculus	Partial_differential_equations	pos	2	0.85
Tamils	Buildings_and_structures_by_era_of_construction	neg	-1	0.0
Buildings_and_structures_in_Japan_by_type	21st-century_establishments_in_the_United_States	neg	-1	0.0
Waste_management	Sports_in_the_United_States_by_sport	neg	-1	0.0
Decision-making	21st_century_in_New_York_City	neg	-1	0.0
Buildings_and_structures_in_North_America	South_American_culture	neg	-1	0.0
Conflicts	Regional_capitals_in_Italy	neg	-1	0.0
History_of_India_by_period	1973_science_fiction_movies	neg	-1	0.0
Astronomical_objects	Lawrence,_Kansas	neg	-1	0.0
Disease-related_deaths_in_Indonesia	History_of_Austria	neg	-1	0.0
Shikinaisha	Series_of_children's_books	neg	-1	0.0
Physics	Branches_of_psychology	pos	3	0.1
Environmental_issues	United_Nations	neg	-1	0.0
Matter	Geography_of_England_by_county	neg	-1	0.0
Science_occupations	Computer-animated_movies	neg	-1	0.0
Museums_in_North_America	People_from_Buenos_Aires_by_occupation	neg	-1	0.0
Chemical_processes	People_from_California_by_city	neg	-1	0.0
Buildings_and_structures_in_Europe_by_country	2000s_in_Europe	neg	-1	0.0
Cancer_deaths_in_the_United_States_by_state	Towns_by_country	neg	-1	0.0
Birth	Centuries_in_Spain	neg	-1	0.0
Astronomical_objects	Watercraft	neg	-1	0.0
Science	1935_drama_movies	neg	-1	0.0
Waste	Years_in_Florida	neg	-1	0.0
Nobel_Prize_in_Physiology_or_Medicine	2000s_in_Swiss_sport	neg	-1	0.0
Transport_in_Asia	1974_in_Germany	neg	-1	0.0
Events_in_the_United_States	1890s	neg	-1	0.0
Childhood	18th-century_establishments_in_the_British_Empire	neg	-1	0.0
Creative_works	Area_codes_in_the_United_States	neg	-1	0.0
Civil_engineering	Buildings_and_structures_by_millennium	neg	-1	0.0
Planets	20th-century_disestablishments_by_continent	neg	-1	0.0
Physics	Electromagnetism	pos	7	0.95
Issues_in_ethics	People_from_Buenos_Aires	neg	-1	0.0
Shinto_shrines	1920s_in_sports	neg	-1	0.0
Disasters_in_the_United_States	Lawyers	neg	-1	0.0
Injustice	1860s_establishments	neg	-1	0.0
Electromagnetic_radiation	North_American_people_by_nationality	neg	-1	0.0
Science_in_society	Science_and_technology_magazines	pos	1	0.5
Events_in_India	World_Heritage_Sites_in_South_Africa	neg	-1	0.0
Ice	2014_in_Asia	neg	-1	0.0
Airports_in_Sweden	American_music	neg	-1	0.0
Buildings_and_structures_in_Pakistan_by_type	Shinto_shrines	pos	3	0.0
Physical_exercise	Rosario	neg	-1	0.0
Births_by_millennium	1990s_in_comedy	neg	-1	0.0
Airports_in_Sweden	1st_century_BC	neg	-1	0.0
Sri_Lankan_people	Neighborhoods	neg	-1	0.0
Politics_by_issue	1889_by_continent	neg	-1	0.0
Buildings_and_structures_in_Europe	Years_of_the_16th_century	neg	-1	0.0
Civil_wars	Canadian_television_series	neg	-1	0.0
Geologists	Salvadoran_people_by_occupation	neg	-1	0.0
Analysis	1823_establishments_in_North_America	neg	-1	0.0
Attacks_on_buildings_and_structures	Settlements_in_Santa_Clara_County,_California	neg	-1	0.0
Births_by_millennium	1520s_establishments_in_North_America	neg	-1	0.0
Human_life_stages	2000s_American_television_series_by_genre	neg	-1	0.0
Scientists_by_field	Symbolism	neg	-1	0.0
Settlements_in_Asia	Villages_by_continent	pos	2	0.7
Branches_of_psychology	European_sociologists	neg	-1	0.0
Healthcare	Australian_culture	neg	-1	0.0
Physics	Scientists_by_field	pos	2	0.4
Planetary_science	Establishments_in_Utah_by_century	neg	-1	0.0
Planetary_science	Retail	neg	-1	0.0
Suicides_by_country	People_from_Wyckoff,_New_Jersey	neg	-1	0.0
Branches_of_science	Towns_in_Europe_by_country	neg	-1	0.0
Jurists	Children's_fiction_books	neg	-1	0.0
Temperature	Snooker	pos	8	0.0
History_of_India_by_period	1830s_by_country	neg	-1	0.0
Gases	1869_in_Japan	neg	-1	0.0
1st-millennium_BC_births	Terrorist_attacks	neg	-1	0.0
Buildings_and_structures_in_Pakistan_by_type	Geography_of_Oregon_by_county	neg	-1	0.0
Health_by_country	Disease-related_deaths_in_the_United_States	pos	8	0.65
South_Asian_countries	National_Football_League	neg	-1	0.0
Physics	Science_in_society	pos	4	0.5
Nutrition	Establishments_in_South_Korea_by_year	neg	-1	0.0
Philosophers	People_by_college_or_university_in_the_United_States	neg	-1	0.0
Buildings_and_structures_in_the_United_States	Disasters	pos	7	0.3
Buildings_and_structures_in_North_America	European_people_by_century	neg	-1	0.0
Mechanical_engineering	Engineering_disciplines	pos	1	0.95
Climate	Hungarian_scientists	neg	-1	0.0
Buildings_and_structures_in_Oceania	Geography_of_Sweden	neg	-1	0.0
Geology	South_Korean_culture	neg	-1	0.0
Physics	Physical_quantity	pos	1	0.9
Problem_solving_methods	Kent	neg	-1	0.0
Civil_wars_involving_Asia	Football_clubs	neg	-1	0.0
Academia	2010s_Canadian_animated_adventure_television_series	neg	-1	0.0
Euthenics	People_from_Denver	neg	-1	0.0
Popularity	Scientific_terminology	pos	4	0.05
Race	Childhood	pos	4	0.0
Towns_by_continent	Nitrates	neg	-1	0.0
Censorship	Filipino_people_by_location	neg	-1	0.0
Buildings_and_structures_in_North_America	French_television	neg	-1	0.0
Science_in_society	Establishments_in_Zambia	neg	-1	0.0
Foods	Comedy_television_series_by_country	neg	-1	0.0
Logic	American_politicians	neg	-1	0.0
Food_companies_by_country	Religious_philosophy	neg	-1	0.0
Buildings_and_structures_in_Sweden_by_type	Transport_in_Sweden	pos	2	0.4
Childhood	Musical_groups	neg	-1	0.0
Events	1992_in_entertainment	neg	-1	0.0
Villages_by_continent	2010s_establishments_in_North_America	neg	-1	0.0
Measurement	Japan	neg	-1	0.0
Scientific_terminology	1920s_in_the_United_Kingdom	neg	-1	0.0
Astronomical_objects	Cosmology	pos	2	0.85
Buildings_and_structures_in_Oceania	Musical_movies	neg	-1	0.0
Disease-related_deaths_by_country	Disease-related_deaths_in_Indonesia	pos	1	0.95
Science_and_technology_magazines	Written_communication	pos	4	0.6
Applied_sciences	2010s_disestablishments_by_continent	neg	-1	0.0
Healthcare	Ports_and_harbours_of_Europe	neg	-1	0.0
Anthropology	Social_psychology	pos	2	0.75
Discrimination	Freemasonry	neg	-1	0.0
Disease-related_deaths_in_Connecticut	Sport_in_the_Cook_Islands	neg	-1	0.0
Americas	Herefordshire	neg	-1	0.0
Social_concepts	Thought	pos	8	0.65
Causality	People_by_occupation_and_city	neg	-1	0.0
United_States	21st-century_endings	neg	-1	0.0
Disease-related_deaths_in_the_United_States	Canadian_people_by_occupation	neg	-1	0.0
Transport_in_Pakistan	Buildings_and_structures_in_Pakistan_by_type	pos	2	0.5
Biology	1870s_establishments_in_the_United_Kingdom	neg	-1	0.0
Healthy_lifestyle	1940_establishments_by_country	neg	-1	0.0
Birth	1st-millennium_BC_births	pos	3	0.95
Self-care	American_scientists_by_state	neg	-1	0.0
Metaphysics	Geography_of_Germany_by_state	neg	-1	0.0
Peace	Settlements_in_Mississippi	neg	-1	0.0
Attacks_on_buildings_and_structures_by_continent	Fictional_characters_by_decade_of_introduction	neg	-1	0.0
Deaths_by_cause_and_country	Municipalities_of_Norway	neg	-1	0.0
Towns	Yemeni_people	neg	-1	0.0
Written_communication	Sega_franchises	neg	-1	0.0
Birth	2020s_Canadian_children's_television_series	neg	-1	0.0
Thermodynamics	Role-playing_video_games	neg	-1	0.0
Events_in_Asia_by_country	Disestablishments_in_Canada_by_year	neg	-1	0.0
Mechanical_engineering	Argentine_dancers	neg	-1	0.0
Americas	13th-century_people	neg	-1	0.0
Discrimination	Injustice	pos	1	0.8
Explosions_by_decade	Movies_directed_by_Lew_Landers	neg	-1	0.0
Social_concepts	American_Christian_clergy	neg	-1	0.0
Science	1975_by_country	neg	-1	0.0
Accountability	Military_people_by_continent	neg	-1	0.0
Settlements_by_continent	Spouses_of_prime_ministers_of_Japan	neg	-1	0.0
Buildings_and_structures_in_the_United_States	Buildings_and_structures_in_Asia	neg	-1	0.0
Events_in_Asia	Languages_by_family	neg	-1	0.0
Towns_in_Canada	Years_of_the_6th_century_BC	neg	-1	0.0
Disease-related_deaths_in_Nepal	Births_by_time	neg	-1	0.0
Nutrition	Life_skills	pos	2	0.6
Methodology	Music_by_date	neg	-1	0.0
Food_and_drink	Footballers_by_nationality	neg	-1	0.0
Disability	Sportspeople_by_continent	neg	-1	0.0
Epistemology	International_competitions	neg	-1	0.0
Metaphysics	American_models	neg	-1	0.0
Partial_differential_equations	Companies_based_in_Ottawa	neg	-1	0.0
Objects	Critical_theory	neg	-1	0.0
Time_travel	1940s_thriller_movies	neg	-1	0.0
Social_psychology	English_nobility	neg	-1	0.0
2000s_explosions	Lanarkshire	neg	-1	0.0
Name_reactions	2008_in_European_football	neg	-1	0.0
Events_in_Asia_by_country	Civil_wars_involving_Asia	pos	4	0.7
Disease-related_deaths_by_country	West_Midlands_(region)	neg	-1	0.0
Climate	Russian_people_by_occupation	neg	-1	0.0
Physics	Scientific_disciplines	pos	1	0.9
Natural_sciences	Decades_in_the_United_Kingdom	neg	-1	0.0
Technology_by_type	British_television_series_by_studio	neg	-1	0.0
Evaluation	British_people_by_century	neg	-1	0.0
Management	Years_of_the_1st_century_BC	neg	-1	0.0
Buildings_and_structures_by_continent	Settlements_in_Norway	neg	-1	0.0
Planets	Dutch_entertainers	neg	-1	0.0
Measurement	People_from_Oakland,_California	neg	-1	0.0
Disability	Museums_in_the_United_States	neg	-1	0.0
Matter	People_by_city_in_Belgium	neg	-1	0.0
Social_concepts	Rights	pos	1	0.75
Light	Musical_movies	neg	-1	0.0
Airports_in_Asia	Chinese_people_by_occupation	neg	-1	0.0
Airports_in_Sweden	Airports_by_country	pos	1	0.85
Oscillation	History_by_continent_and_country	neg	-1	0.0
Society	Peace	pos	1	0.5
Problem_solving	Criminals	neg	-1	0.0
Attacks_on_buildings_and_structures	Organizations_based_in_South_America	neg	-1	0.0
Geologists	Buildings_and_structures_in_India_by_state_or_union_territory	neg	-1	0.0
Snooker_tournaments	Snooker	pos	1	0.9
Mythology	1937_comedy_movies	neg	-1	0.0
Social_concepts	Tetrapods	neg	-1	0.0
Nutrition	Scientists_by_nationality_by_field	neg	-1	0.0
Disasters	Explosions_by_decade	pos	2	0.7
Events	Establishments_in_New_Jersey_by_year	neg	-1	0.0
Building_and_structure_fires	11th-century_people	neg	-1	0.0
2000s_explosions	1170s_births	neg	-1	0.0
Thought	Companies_of_the_United_States	neg	-1	0.0
Sports_by_type	21st_century_in_Africa_by_country	neg	-1	0.0
Events_in_the_United_States	Heavy_metal	neg	-1	0.0
Biology	6th-century_people	neg	-1	0.0
Partial_differential_equations	Songs_by_decade	neg	-1	0.0
Sri_Lankan_people	Ethnic_groups_in_Israel	neg	-1	0.0
Sources_of_knowledge	2014_in_television	neg	-1	0.0
Health	Healthcare	pos	1	0.95
Atmosphere	1913_establishments	neg	-1	0.0
Physics	Planetary_science	pos	2	0.8
Time	Observation	pos	8	0.3
Magazines_by_type	7th_century	neg	-1	0.0
Physics	Civil_engineering	pos	6	0.4
Birth	Government_of_Germany	neg	-1	0.0
Disasters_in_the_United_States	People_from_Algiers	neg	-1	0.0
Scientific_classification	Classification_systems_by_subject	pos	1	0.85
Nobel_Prize_in_Physiology_or_Medicine	Concepts_in_science_by_field	neg	-1	0.0
Problem_solving_methods	South_American_people_by_occupation	neg	-1	0.0
Cosmology	Hydrogen_compounds	neg	-1	0.0
Airports_in_Sweden	21st_century_in_Asia	neg	-1	0.0
Ethics	Murder-suicides_in_North_America	neg	-1	0.0
Cancer_deaths_in_the_United_States_by_state	Indian_people	neg	-1	0.0
History_of_Asia	American_musicians_by_instrument	neg	-1	0.0
Science_occupations	Rutgers_University	neg	-1	0.0
Temperature	Indoor_sports	neg	-1	0.0
Childhood	Geography_of_Switzerland	neg	-1	0.0
Evaluation	Creativity	pos	6	0.5
Physics	Energy	pos	1	0.85
Planets	Belarus	neg	-1	0.0
Differential_equations	Waves	pos	3	0.6
Social_sciences	Literature_by_genre	neg	-1	0.0
Events_in_India	Scientists_by_nationality	neg	-1	0.0
Physics	Cold	pos	3	0.3
Biological_reproduction	Diseases_by_causing_agent	neg	-1	0.0
Thermodynamics	Applied_sciences	pos	3	0.7
Injustice	1958_movies	neg	-1	0.0
Chemical_reactions	21st-century_South_Korean_television_series	neg	-1	0.0
Buildings_and_structures_in_Europe_by_type	Buildings_and_structures_in_England_by_type	neg	-1	0.0
Settlements_in_Oceania	American_military_personnel_of_the_Vietnam_War	neg	-1	0.0
Heat	Temperature	pos	1	0.85
Politics_by_issue	Waste	pos	4	0.4
Atoms	Contemporary_history_by_continent	neg	-1	0.0
Waste_management	1861_establishments_in_Asia	neg	-1	0.0
Subfields_of_physics	Association_football_governing_bodies_in_Europe	neg	-1	0.0
Ethics	Polytheism	neg	-1	0.0
Thermodynamics	People_from_Shanghai_by_occupation	neg	-1	0.0
Academia	1827_establishments_by_country	neg	-1	0.0
Creative_works	Seine-Maritime	neg	-1	0.0
Geology	Building_and_structure_fires_in_the_United_States	neg	-1	0.0
Settlements_in_Oceania	Sociologists	neg	-1	0.0
Disability	Cultural_geography	neg	-1	0.0
Disasters	1521_establishments	neg	-1	0.0
History_of_India	1888_by_country	neg	-1	0.0
Documents	Sport_in_Oceania	neg	-1	0.0
Nutrition	History_of_France	neg	-1	0.0
Popularity	2001_crimes	neg	-1	0.0
Concepts_by_field	21st-century_American_animated_television_series	neg	-1	0.0
Subfields_of_physics	Arts_occupations	neg	-1	0.0
Conceptual_distinctions	British_television_news_programs_by_decade	neg	-1	0.0
Gases	2012_in_association_football	neg	-1	0.0
Philosophers	People_from_Helsinki_by_occupation	neg	-1	0.0
Explosions_by_decade	Provinces_of_Abruzzo	neg	-1	0.0
Political_concepts	Caribbean_islands	neg	-1	0.0
Disease-related_deaths_in_Indonesia	Communists_by_nationality	neg	-1	0.0
Supercontinents	Elections_by_century	neg	-1	0.0
States_of_matter	Political_parties_in_Azerbaijan	neg	-1	0.0
Physics	Biology	pos	5	0.2
Environmental_issues	Decades_by_country	neg	-1	0.0
Rebellions_by_type	Primates	neg	-1	0.0
Philosophers_by_nationality	Establishments_in_North_America	neg	-1	0.0
Measurement	The_Simpsons_episodes	neg	-1	0.0
Injustice	1888	neg	-1	0.0
Events_in_the_United_States	21st-century_action_movies	neg	-1	0.0
Nobel_Prize_in_Physiology_or_Medicine	1892_by_continent	neg	-1	0.0
Events_in_Asia_by_country	Decades_in_Canada	neg	-1	0.0
Creative_works	Decades_in_Austria	neg	-1	0.0
Political_corruption	Medicine	neg	-1	0.0
Creation_myths	1919_in_Europe	neg	-1	0.0
Buildings_and_structures_in_Europe_by_type	Establishments_in_North_America_by_decade	neg	-1	0.0
Disasters_in_the_United_States	Kansas-related_lists	neg	-1	0.0
Cultural_anthropology	Georgia_(U.S._state)	neg	-1	0.0
Physics	Equations	pos	4	0.75
Sociological_terminology	Centuries_in_Maryland	neg	-1	0.0
Social_concepts	21st_century_in_Missouri	neg	-1	0.0
Fires	Education_in_North_America	neg	-1	0.0
Animal_enclosures	Political_parties_in_France	neg	-1	0.0
Anthropology	European_musicians	neg	-1	0.0
Classical_mechanics	Wars_involving_Africa	neg	-1	0.0
India	1829	neg	-1	0.0
Noble_gas_compounds	People_from_Prussia	neg	-1	0.0
Disease-related_deaths_in_Indonesia	Amsterdam	neg	-1	0.0
Buildings_and_structures_in_Australia	Ethnic_groups_in_North_America	neg	-1	0.0
Science_awards	Roman_Catholic_archbishops	neg	-1	0.0
Events_by_country	Peace	neg	-1	0.0
Ice_sports	Sindh	neg	-1	0.0
Creative_works	Dutch_Caribbean	neg	-1	0.0
Cancer_deaths_in_the_United_States_by_state	Italian_people_by_location	neg	-1	0.0
Buildings_and_structures_in_the_United_States_by_type	Computer-animated_movies_by_year	neg	-1	0.0
Physicists_by_nationality	Types_of_plants	neg	-1	0.0
Noble_gas_compounds	1940s_in_the_United_States	neg	-1	0.0
Thought	Popes_by_nationality	neg	-1	0.0
Optics	Regions_of_North_America	neg	-1	0.0
Creative_works	Capital_Region_of_Denmark	neg	-1	0.0
History_of_India	2014_crimes	neg	-1	0.0
Nobel_Prize_in_Physiology_or_Medicine	Municipalities_in_São_Paulo_(state)	neg	-1	0.0
Classification_systems_by_subject	Towns_in_Bedfordshire	neg	-1	0.0
Ice_sports	Lazio	neg	-1	0.0
Subfields_of_physics	Colonialism	neg	-1	0.0
Religion	2000s_television_series_debuts	neg	-1	0.0
Science	Tools	pos	2	0.4
Creativity	Former_republics	neg	-1	0.0
Science	Geography_of_Canada_by_province_or_territory	neg	-1	0.0
Nature	1970s_crime_movies	neg	-1	0.0
Ice_sports	1885_establishments	neg	-1	0.0
Planets	Social_sciences_terminology	neg	-1	0.0
Evaluation	Innovation	pos	3	0.6
Physical_exercise	2000s_animated_television_series	neg	-1	0.0
Social_inequality	Establishments_in_Canada_by_century	neg	-1	0.0
Disasters_in_buildings_and_structures	American_businesspeople_by_state	neg	-1	0.0
Building_and_structure_fires_in_Europe	Buildings_and_structures_in_Europe	pos	1	0.75
Calculus	Climate	neg	-1	0.0
Planetary_science	Terrorist_incidents_by_continent	neg	-1	0.0
Explosions_by_country	Establishments_in_India_by_decade	neg	-1	0.0
Atoms	Census-designated_places_in_Texas	neg	-1	0.0
Economy_of_the_United_States	Subdivisions_of_Indonesia	neg	-1	0.0
Sweden	1860s_establishments_by_continent	neg	-1	0.0
Equations	Hungarian_scientists	neg	-1	0.0
Concepts_by_field	Television_series_by_genre	neg	-1	0.0
Buildings_and_structures_in_North_America	Musical_movies	neg	-1	0.0
Americas	Imperialism	neg	-1	0.0
Biological_reproduction	20th_century_in_Brazil	neg	-1	0.0
Physicists_by_nationality	French_television_series	neg	-1	0.0
Social_concepts	2010s_in_sports	neg	-1	0.0
Events_in_Asia_by_country	Establishments_in_Maryland_by_year	neg	-1	0.0
Asia	21st_century_in_Asia	neg	-1	0.0
Disease-related_deaths_by_country	Languages_by_family	neg	-1	0.0
Cognition	Television_series_by_genre	neg	-1	0.0
Euthenics	Arsenic_compounds	neg	-1	0.0
Innovation	1990s_in_France	neg	-1	0.0
Physics	Americas	pos	4	0.0
Politics	20th_century_in_sports	neg	-1	0.0
Childhood	Establishments_in_North_America_by_year	neg	-1	0.0
Disease-related_deaths_by_country	Entertainment_in_the_United_Kingdom	neg	-1	0.0
Fitness	Healthy_lifestyle	pos	1	0.9
Thought	National_Basketball_Association	neg	-1	0.0
Magazines_by_type	Criminals_from_London	neg	-1	0.0
Natural_sciences	American_entertainers_by_city	neg	-1	0.0
Buildings_and_structures_in_Sweden_by_type	Television_characters	neg	-1	0.0
Fitness	Cities_in_Galveston_County,_Texas	neg	-1	0.0
Asia	1980s_endings	neg	-1	0.0
Corruption	1980s_in_Illinois	neg	-1	0.0
Buildings_and_structures_in_Australia	Aqua_Teen_Hunger_Force	neg	-1	0.0
Shinto_shrines	Reality	neg	-1	0.0
Human_activities	Bases	neg	-1	0.0
Physical_quantity	Sports_by_type	neg	-1	0.0
Buildings_and_structures_in_North_America_by_country	North_American_politicians	neg	-1	0.0
Shinto_shrines	1897_in_North_America	neg	-1	0.0
Philosophy_of_science	Civil_wars_by_continent	neg	-1	0.0
Accountability	American_soccer_teams	neg	-1	0.0
Events_by_country	Musical_movies	neg	-1	0.0
Philosophers_by_nationality	Philippines	neg	-1	0.0
Censorship	Settlements_in_the_San_Francisco_Bay_Area	neg	-1	0.0
Animal_rights	1760s_establishments_in_North_America	neg	-1	0.0
Transport_infrastructure_by_country	Organizations_by_continent	neg	-1	0.0
Buildings_and_structures_in_the_United_States	Movies_directed_by_Ben_Falcone	neg	-1	0.0
2000s_explosions	Municipalities_of_Belgium	neg	-1	0.0
Creative_works	Entities	neg	-1	0.0
Management	Maharashtra	neg	-1	0.0
Energy_in_transport	Physical_objects	pos	4	0.3
Engineering	1823_establishments_in_Mexico	neg	-1	0.0
Oscillation	Sony	neg	-1	0.0
Corruption	Accountability	pos	2	0.7
Social_status	Branches_of_psychology	pos	3	0.5
Food_companies	Wars_of_the_Ancient_World	neg	-1	0.0
Conflicts	Romanian_people_by_occupation	neg	-1	0.0
Light	People_from_Shanghai	neg	-1	0.0
Fire	Electromagnetic_radiation	pos	2	0.3
Towns_by_country	Capital_cities_in_Africa	neg	-1	0.0
Wars_involving_Asia	Cities_in_Denmark	neg	-1	0.0
Tools	Housing	neg	-1	0.0
Planning	New_York_City	neg	-1	0.0
History_of_India_by_period	Labriformes	neg	-1	0.0
Healthy_lifestyle	2009_establishments_in_the_United_States	neg	-1	0.0
Economy_of_the_United_States	Paralympic_Games	neg	-1	0.0
Buildings_and_structures_in_North_America_by_type	Pennsylvania	neg	-1	0.0
Gases	1920_in_Europe	neg	-1	0.0
Airports_in_Europe_by_country	Social_democracy	neg	-1	0.0
Snooker	Geography_of_Norway	neg	-1	0.0
Buildings_and_structures_in_Japan_by_type	Local_government_of_Pakistan	neg	-1	0.0
Nature	Cities_in_Tarrant_County,_Texas	neg	-1	0.0
Intellectual_works	20th-century_drama_movies	neg	-1	0.0
Social_sciences	2009_establishments	neg	-1	0.0
Human_activities	Billionaires_by_nationality	neg	-1	0.0
Anthropology	Cultural_anthropology	pos	1	0.95
Suicides_by_country	Disasters_in_buildings_and_structures	neg	-1	0.0
Innovation	Establishments_in_Norway_by_millennium	neg	-1	0.0
Politics	Settlements_in_the_Netherlands	neg	-1	0.0
Sports_for_the_disabled	Major_League_Baseball_commissioners	neg	-1	0.0
Cold	Freemasonry	neg	-1	0.0
Health_in_the_United_States	Creation_myths	neg	-1	0.0
Physics	Gases	pos	3	0.7
Buildings_and_structures_in_Europe_by_type	Chemicals	neg	-1	0.0
Fire	Chemical_reactions	pos	1	0.7
Asia	People_by_continent_and_nationality	neg	-1	0.0
Subfields_by_academic_discipline	Australian_models	neg	-1	0.0
Foods	1985_in_the_United_States	neg	-1	0.0
Metaphysics	1990s_establishments_in_Oceania	neg	-1	0.0
Airports_by_country	Sweden	pos	3	0.4
Scientific_disciplines	Television_in_Asia	neg	-1	0.0
Buildings_and_structures_in_Oceania	1960	neg	-1	0.0
Physical_exercise	Departments_of_France_by_region	neg	-1	0.0
American_food_companies	Performing_groups_established_in_the_20th_century	neg	-1	0.0
Objects	British_television_series_endings_by_year	neg	-1	0.0
Classification_systems	Establishments_in_Florida_by_year	neg	-1	0.0
United_States	Canadian_children's_television_series_by_genre	neg	-1	0.0
Gases	Economy_of_South_Korea	neg	-1	0.0
Partial_differential_equations	Islamic_terrorist_attacks	neg	-1	0.0
Subfields_by_academic_discipline	Branches_of_botany	pos	1	0.7
Asia	1900s_in_Europe	neg	-1	0.0
Ice_sports	Winter_sports	pos	1	0.9
Creation_myths	Pacific_islands	neg	-1	0.0
Disasters_in_the_United_States	1900s_establishments_by_continent	neg	-1	0.0
Science_awards	Filipino_politicians	neg	-1	0.0
Geologists	19th-century_establishments_in_Utah	neg	-1	0.0
Evaluation	Israeli_people_by_occupation	neg	-1	0.0
Science_awards	Centuries_in_Utah	neg	-1	0.0
Tamils	1900_establishments	neg	-1	0.0
Explosions	Explosions_by_country	pos	1	0.85
Containers	Murderers_by_nationality	neg	-1	0.0
Philosophy_of_science	Social_concepts	neg	-1	0.0
Buildings_and_structures_in_Pakistan_by_type	Federal_subjects_of_Russia	neg	-1	0.0
Mathematical_analysis	2014_animated_television_series_debuts	neg	-1	0.0
Scientific_disciplines	1978_by_continent	neg	-1	0.0
Events_by_country	National_Football_League_teams	neg	-1	0.0
Political_corruption	2019_in_association_football	neg	-1	0.0
Lists_of_Shikinaisha_by_location	Iranian_centenarians	neg	-1	0.0
Categories_by_field	Adventure_television_series_by_decade	neg	-1	0.0
Astronomical_objects	Settlements_in_Ontario	neg	-1	0.0
Buildings_and_structures_in_Sweden_by_type	Buildings_and_structures_in_Sweden	pos	1	0.85
Economists_by_nationality	American_people_by_religion	neg	-1	0.0
Critical_thinking_skills	Analysis	pos	1	0.85
Food_and_drink	Witchcraft	neg	-1	0.0
Museums_in_the_United_States	1940s_in_India	neg	-1	0.0
Piracy	People_by_city_in_Chile	neg	-1	0.0
Buildings_and_structures_in_the_United_States	20th-century_musicians	neg	-1	0.0
Social_sciences	Scientific_terminology	pos	2	0.3
United_States	Movies_by_country_by_genre	neg	-1	0.0
Births_by_millennium	Animated_movies_by_country	neg	-1	0.0
Births_by_millennium	Science_in_society	neg	-1	0.0
Leadership	1892_in_North_America	neg	-1	0.0
Types_of_crime	Video	neg	-1	0.0
Ethics	Mobile_phones_by_company	neg	-1	0.0
Ice_sports	2019_AFC_Asian_Cup_players	neg	-1	0.0
Childhood	History_of_the_Philippines	neg	-1	0.0
Popularity	Movies_directed_by_Nikita_Mikhalkov	neg	-1	0.0
Branches_of_psychology	Municipalities_in_Catalonia	neg	-1	0.0
Disease-related_deaths_in_Nepal	19th-century_births	neg	-1	0.0
Healthcare	Blind_sports	neg	-1	0.0
Health_in_the_United_States	Football_clubs_by_country	neg	-1	0.0
Works_by_language	Geography_of_China	neg	-1	0.0
Science	21st_century_in_Irish_television	neg	-1	0.0
Leadership	2013_by_country	neg	-1	0.0
Optics	Animal_enclosures	pos	6	0.0
Social_influence	Corruption	pos	1	0.6
Human_life_stages	Dancers	neg	-1	0.0
Nobel_Prize_in_Physiology_or_Medicine	2010s_in_Ireland	neg	-1	0.0
Politics	12th-century_establishments	neg	-1	0.0
Subfields_of_geology	Settlements_in_Gelderland	neg	-1	0.0
Earth_sciences	Iraq	neg	-1	0.0
Disease-related_deaths_in_Indonesia	Cairo	neg	-1	0.0
Information	Public_sphere	neg	-1	0.0
Births_by_millennium	People_from_North_Holland	neg	-1	0.0
Objects	Categories_by_field	neg	-1	0.0
Buildings_and_structures_in_Europe_by_country	1897_by_country	neg	-1	0.0
Justice	2020s_comedy_movies	neg	-1	0.0
Buildings_and_structures_in_North_America	Egyptian_sportspeople	neg	-1	0.0
Buildings_and_structures_in_Europe_by_country	Airports_in_Europe	pos	5	0.7
Peace	Gymnasts_by_nationality	neg	-1	0.0
Cosmology	Religion	pos	3	0.2
Buildings_and_structures_in_Japan_by_type	Subdivisions_of_Germany	neg	-1	0.0
Heat	1970s_crime_thriller_movies	neg	-1	0.0
Classification_systems_by_subject	Categories_by_London_borough	neg	-1	0.0
Euthenics	2005_disestablishments_by_country	neg	-1	0.0
Events_in_the_United_States	National_Football_League_players	neg	-1	0.0
Chemical_reactions	Linux	neg	-1	0.0
Academia	Energy_in_transport	neg	-1	0.0
Physics	Noble_gas_compounds	pos	5	0.7
Physics	Nobel_Prize_in_Physiology_or_Medicine	pos	5	0.4
Lists_of_Shikinaisha_by_location	Educational_television	neg	-1	0.0
Social_psychology	21st_century_in_South_Korean_television	neg	-1	0.0
Childhood	News	neg	-1	0.0
Information	Philosophy_of_religion	neg	-1	0.0
Rebellions	1980s_establishments_by_country	neg	-1	0.0
Births_by_time	1895_by_country	neg	-1	0.0
Sweden	Ethnic_groups_in_Africa	neg	-1	0.0
Explosions	Categories_by_continent	neg	-1	0.0
Civil_wars_involving_Asia	Footballers_in_Japan_by_club	neg	-1	0.0
Disasters	Disasters_by_continent	pos	1	0.95
Fire	Energy	pos	3	0.6
Calendars	Albums_by_artist	neg	-1	0.0
Foods	Counties	neg	-1	0.0
Airports	Political_parties_in_Azerbaijan	neg	-1	0.0
Energy_in_transport	Movie_industry	neg	-1	0.0
Logic	Fields_of_mathematics	pos	1	0.8
Ethnic_groups_in_India	CBC_Kids_original_programming	neg	-1	0.0
Anthropology	Racism	pos	2	0.5
Attacks_on_airports	American_rock_musicians	neg	-1	0.0
Ethnic_groups_in_India	1920s_by_continent	neg	-1	0.0
Physical_quantity	Thermodynamics	pos	2	0.8
Disease-related_deaths_in_the_United_States	History_of_North_America_by_country	neg	-1	0.0
Information	20th-century_establishments_in_Norway	neg	-1	0.0
Healthcare	Mexican_television_series_by_decade	neg	-1	0.0
Mathematics	History	neg	-1	0.0
Sports_for_the_disabled	21st-century_British_comedy_television_series	neg	-1	0.0
Political_corruption	Area_codes_in_the_United_States_by_state_or_territory	neg	-1	0.0
Sports_for_the_disabled	Disability	pos	1	0.8
Light	Association_football_governing_bodies_in_Europe	neg	-1	0.0
Food_and_drink	American_food_companies	pos	3	0.8
Magazines_by_type	Children's_education_television_series	neg	-1	0.0
Intellectual_works	Disestablishments_in_Canada	neg	-1	0.0
Subfields_by_academic_discipline	2nd-millennium_establishments_in_Switzerland	neg	-1	0.0
Analysis	Nutrition	neg	-1	0.0
Matter	Settlements_in_Quebec	neg	-1	0.0
Deaths_by_cause_and_country	Provinces_of_China	neg	-1	0.0
Information	Comparisons	pos	1	0.4
Energy_in_transport	2020s_conflicts	neg	-1	0.0
Society	Politics	pos	1	0.8
Alternative_energy	People_from_Delaware_by_occupation	neg	-1	0.0
Births_by_time	German_movies	neg	-1	0.0
Birth	1968_works	neg	-1	0.0
Engineering	Television_in_France_by_decade	neg	-1	0.0
Transport_in_Sweden	2nd-millennium_establishments_in_the_Netherlands	neg	-1	0.0
Events_by_country	1970s_in_South_America	neg	-1	0.0
Nutrition	Justice	neg	-1	0.0
Electromagnetism	Anaheim,_California	neg	-1	0.0
Time	2019_in_North_America	neg	-1	0.0
Thermodynamics	Musical_groups_by_genre	neg	-1	0.0
Wave_mechanics	1430s_establishments	neg	-1	0.0
Snooker_tournaments	Television_seasons_by_year	neg	-1	0.0
Management	2024_by_continent	neg	-1	0.0
Peace	Issues_in_ethics	pos	1	0.7
Concepts	Settlements_in_Kedah	neg	-1	0.0
Disease-related_deaths_in_Nepal	Disease-related_deaths_by_country	pos	1	0.95
Concepts_by_field	Abstraction	pos	2	0.7
Concepts	São_Paulo_(state)	neg	-1	0.0
Buildings_and_structures_in_Europe	Airports_in_Europe	pos	2	0.85
Biology	Biological_reproduction	pos	1	0.9
Biological_reproduction	Regions_of_Finland	neg	-1	0.0
Americas	Australian_musicians	neg	-1	0.0
Physics	Measurement	pos	2	0.75
Healthy_lifestyle	United_States	pos	4	0.1
Airports_in_Europe_by_country	Airports_in_Sweden	pos	1	0.9
Science_awards	Settlements_in_Argentina	neg	-1	0.0
Cancer_deaths_in_the_United_States_by_state	International_law	neg	-1	0.0
Settlements_by_continent	6th-century_deaths	neg	-1	0.0
Fires	2015_by_continent	neg	-1	0.0
Science	2013_in_music	neg	-1	0.0
Scientists_by_nationality_by_field	1850s_by_continent	neg	-1	0.0
Thermodynamics	Politics_by_country	neg	-1	0.0
Events_in_India	3rd-century_BC_buildings_and_structures	neg	-1	0.0
Events_in_Asia_by_country	Events	pos	2	0.7
Race	Central_Luzon	neg	-1	0.0
Observation	Royalty	neg	-1	0.0
Supercontinents	Indian_television_series_endings	neg	-1	0.0
United_States	Municipalities_of_Belgium	neg	-1	0.0
Innovation	Crimes_by_year	neg	-1	0.0
Science_and_technology_magazines	New_South_Wales	neg	-1	0.0
Settlements_by_continent	Iraqi_people	neg	-1	0.0
Births_by_time	Chemical_elements	neg	-1	0.0
Politics_by_issue	Chief_justices_of_Sri_Lanka	neg	-1	0.0
Scientific_disciplines	1969_in_entertainment	neg	-1	0.0
Politics	21st_century_in_Australia	neg	-1	0.0
Biology	2000s_by_city	neg	-1	0.0
Buildings_and_structures_in_the_United_States	Buildings_and_structures_in_Australia	pos	8	0.7
Conflicts	Indo-European_languages	neg	-1	0.0
Abstraction	1982_disestablishments_in_the_United_States	neg	-1	0.0
Alternative_propulsion	21st_century_in_Switzerland	neg	-1	0.0
Racism	Provincial_and_territorial_capitals_of_Canada	neg	-1	0.0
Civil_wars_involving_Asia	Settlements_in_Asia	neg	-1	0.0
Foods	Caribbean_island_nations	neg	-1	0.0
Decision-making	1040s	neg	-1	0.0
Physics	Energy_in_transport	pos	2	0.7
Branches_of_psychology	2024_in_South_Korea	neg	-1	0.0
Categories_by_field	Football_organizations	neg	-1	0.0
Sweden	Buildings_and_structures_in_Sweden_by_type	pos	2	0.65
Physics	Climate_change	pos	5	0.5
Civil_wars_by_continent	2014_in_television	neg	-1	0.0
Building_and_structure_fires	2000s_explosions	pos	5	0.4
Tamils	Asian_culture_by_country	neg	-1	0.0
Physics	Categories_by_field	pos	3	0.2
Time_travel	2010s_independent_movies	neg	-1	0.0
Hungarian_physicists	Government_of_Germany	neg	-1	0.0
Physics	Birth	pos	2	0.0
Sweden	Angolan_politicians	neg	-1	0.0
Physics	Heat	pos	3	0.95
Thermodynamics	1922_in_association_football	neg	-1	0.0
Fires	Disasters_in_the_21st_century	pos	2	0.8
Sports_for_the_disabled	2009_establishments_in_North_America	neg	-1	0.0
Noble_gases	2010s_Canadian_animated_television_series_debuts	neg	-1	0.0
Nature	Civil_wars_by_continent	neg	-1	0.0
Social_sciences	People_by_behavior	neg	-1	0.0
Cancer_deaths_in_the_United_States_by_state	1910s_establishments	neg	-1	0.0
Energy_in_transport	Years_in_Asia	neg	-1	0.0
Philosophers	8th-century_disestablishments	neg	-1	0.0
Health_by_country	South_Asian_countries	pos	4	0.3
Events_in_Asia_by_country	Leaders_of_the_Opposition_(Canada)	neg	-1	0.0
Light	Electromagnetic_radiation	pos	1	0.95
Chemical_reactions	Chemical_processes	pos	1	0.85
Airports_in_Pakistan	Commonwealth_of_Nations	neg	-1	0.0
Planning	1760s_establishments_by_continent	neg	-1	0.0
Objects	People_by_continent_and_occupation	neg	-1	0.0
Shinto_shrines	Lists_of_Shikinaisha_by_location	pos	3	0.9
Healthcare	Personal_life	pos	3	0.3
Cultural_anthropology	Settlements_in_Canterbury_Region	neg	-1	0.0
Name_reactions	Chemical_reactions	pos	1	0.8
Economy_of_the_United_States	Provinces_of_Argentina	neg	-1	0.0
Physicists_by_nationality	Russian_people	neg	-1	0.0
Metaphysics	21st-century_British_drama_television_series	neg	-1	0.0
Civil_wars_involving_Asia	South_Carolina	neg	-1	0.0
Economy_of_the_United_States	Events_by_decade	neg	-1	0.0
Fire	Establishments_in_Texas_by_year	neg	-1	0.0
Science	Sexuality	neg	-1	0.0
Towns_by_continent	Hydrogen	neg	-1	0.0
Airports_by_country	Attacks_on_airports	pos	2	0.6
Museums_in_North_America	Social_concepts	neg	-1	0.0
Physics	Disestablishments_in_Japan_by_century	neg	-1	0.0
Physics	Academia	pos	8	0.3
Branches_of_psychology	Conifers	neg	-1	0.0
Tamils	People_by_political_orientation	neg	-1	0.0
Planets	Sport_in_Scotland	neg	-1	0.0
Events_in_Asia	Geography_of_Saxony	neg	-1	0.0
Physical_quantity	Fires	pos	8	0.0
Magazines_by_type	Years_of_the_15th_century	neg	-1	0.0
Optics	21st-century_military_history	neg	-1	0.0
Scientific_disciplines	Wiltshire	neg	-1	0.0
Cold	Electricity_distribution	neg	-1	0.0
Towns_in_Canada	Ice_hockey_defencemen	neg	-1	0.0
Calculus	2010s_establishments_in_North_America	neg	-1	0.0
Astronomical_objects	Settlements_in_Travis_County,_Texas	neg	-1	0.0
Health_in_the_United_States	Disease-related_deaths_in_the_United_States	pos	1	0.9
Buildings_and_structures_in_Sweden	Multinational_technology_companies	neg	-1	0.0
Wars_involving_Asia	1788	neg	-1	0.0
Social_inequality	British_Isles	neg	-1	0.0
Sports_for_the_disabled	2020s_in_entertainment	neg	-1	0.0
Science	Sega_video_game_consoles	neg	-1	0.0
Injustice	Marvel_Comics_mutants	neg	-1	0.0
Buildings_and_structures_in_North_America	Football_in_Germany	neg	-1	0.0
Cancer_deaths_in_the_United_States	Buildings_and_structures_in_the_United_States_by_state	neg	-1	0.0
Social_inequality	1992_establishments_in_Asia	neg	-1	0.0
Buildings_and_structures_by_continent	Sports_in_the_United_States_by_location	neg	-1	0.0
Analysis	2000s_works	neg	-1	0.0
Optics	Architects	neg	-1	0.0
Measurement	2011_in_television	neg	-1	0.0
Ice_sports	Communes_in_Manche	neg	-1	0.0
Problem_solving_methods	Disasters_in_North_America_by_country	neg	-1	0.0
Transport_in_Asia	20th_century_in_mass_media	neg	-1	0.0
Explosions	Islamic_terrorist_incidents_in_the_United_States	neg	-1	0.0
Disease-related_deaths_in_Nepal	Nepal	pos	1	0.4
Cancer_deaths_in_the_United_States	Cyprus	neg	-1	0.0
Information	1970s_movies	neg	-1	0.0
Temperature	Ice	pos	2	0.6
Building_and_structure_fires	Children's_fiction_books	neg	-1	0.0
Rights	Animal_rights	pos	1	0.8
South_Asian_countries	French_television_series	neg	-1	0.0
Snooker	Portugal	neg	-1	0.0
Airports_by_country	1940s_establishments_in_North_America	neg	-1	0.0
Matter	1850s_by_country	neg	-1	0.0
Settlements_by_continent	1973_works	neg	-1	0.0
Fires	Fire	pos	1	0.95
Human_activities	Administrative_regions_of_France	neg	-1	0.0
Information	American_children's_animated_television_series	neg	-1	0.0
Conceptual_distinctions	1832_in_the_United_States	neg	-1	0.0
Winter_sports	Animals_of_Africa	neg	-1	0.0
Climate_change	Wave_mechanics	neg	-1	0.0
Scientific_terminology	Sportspeople_from_Alaska	neg	-1	0.0
Buildings_and_structures_in_the_United_States_by_type	Sports_organizations_of_Asia	neg	-1	0.0
Building_and_structure_fires	Overseas_Regions_of_France	neg	-1	0.0
Civil_wars	20th_century_in_Asia	neg	-1	0.0
Evaluation	Canadian_children's_television_series_by_decade	neg	-1	0.0
Perception	Herford_(district)	neg	-1	0.0
Physics	Mathematics	pos	3	0.6
Comparisons	1760s_establishments_in_North_America	neg	-1	0.0
Issues_in_ethics	Injustice	pos	2	0.7
Calculus	Districts_of_Pakistan	neg	-1	0.0
Healthcare	2010s_in_sports	neg	-1	0.0
Social_psychology	2040s	neg	-1	0.0
Logic	1990s_in_animation	neg	-1	0.0
Airports_in_Europe_by_country	10s_BC	neg	-1	0.0
Disease-related_deaths_by_country	Writing	neg	-1	0.0
Race	Vehicles_by_brand	neg	-1	0.0
Causality	Cities_in_Texas_by_county	neg	-1	0.0
Events	Events_in_Asia	pos	1	0.8
Social_issues	Empires	neg	-1	0.0
Suicides_by_country	1970s_television_series_by_country	neg	-1	0.0
Branches_of_philosophy	Furniture	neg	-1	0.0
Law_occupations	Establishments_in_Georgia_(U.S._state)_by_year	neg	-1	0.0
Observation	Planning	neg	-1	0.0
States_of_matter	Cities_in_Pennsylvania	neg	-1	0.0
Physics	Human_activities	pos	3	0.2
Geology	Puerto_Rico	neg	-1	0.0
Healthy_lifestyle	Physical_exercise	pos	2	0.8
Health_by_country	1958_movies	neg	-1	0.0
Shinto_shrines_by_ranking	Years_of_the_14th_century	neg	-1	0.0
Temperature	Geography_of_New_Mexico	neg	-1	0.0
Cancer_deaths_by_country	1948_crime_movies	neg	-1	0.0
Health_in_the_United_States	Healthcare	pos	3	0.9
Intellectual_works	Planning	pos	2	0.3
Logic	Ethnic_groups_in_Russia	neg	-1	0.0
Wars_involving_Asia	French_television_series_by_studio	neg	-1	0.0
Transport_in_Sweden	1920_establishments_in_Europe	neg	-1	0.0
Categories_by_field	Categories_by_century_and_country	neg	-1	0.0
Observation	Islands_of_Asia	neg	-1	0.0
Popularity	Texas_counties	neg	-1	0.0
Waste	Chemical_processes	neg	-1	0.0
Anthropology	People_from_South_Holland	neg	-1	0.0
Tamils	Establishments_by_decade_and_continent	neg	-1	0.0
Settlements_by_continent	Settlements_in_Oceania	pos	1	0.85
Anthropology	Settlements_in_Glenn_County,_California	neg	-1	0.0
Society	19th_century_in_Africa	neg	-1	0.0
Concepts_by_field	Drama_television_series_by_genre	neg	-1	0.0
Buildings_and_structures_in_Australia	20th_century_in_Massachusetts	neg	-1	0.0
Classification_systems_by_subject	Governorates_of_Kuwait	neg	-1	0.0
Metaphysics	Municipalities_of_North_Holland	neg	-1	0.0
Intellectual_works	Classification_systems_by_subject	neg	-1	0.0
Tools	Oceans	neg	-1	0.0
Anthropology	Musicians_by_city	neg	-1	0.0
Time	Cancer_deaths_in_the_United_States	neg	-1	0.0
Critical_thinking	2005_disestablishments_by_continent	neg	-1	0.0
Physics	Astronomical_objects	pos	5	0.7
Snooker_tournaments	1919_by_continent	neg	-1	0.0
Thought	2008_in_North_America	neg	-1	0.0
Disasters_in_buildings_and_structures	Japanese_art	neg	-1	0.0
Engineering	Nonmetals	neg	-1	0.0
Physical_quantity	Temperature	pos	1	0.9
Buildings_and_structures_in_North_America_by_country	People_from_Atlanta_by_occupation	neg	-1	0.0
Alternative_propulsion	1920s_establishments_by_continent	neg	-1	0.0
Food_companies	1980s	neg	-1	0.0
Concepts	Voting	neg	-1	0.0
Physics	1861_establishments	neg	-1	0.0
Buildings_and_structures_in_Europe	South_East_England	neg	-1	0.0
Conceptual_distinctions	Classification_systems	pos	1	0.7
Mathematical_analysis	Cities_in_Portage_County,_Ohio	neg	-1	0.0
Observation	2010s_establishments_in_Asia	neg	-1	0.0
Explosions_by_country	Biomes	neg	-1	0.0
Alternative_propulsion	Japan	neg	-1	0.0
Disasters_in_the_21st_century	Establishments_in_Alabama_by_century	neg	-1	0.0
Branches_of_botany	Roman_politicians	neg	-1	0.0
Electromagnetism	Alumni_by_university_or_college_in_the_United_States	neg	-1	0.0
Buildings_and_structures_in_Japan_by_type	British_Empire	neg	-1	0.0
Scientific_classification	1888_establishments_by_continent	neg	-1	0.0
Social_status	Zoology	neg	-1	0.0
Civil_wars_involving_Asia	Modern_art	neg	-1	0.0
Buildings_and_structures_in_Japan_by_type	Philanthropists_from_Louisiana	neg	-1	0.0
Classical_mechanics	Olympians	neg	-1	0.0
Creative_works	1970s_in_South_America	neg	-1	0.0
Temperature	Cold	pos	1	0.85
Physics	Light	pos	3	0.85
Lists_of_Shikinaisha_by_location	1992	neg	-1	0.0
Disease-related_deaths_in_Nepal	American_models_by_state	neg	-1	0.0
Fire	Saône-et-Loire	neg	-1	0.0
Geologists	Korea	neg	-1	0.0
Building_and_structure_fires_in_Europe	Buildings_and_structures_in_Sweden	pos	3	0.4
Economists_by_nationality	Years_in_Australia	neg	-1	0.0
Engineering_disciplines	15th-century_people	neg	-1	0.0
Tamils	Non-profit_organizations	neg	-1	0.0
Transport_in_Asia	History_of_Asia	pos	2	0.5
Events_in_the_United_States	Christian_clergy	neg	-1	0.0
Physical_objects	Political_concepts	neg	-1	0.0
Science_in_society	Healthy_lifestyle	pos	4	0.3
Health	Sports_for_the_disabled	pos	2	0.6
Buildings_and_structures_in_Oceania	2020s_in_association_football	neg	-1	0.0
Oscillation	Waves	pos	1	0.8
Physics	Subfields_of_geology	pos	5	0.5
Explosions_by_country	Television_series_about_show_business	neg	-1	0.0
Buildings_and_structures_in_the_United_States_by_type	Decades_in_Ireland	neg	-1	0.0
Cancer_deaths_by_country	American_baseball_players	neg	-1	0.0
Race	Queen_(band)	neg	-1	0.0
Humans	History_of_the_United_Kingdom_by_century	neg	-1	0.0
Human_activities	1940_establishments_in_North_America	neg	-1	0.0
Disease-related_deaths_in_the_United_States	Centuries_in_Missouri	neg	-1	0.0
Scientists_by_field	Cities_in_Israel	neg	-1	0.0
Issues_in_ethics	Establishments_in_New_York_(state)_by_decade	neg	-1	0.0
Nutrition	Prime_ministers_of_Latvia	neg	-1	0.0
Evaluation	European_entertainers	neg	-1	0.0
Intellectual_works	Pishin_District	neg	-1	0.0
Law_occupations	Decades_in_Florida	neg	-1	0.0
Social_sciences_terminology	1870s_in_the_United_States	neg	-1	0.0
Engineering_disciplines	Performing_groups_established_in_the_21st_century	neg	-1	0.0
Physics	Freemasonry	neg	-1	0.0
Peace	Diplomacy	pos	1	0.7
Scientific_terminology	Establishments_in_Japan_by_millennium	neg	-1	0.0
Building_and_structure_fires	Canadian_television_series_by_decade	neg	-1	0.0
Buildings_and_structures_in_the_United_States_by_type	Brain	neg	-1	0.0
Astronomical_objects	DC_Comics_superheroes	neg	-1	0.0
Noble_gas_compounds	Death_customs	neg	-1	0.0
Physics	Time_travel	pos	2	0.1
Subfields_of_physics	Counties_in_the_Central_Valley_of_California	neg	-1	0.0
Cold	African_entertainers	neg	-1	0.0
Building_and_structure_fires	Building_and_structure_fires_in_Europe	pos	1	0.9
Society	Wars_involving_Lebanon	neg	-1	0.0
Civil_wars_involving_Asia	Philippine_television_series_debuts_by_decade	neg	-1	0.0
Transport_in_Pakistan	Puerto_Rican_entertainers	neg	-1	0.0
Physics	Creation_myths	pos	3	0.0
Fire	1947_disestablishments_in_Europe	neg	-1	0.0
Subfields_by_academic_discipline	2nd-millennium_establishments_in_Argentina	neg	-1	0.0
Geologists	Science_occupations	pos	2	0.8
Events_in_India	2010s_in_Singaporean_animation	neg	-1	0.0
Politics_by_issue	Travis_County,_Texas	neg	-1	0.0
Nepal	1832_in_the_United_States	neg	-1	0.0
History_of_India	Disestablishments_by_millennium	neg	-1	0.0
Health_in_the_United_States	Northern_Mindanao	neg	-1	0.0
Science_and_technology_magazines	Baseball_players_by_nationality	neg	-1	0.0
Physicists_by_nationality	Hungarian_physicists	pos	1	0.9
Innovation	21st-century_animated_television_series_by_country	neg	-1	0.0
Physicists_by_nationality	Regions_of_Ontario	neg	-1	0.0
Atmosphere	Odax	neg	-1	0.0
Metaphysicians	People_from_Extremadura	neg	-1	0.0
Technology	Cities_in_Gelderland	neg	-1	0.0
Electromagnetism	People_from_Prussia	neg	-1	0.0
2000s_explosions	Departments_in_Auvergne-Rhône-Alpes	neg	-1	0.0
South_Asian_countries	Sri_Lankan_people	pos	2	0.7
Towns_by_continent	1798_establishments	neg	-1	0.0
Cold	Australian_sportspeople	neg	-1	0.0
Fields_of_mathematics	Geography_of_New_York_(state)	neg	-1	0.0
Optics	1830s_establishments_in_Georgia_(U.S._state)	neg	-1	0.0
Climate	Thermodynamics	neg	-1	0.0
Disease-related_deaths_in_Nepal	Indian_television	neg	-1	0.0
Law	Establishments_in_the_Philippines_by_decade	neg	-1	0.0
Organized_crime	New_Jersey_counties	neg	-1	0.0
Nutrition	Self-care	pos	1	0.5
Cultural_anthropology	People_from_Anchorage,_Alaska	neg	-1	0.0
Buildings_and_structures_by_country_and_type	Television_production_companies_of_the_United_Kingdom	neg	-1	0.0
Objects	Matter	pos	3	0.6
Buildings_and_structures_in_Europe	16th_century	neg	-1	0.0
Light	1867_establishments_in_North_America	neg	-1	0.0
Chemical_reactions	Cities_in_Iran	neg	-1	0.0
Museums_in_North_America	2019_in_American_sports	neg	-1	0.0
Oscillation	17th_century_by_continent	neg	-1	0.0
Sociological_terminology	Establishments_in_the_Thirteen_Colonies_by_decade	neg	-1	0.0
Pardon	Cities_in_Marvdasht_County	neg	-1	0.0
Snooker_tournaments	Swedish_music	neg	-1	0.0
Social_status	Popular_culture	pos	2	0.3
Humans	Politics_of_Malaysia	neg	-1	0.0
Optics	Uttar_Pradesh	neg	-1	0.0
Buildings_and_structures_by_continent	1600s_endings	neg	-1	0.0
Environmental_issues	1870s_in_the_United_Kingdom	neg	-1	0.0
Oscillation	Murderers_by_nationality	neg	-1	0.0
Technology	Sports_organizations_of_the_United_States	neg	-1	0.0
Time	Establishments_in_the_Philippines_by_century	neg	-1	0.0
Events_by_country	New_Mexico	neg	-1	0.0
Electromagnetism	Education_by_continent	neg	-1	0.0
Buildings_and_structures_in_Sweden	Middle_Eastern_people	neg	-1	0.0
Ethics	Models_by_nationality	neg	-1	0.0
Leadership	1430s_in_Europe	neg	-1	0.0
Health	Self-care	pos	2	0.7
Buildings_and_structures_in_the_United_States	Fantasy-comedy_movies_by_decade	neg	-1	0.0
Climate_change	Deaths_by_firearm	neg	-1	0.0
Thermodynamics	Districts	neg	-1	0.0
Occupations	Scandals	neg	-1	0.0
Justice	Pardon	pos	2	0.6
Problem_solving	2020s_in_military_history	neg	-1	0.0
Transport_in_Sweden	Sport_in_the_Netherlands	neg	-1	0.0
Creation_myths	United_Nations_specialized_agencies	neg	-1	0.0
Ethnic_groups_in_India	Sport_in_North_America_by_country	neg	-1	0.0
Disease-related_deaths_in_Indonesia	19th-century_endings	neg	-1	0.0
Ice	People_from_Łódź_by_occupation	neg	-1	0.0
