# Engineering-only scored slice (gen_engineering_pairs.py, 2 Haiku subagents ~33k tok): pos_eng (within-Engineering, 36-node pool),
# cross_EP (Eng×Physics Mech/Thermo high-to-both), cross_ES/EM/EC (Eng×{CS,Math,Chem}) + free negatives. cols: a<TAB>b<TAB>stratum<TAB>walk_len<TAB>mu
Engineering	Architectural_styles	pos_eng	5	0.60
Green_vehicles	Political_violence	neg	-1	0.0
Water_infrastructure	Establishments_in_Mexico_by_year	neg	-1	0.0
Computer_engineers	Animated_adventure_television_series	neg	-1	0.0
Electronics	1365	neg	-1	0.0
Engineers	Passeri	neg	-1	0.0
Watercraft	Digital_media	neg	-1	0.0
Virtual_reality	1907_establishments	neg	-1	0.0
Telephone	1889_by_continent	neg	-1	0.0
Water	Transport_infrastructure	pos_eng	-1	0.40
Telephone	2019_in_American_sports	neg	-1	0.0
Engineers	Navseasoncats_nordinal_redirected	neg	-1	0.0
Architecture	Architectural_styles	pos_eng	1	0.85
Buildings_and_structures	1870s_in_the_United_Kingdom	neg	-1	0.0
Architectural_styles	1960s_establishments_in_Norway	neg	-1	0.0
Engineers_by_nationality	Theatre	neg	-1	0.0
Virtual_reality	Regions_of_Africa	neg	-1	0.0
Buildings_and_structures	People_from_East_Dunbartonshire	neg	-1	0.0
Land_vehicles	Mass_media_by_topic	neg	-1	0.0
Engineers_by_nationality	Portage_County,_Ohio	neg	-1	0.0
Civil_engineering	Republics_of_Russia	neg	-1	0.0
Architectural_styles	Puppets	neg	-1	0.0
Virtual_reality	Acoustics	cross_EP	-1	0.20
Architectural_styles	Sportspeople_by_continent	neg	-1	0.0
Virtual_reality	Mechanics	cross_EP	-1	0.40
Engineers	Problem_solving	cross_EM	-1	0.50
Telephone	Comedy_television_series_by_genre	neg	-1	0.0
Amusement_rides	Differential_equations	cross_EM	-1	0.40
Radio	1896	neg	-1	0.0
Mobile_phones	Italian_politicians	neg	-1	0.0
Virtual_reality	Apple_silicon	cross_ES	-1	0.50
Construction	Mayors	neg	-1	0.0
Virtual_reality	Chemicals	cross_EC	-1	0.10
Telephone_numbers	Vehicles_by_brand	pos_eng	-1	0.10
Water	1968_works	neg	-1	0.0
Materials	DC_Comics_characters	neg	-1	0.0
Telephone_numbers	Sport_in_Costa_Rica	neg	-1	0.0
Engineering	Amusement_rides	pos_eng	4	0.60
Audio_technology	2019_Indian_television_series_endings	neg	-1	0.0
Machines	1970s_establishments_in_Argentina	neg	-1	0.0
Water_infrastructure	Sport_in_Africa	neg	-1	0.0
Architecture	1190s_deaths	neg	-1	0.0
Virtual_reality	Computer_scientists_by_nationality	cross_ES	-1	0.30
Architecture	People_from_Kansas	neg	-1	0.0
Radio	2000s_building_bombings	neg	-1	0.0
Civil_engineering	Adventure_movies_by_year	neg	-1	0.0
American_engineers	Virtual_reality	pos_eng	-1	0.20
Electronics	2000s_in_the_United_States_by_state	neg	-1	0.0
Telecommunications	Regions_of_Europe_by_country	neg	-1	0.0
Telecommunications	1895_establishments_by_country	neg	-1	0.0
Green_vehicles	People_by_city_in_France	neg	-1	0.0
Audio_technology	National_symbols_of_Spain	neg	-1	0.0
Water	Noble_gases	cross_EC	-1	0.00
Water	Settlements_in_Cook_County,_Illinois	neg	-1	0.0
Construction	Materials	pos_eng	1	0.70
Electronics	National_symbols_by_country	neg	-1	0.0
Civil_engineering	Centuries_in_Argentina	neg	-1	0.0
Engineers	19th-century_establishments_in_Africa	neg	-1	0.0
Materials	Archbishops	neg	-1	0.0
Vehicles	1967_in_entertainment	neg	-1	0.0
Infrastructure	Years_of_the_19th_century_by_continent	neg	-1	0.0
Green_vehicles	American_preschool_education_television_series	neg	-1	0.0
Construction	Sicily	neg	-1	0.0
Buildings_and_structures	15th-century_deaths	neg	-1	0.0
Water_infrastructure	Frank_Sinatra_songs	neg	-1	0.0
Land_vehicles	3rd_millennium_in_Africa	neg	-1	0.0
Mobile_phones	Chemistry	cross_EC	-1	0.30
Green_vehicles	Employment	neg	-1	0.0
Buildings_and_structures	1860s_establishments_by_continent	neg	-1	0.0
Roller_coasters	British_drama_television_series	neg	-1	0.0
Materials	Classical_mechanics	cross_EP	-1	0.60
Green_vehicles	British_criminals	neg	-1	0.0
Vehicles_by_brand	Electronics	pos_eng	-1	0.40
Radio	North_America	neg	-1	0.0
Machines	Electronics	pos_eng	1	0.75
Electronics	Video_game_consoles	pos_eng	1	0.40
Engineers	American_computer_engineers	pos_eng	3	0.70
Architecture	1975	neg	-1	0.0
Machines	1990s_television_series_endings	neg	-1	0.0
Engineers_by_nationality	2013_by_continent	neg	-1	0.0
Audio_technology	Differential_equations	cross_EM	-1	0.30
Telephone_numbers	Designers	neg	-1	0.0
Engineering_disciplines	Scientists_from_Oklahoma	neg	-1	0.0
Telecommunications	2020s_comedy_television_series_by_country	neg	-1	0.0
Construction	Federal_government_of_the_United_States	neg	-1	0.0
Architectural_styles	Musicians_by_instrument	neg	-1	0.0
Telecommunications	2013_in_American_television	neg	-1	0.0
Water	Disestablishments_in_the_United_Kingdom_by_year	neg	-1	0.0
Materials	Romance_movies_by_genre	neg	-1	0.0
Watercraft	2000s_Australian_children's_television_series	neg	-1	0.0
Radio	1960s_establishments_by_continent	neg	-1	0.0
Engineering	Materials	pos_eng	4	0.70
Radio	Thermodynamics	cross_EP	-1	0.50
Water_infrastructure	2010s_works	neg	-1	0.0
American_engineers	Video_games_about_cannibalism	neg	-1	0.0
Telephone	2000s_Norwegian_television_series	neg	-1	0.0
Telephone_numbers	Engineering_disciplines	pos_eng	-1	0.20
Architecture	Boroughs_of_the_United_States	neg	-1	0.0
Engineers	1190s	neg	-1	0.0
Vehicles	Multnomah_County,_Oregon	neg	-1	0.0
Engineers	20th-century_American_people	neg	-1	0.0
Architectural_styles	20th-century_establishments_in_Texas	neg	-1	0.0
Engineering_disciplines	Transport_infrastructure	pos_eng	-1	0.80
Video_game_consoles	20th_century_in_India	neg	-1	0.0
American_engineers	Musical_groups_established_in_the_21st_century	neg	-1	0.0
Materials	Norwegian_people	neg	-1	0.0
Architecture	People_from_Austin,_Texas	neg	-1	0.0
Buildings_and_structures	Heat	cross_EP	-1	0.30
Electronics	Telephone	pos_eng	2	0.80
Engineering	Sport_in_Iran	neg	-1	0.0
Materials	German_federal_ministries	neg	-1	0.0
Land_vehicles	2020s_television_series_by_country	neg	-1	0.0
Architects	1911_establishments	neg	-1	0.0
Virtual_reality	2000s_in_television	neg	-1	0.0
Green_vehicles	Noble_gas_compounds	neg	-1	0.0
Green_vehicles	Ministers-President_of_North_Rhine-Westphalia	neg	-1	0.0
Radio	1951	neg	-1	0.0
Water_infrastructure	People_from_Denver	neg	-1	0.0
Telephone	Establishments_in_Northern_Ireland	neg	-1	0.0
Engineers	Skating	neg	-1	0.0
American_computer_engineers	Commanders_of_the_Royal_Victorian_Order	neg	-1	0.0
Civil_engineering	Journalists_from_Rhode_Island	neg	-1	0.0
Electronics	Musical_entertainers	neg	-1	0.0
Green_vehicles	Animated_adventure_television_series	neg	-1	0.0
Machines	Crime_by_continent	neg	-1	0.0
Machines	Websites	cross_ES	-1	0.00
Computer_engineers	Attacks_on_buildings_and_structures_in_the_United_States	neg	-1	0.0
Telephone	2015_establishments_in_Canada	neg	-1	0.0
Amusement_rides	Geography_of_Italy	neg	-1	0.0
Mechanical_engineering	People_from_Hawaii	neg	-1	0.0
Telecommunications	Years_in_Nevada	neg	-1	0.0
Green_vehicles	2008_disestablishments_in_North_America	neg	-1	0.0
Audio_technology	English_people_by_occupation	neg	-1	0.0
Machines	Royalty_and_nobility	neg	-1	0.0
Architectural_styles	Decades_in_North_America	neg	-1	0.0
Infrastructure	Finnish_people_by_occupation	neg	-1	0.0
American_computer_engineers	Mechanics	cross_EP	-1	0.30
Engineering_disciplines	Materials	pos_eng	3	0.75
Electronics	Drama_movies_by_genre	neg	-1	0.0
Engineering_disciplines	Operating_systems	cross_ES	-1	0.40
Vehicles_by_brand	Movies_set_in_the_1940s	neg	-1	0.0
Civil_engineering	Heat	cross_EP	-1	0.50
Machines	2013_American_animation	neg	-1	0.0
Radio	Software	cross_ES	-1	0.40
Mechanical_engineering	3rd-century_people	neg	-1	0.0
American_computer_engineers	1935_works	neg	-1	0.0
Architects	Television_series_by_country_by_studio	neg	-1	0.0
Engineers_by_nationality	Critical_thinking	cross_EM	-1	0.20
Virtual_reality	Apple_A_series	neg	-1	0.0
Watercraft	1980_establishments_in_Africa	neg	-1	0.0
Telephone_numbers	Buddy_movies	neg	-1	0.0
Machines	Nonmetals	cross_EC	-1	0.00
Construction	1956	neg	-1	0.0
Engineering_disciplines	Amusement_rides	pos_eng	3	0.65
Telephone	Nitrogen_compounds	cross_EC	-1	0.00
Architecture	Children's_books	neg	-1	0.0
Telephone_numbers	Guitarists_by_nationality	neg	-1	0.0
Engineering_disciplines	Hawaii	neg	-1	0.0
Audio_technology	Comedy_drama	neg	-1	0.0
Radio	Classical_mechanics	cross_EP	-1	0.50
Video_game_consoles	1968	neg	-1	0.0
Mobile_phones	British_television_news_programs_by_decade	neg	-1	0.0
Vehicles_by_brand	Classical_mechanics	cross_EP	-1	0.40
Engineers	Suburbs_of_Christchurch	neg	-1	0.0
Engineers_by_nationality	History_of_the_Netherlands	neg	-1	0.0
American_computer_engineers	1940s_in_television	neg	-1	0.0
Video_game_consoles	Cities_in_California_by_county	neg	-1	0.0
Machines	Chemical_compounds_by_group	cross_EC	-1	0.10
Water	1937	neg	-1	0.0
Telephone_numbers	2010s_adventure_television_series	neg	-1	0.0
Video_game_consoles	Basketball_players	neg	-1	0.0
Materials	Canadian_animated_television_series_debuts_by_decade	neg	-1	0.0
Telephone	UK_Independence_Party	neg	-1	0.0
Audio_technology	American_computer_engineers	pos_eng	-1	0.30
Land_vehicles	Comics_characters	neg	-1	0.0
Video_game_consoles	Hydrogen_compounds	cross_EC	-1	0.00
Architectural_styles	Broadcasting	neg	-1	0.0
American_engineers	American_computer_engineers	pos_eng	1	0.80
Vehicles	Japanese_people_by_occupation	neg	-1	0.0
Telephone	1925	neg	-1	0.0
Architecture	Amusement_rides	pos_eng	-1	0.40
American_computer_engineers	Thermodynamics	cross_EP	-1	0.20
Architectural_styles	Politics_of_South_Africa	neg	-1	0.0
Telecommunications	New_York_City	neg	-1	0.0
Amusement_rides	Former_countries_by_continent	neg	-1	0.0
Radio	Books_by_century	neg	-1	0.0
Land_vehicles	Football_in_South_America_by_country	neg	-1	0.0
Materials	Noble_gas_compounds	cross_EC	-1	0.20
Construction	Computer_processors	cross_ES	-1	0.30
Virtual_reality	Literature	neg	-1	0.0
American_computer_engineers	Television_episodes	neg	-1	0.0
Vehicles	Settlements_in_Iran	neg	-1	0.0
Roller_coasters	Establishments_in_New_Spain_by_century	neg	-1	0.0
Amusement_rides	Organizations_based_in_Asia	neg	-1	0.0
Roller_coasters	Chicago	neg	-1	0.0
Architects	Drama	neg	-1	0.0
Virtual_reality	1961_disestablishments_in_North_America	neg	-1	0.0
Roller_coasters	People_from_Rhode_Island_by_occupation	neg	-1	0.0
Audio_technology	Architects	pos_eng	-1	0.40
Vehicles	Sports_in_Philadelphia	neg	-1	0.0
Construction	Italian_people_by_location	neg	-1	0.0
Telephone_numbers	Civil_engineering	pos_eng	-1	0.20
Telephone_numbers	2010s_American_animated_television_series_endings	neg	-1	0.0
Engineering_disciplines	PBS_Kids_shows	neg	-1	0.0
Engineers_by_nationality	870s	neg	-1	0.0
Radio	Decades_in_the_United_States	neg	-1	0.0
Roller_coasters	Video_game_consoles	pos_eng	-1	0.10
Roller_coasters	Merseyside	neg	-1	0.0
Amusement_rides	Corsica	neg	-1	0.0
Vehicles	Acoustics	cross_EP	-1	0.20
Vehicles_by_brand	French_television	neg	-1	0.0
Vehicles_by_brand	Musical_movies	neg	-1	0.0
American_engineers	Guns_N'_Roses_songs	neg	-1	0.0
Construction	Architectural_styles	pos_eng	2	0.80
Audio_technology	Births_by_time	neg	-1	0.0
Telephone	Bodies_of_water_of_Africa	neg	-1	0.0
Infrastructure	Computer_networking	cross_ES	-1	0.40
Materials	Water_infrastructure	pos_eng	2	0.50
Computer_engineers	Water	pos_eng	-1	0.20
Green_vehicles	American_software_companies	cross_ES	-1	0.10
American_computer_engineers	Radio	pos_eng	-1	0.30
Telephone	1973_in_Asia	neg	-1	0.0
Mechanical_engineering	1990s_in_Europe	neg	-1	0.0
Architectural_styles	Politics_of_Australia	neg	-1	0.0
Buildings_and_structures	Supermarkets_by_country	neg	-1	0.0
Land_vehicles	Census-designated_places_in_Massachusetts	neg	-1	0.0
Vehicles	Literature_by_genre	neg	-1	0.0
Architectural_styles	1980s_in_British_television	neg	-1	0.0
Architects	Software	cross_ES	-1	0.30
Mobile_phones	Audio_technology	pos_eng	-1	0.70
Architecture	Cities_in_São_Paulo_(state)	neg	-1	0.0
Water_infrastructure	1950s_television_series	neg	-1	0.0
Telephone_numbers	Heads_of_state_by_continent	neg	-1	0.0
American_engineers	Computer_engineers	pos_eng	-1	0.85
Water	2019_in_Asia	neg	-1	0.0
American_engineers	Ice_hockey_players_by_club_in_Canada	neg	-1	0.0
Water	French_animated_comedy_television_series	neg	-1	0.0
Green_vehicles	Single-player_video_games	cross_ES	-1	0.00
Virtual_reality	Suicides	neg	-1	0.0
Amusement_rides	1833	neg	-1	0.0
Telephone_numbers	Classical_mechanics	cross_EP	-1	0.10
Engineering_disciplines	British_drama_television_series	neg	-1	0.0
Materials	Critical_thinking_skills	cross_EM	-1	0.20
Mobile_phones	People_from_Brisbane_by_occupation	neg	-1	0.0
Engineering_disciplines	2010s_disestablishments_by_continent	neg	-1	0.0
Vehicles	Oceania	neg	-1	0.0
Infrastructure	2005_in_Europe	neg	-1	0.0
Water_infrastructure	Genres	neg	-1	0.0
Radio	Establishments_in_the_United_States_by_decade	neg	-1	0.0
Video_game_consoles	People_by_region_in_Italy	neg	-1	0.0
Transport_infrastructure	Mechanical_engineering	pos_eng	-1	0.80
Machines	Geography_of_Palestine	neg	-1	0.0
Mechanical_engineering	Physiology	neg	-1	0.0
Land_vehicles	21st-century_disestablishments_in_the_United_States	neg	-1	0.0
Infrastructure	2014_establishments	neg	-1	0.0
Amusement_rides	Business_organizations	neg	-1	0.0
Engineers_by_nationality	Murder_in_the_2010s	neg	-1	0.0
Architects	Austin,_Texas	neg	-1	0.0
Architectural_styles	2010s_in_the_United_States	neg	-1	0.0
Vehicles	1882_establishments	neg	-1	0.0
Infrastructure	Water_infrastructure	pos_eng	1	0.85
Water	Olympic_medalists_by_country	neg	-1	0.0
Vehicles	Fires	neg	-1	0.0
Telecommunications	Telephone_numbers	pos_eng	2	0.90
Architectural_styles	Government_institutions	neg	-1	0.0
Water	Politics_of_Scotland	neg	-1	0.0
Infrastructure	760s_disestablishments	neg	-1	0.0
Water_infrastructure	Optics	cross_EP	-1	0.20
Audio_technology	Sports_events	neg	-1	0.0
Engineers_by_nationality	Watercraft	pos_eng	-1	0.20
Materials	Leo_Sayer_songs	neg	-1	0.0
Radio	Ecuadorian_people	neg	-1	0.0
Engineering	Vehicles_by_brand	pos_eng	5	0.50
Telephone_numbers	2010s_Canadian_animated_adventure_television_series	neg	-1	0.0
Engineering	People_from_Brussels-Capital_Region	neg	-1	0.0
Electronics	Video_games_by_genre	cross_ES	-1	0.20
Roller_coasters	1992_establishments_by_continent	neg	-1	0.0
Engineering_disciplines	Passeriformes	neg	-1	0.0
Electronics	Accountability	neg	-1	0.0
Roller_coasters	1985_establishments_by_country	neg	-1	0.0
Architecture	Musical_groups_by_century_of_establishment	neg	-1	0.0
Materials	Decades	neg	-1	0.0
Buildings_and_structures	Companies_of_Asia_by_industry	neg	-1	0.0
Mechanical_engineering	1980s_in_the_United_Kingdom	neg	-1	0.0
Virtual_reality	Sport_in_Tanzania	neg	-1	0.0
Water_infrastructure	1896_establishments	neg	-1	0.0
Amusement_rides	2010s_video_games	neg	-1	0.0
Virtual_reality	Australian_movies	neg	-1	0.0
Machines	Land_vehicles	pos_eng	2	0.80
Engineering	Romance_movies_by_decade	neg	-1	0.0
Watercraft	21st_century_in_Ghana	neg	-1	0.0
American_engineers	Nitrates	neg	-1	0.0
Water	1997_books	neg	-1	0.0
Vehicles_by_brand	Sportspeople_by_country_and_city	neg	-1	0.0
Vehicles_by_brand	Video_game_consoles	pos_eng	-1	0.10
Green_vehicles	1950s_establishments_in_South_America	neg	-1	0.0
Engineering	20th-century_establishments_in_the_Netherlands	neg	-1	0.0
Construction	Events_in_the_United_Kingdom	neg	-1	0.0
Mobile_phones	19th-century_disestablishments	neg	-1	0.0
Buildings_and_structures	Water_infrastructure	pos_eng	2	0.60
Machines	Cities_in_Tarrant_County,_Texas	neg	-1	0.0
Water	1937_drama_movies	neg	-1	0.0
Computer_engineers	Scottish_sportspeople	neg	-1	0.0
Watercraft	Finnish_people_by_location	neg	-1	0.0
Vehicles	Watercraft	pos_eng	1	0.80
Vehicles	Green_vehicles	pos_eng	1	0.80
Architects	Establishments_in_the_United_Kingdom_by_year	neg	-1	0.0
Materials	Vehicles_by_brand	pos_eng	-1	0.40
Machines	Roller_coasters	pos_eng	2	0.75
Construction	2005_by_continent	neg	-1	0.0
Architectural_styles	1990s_in_the_United_Kingdom	neg	-1	0.0
Engineers	21st-century_military_history	neg	-1	0.0
Engineering	1350s_beginnings	neg	-1	0.0
Radio	Politics_of_Poland	neg	-1	0.0
Computer_engineers	Gelderland	neg	-1	0.0
Roller_coasters	Football_in_Germany	neg	-1	0.0
Architectural_styles	20th_century_in_France	neg	-1	0.0
Engineering_disciplines	Critical_thinking_skills	cross_EM	-1	0.30
Roller_coasters	British_musicians	neg	-1	0.0
Amusement_rides	Template_Year_in_country_category_with_prefix_available_though_CountryPrefixThe	neg	-1	0.0
Engineers_by_nationality	Acoustics	cross_EP	-1	0.20
Mobile_phones	Oxygen	cross_EC	-1	0.10
Electronics	2004_musical_movies	neg	-1	0.0
Electronics	Calculus	cross_EM	-1	0.30
Telephone_numbers	21st-century_Singaporean_animated_television_series	neg	-1	0.0
Infrastructure	19th-century_establishments_by_country	neg	-1	0.0
Telecommunications	20th-century_establishments_in_Europe	neg	-1	0.0
Mechanical_engineering	Municipalities_in_Barcelona	neg	-1	0.0
Mobile_phones	Virtual_reality	neg	-1	0.0
Vehicles	Philippine_television_series	neg	-1	0.0
Architectural_styles	Biomes	neg	-1	0.0
Engineers	Motion_(physics)	cross_EP	-1	0.50
Architects	1974_in_Europe	neg	-1	0.0
Buildings_and_structures	1st-millennium_deaths	neg	-1	0.0
Green_vehicles	Establishments_in_Spain_by_millennium	neg	-1	0.0
Engineering_disciplines	Electronics	pos_eng	3	0.85
Telephone	Buildings_and_structures_by_continent	neg	-1	0.0
Audio_technology	1940_establishments	neg	-1	0.0
Watercraft	Television_in_the_United_States_by_decade	neg	-1	0.0
Engineering	Companies_based_in_Boston	neg	-1	0.0
Engineers	2019_television_series_endings	neg	-1	0.0
Video_game_consoles	Movies_by_century	neg	-1	0.0
Mobile_phones	Politics_of_Poland	neg	-1	0.0
Amusement_rides	Skeeter_Davis_songs	neg	-1	0.0
Water_infrastructure	1970s_drama_movies	neg	-1	0.0
Engineering	2000s_Australian_children's_television_series	neg	-1	0.0
Land_vehicles	Optics	cross_EP	-1	0.20
Land_vehicles	Singers_from_Denver	neg	-1	0.0
Engineering	Territories	neg	-1	0.0
American_computer_engineers	Choral_compositions	neg	-1	0.0
Green_vehicles	Movies_directed_by_Lew_Landers	neg	-1	0.0
Civil_engineering	Political_parties_in_the_United_Kingdom	neg	-1	0.0
Water	20th-century_Canadian_television_series	neg	-1	0.0
Engineering_disciplines	6th-century_people	neg	-1	0.0
Engineers_by_nationality	1978_by_country	neg	-1	0.0
Infrastructure	Video_games_by_genre	cross_ES	-1	0.10
Audio_technology	Android_(operating_system)	cross_ES	-1	0.30
Transport_infrastructure	People_from_South_Carolina_by_occupation	neg	-1	0.0
Video_game_consoles	1860s	neg	-1	0.0
Video_game_consoles	Murder_in_2014	neg	-1	0.0
Engineering	Architects	pos_eng	5	0.80
Water_infrastructure	Computer_hardware_by_type	cross_ES	-1	0.20
Buildings_and_structures	Ethnic_groups_in_India	neg	-1	0.0
Architecture	Coats_of_arms	neg	-1	0.0
Amusement_rides	2005_in_Europe	neg	-1	0.0
Computer_engineers	2020s_in_association_football	neg	-1	0.0
Vehicles	Settlements_in_India_by_state	neg	-1	0.0
Vehicles	Neighborhoods	neg	-1	0.0
Infrastructure	Landforms	neg	-1	0.0
Infrastructure	2009_by_country	neg	-1	0.0
Infrastructure	Canadian_educational_television_series	neg	-1	0.0
Civil_engineering	2015_in_Europe	neg	-1	0.0
Vehicles	Physical_anthropology	neg	-1	0.0
Watercraft	Geography_of_France	neg	-1	0.0
Audio_technology	Mass_media_in_India	neg	-1	0.0
Architecture	Buildings_and_structures	pos_eng	1	0.90
American_engineers	Metropolitan_boroughs	neg	-1	0.0
Computer_engineers	Fields_of_mathematics	cross_EM	-1	0.40
Engineering_disciplines	Actors_from_Ponce,_Puerto_Rico	neg	-1	0.0
Mechanical_engineering	2014_establishments_by_continent	neg	-1	0.0
Telephone_numbers	Cities_and_towns_in_Quebec	neg	-1	0.0
American_engineers	Brazilian_politicians	neg	-1	0.0
Mobile_phones	Educational_television	neg	-1	0.0
Telephone_numbers	Categories_named_after_American_television_series	neg	-1	0.0
Telecommunications	Mountains	neg	-1	0.0
Video_game_consoles	1964_establishments_by_continent	neg	-1	0.0
Green_vehicles	People_by_city	neg	-1	0.0
Transport_infrastructure	Blues_music	neg	-1	0.0
Mechanical_engineering	Watercraft	pos_eng	3	0.60
Mobile_phones	Computer_hardware_by_type	cross_ES	-1	0.80
Transport_infrastructure	Royalty	neg	-1	0.0
Telephone_numbers	Categories_by_province_or_territory_of_Canada	neg	-1	0.0
Telephone_numbers	12th-century_establishments_in_Africa	neg	-1	0.0
American_computer_engineers	Southeast_Asia	neg	-1	0.0
Mobile_phones	Central_American_people	neg	-1	0.0
Mobile_phones	Measurement	cross_EM	-1	0.50
Engineering_disciplines	American_animated_television_series_endings_by_decade	neg	-1	0.0
Vehicles	History_of_Brazil	neg	-1	0.0
Roller_coasters	American_satirical_television_series	neg	-1	0.0
Architects	Football_competitions_in_Europe	neg	-1	0.0
Amusement_rides	Thermodynamics	cross_EP	-1	0.40
Mobile_phones	Settlements_in_Ark-La-Tex	neg	-1	0.0
Architecture	Ottawa	neg	-1	0.0
Machines	850s	neg	-1	0.0
Roller_coasters	20th_century_in_North_America	neg	-1	0.0
Machines	Amusement_rides	pos_eng	1	0.80
Amusement_rides	Settlements_in_Oceania_by_country	neg	-1	0.0
Water_infrastructure	Judaism_in_Israel	neg	-1	0.0
Machines	Lists	neg	-1	0.0
Video_game_consoles	21st-century_animated_movies	neg	-1	0.0
Engineers_by_nationality	International_relations	neg	-1	0.0
Engineers_by_nationality	American_computer_engineers	pos_eng	2	0.50
Construction	Transport_infrastructure	pos_eng	2	0.80
Engineering_disciplines	Chemical_compounds	cross_EC	-1	0.40
Computer_engineers	2000s_Norwegian_television_series	neg	-1	0.0
Architectural_styles	Watercraft	pos_eng	-1	0.20
Mobile_phones	Fires_in_the_United_States	neg	-1	0.0
Amusement_rides	Royalty_and_nobility	neg	-1	0.0
American_engineers	Heat	cross_EP	-1	0.20
Watercraft	Establishments_in_the_Philippines_by_century	neg	-1	0.0
Radio	The_Walt_Disney_Company	neg	-1	0.0
Architecture	21st_century_in_Ukraine	neg	-1	0.0
Engineering_disciplines	1950s_romance_movies	neg	-1	0.0
Land_vehicles	2010s_animated_adventure_television_series	neg	-1	0.0
Mobile_phones	Belarus	neg	-1	0.0
Infrastructure	Physical_quantity	neg	-1	0.0
Buildings_and_structures	Bourgogne-Franche-Comté	neg	-1	0.0
Infrastructure	Mountains_by_country	neg	-1	0.0
Materials	18th_century_by_continent	neg	-1	0.0
Machines	Governors	neg	-1	0.0
Mechanical_engineering	Telephone	pos_eng	2	0.50
Video_game_consoles	1832_in_North_America	neg	-1	0.0
Buildings_and_structures	June_events	neg	-1	0.0
Mobile_phones	Energy	cross_EP	-1	0.50
Civil_engineering	Physical_quantity	cross_EM	-1	0.40
Water	Biologists	neg	-1	0.0
Roller_coasters	South-central_Asia	neg	-1	0.0
Water	Television_in_Mexico_by_decade	neg	-1	0.0
Engineering	People_by_occupation_and_city	neg	-1	0.0
Vehicles_by_brand	Computer_networking	cross_ES	-1	0.20
Engineers	FIFA_competitions	neg	-1	0.0
Vehicles_by_brand	Watercraft	pos_eng	-1	0.60
Radio	Canadian_comedy_television_series_by_genre	neg	-1	0.0
Architecture	Electronics	pos_eng	-1	0.30
Watercraft	1930_works	neg	-1	0.0
Video_game_consoles	1980_establishments_by_continent	neg	-1	0.0
Architecture	Diplomats_by_nationality	neg	-1	0.0
Telephone_numbers	Settlements_in_Peru	neg	-1	0.0
Construction	Water_infrastructure	pos_eng	3	0.75
Water	Colleges_and_universities_in_the_United_States_by_state	neg	-1	0.0
Electronics	Radio	pos_eng	1	0.85
Buildings_and_structures	1980s_buddy_movies	neg	-1	0.0
Materials	Settlements_in_Massachusetts	neg	-1	0.0
Vehicles_by_brand	19th_century_in_the_Spanish_Empire	neg	-1	0.0
Mechanical_engineering	Organisations_based_in_England	neg	-1	0.0
Transport_infrastructure	Languages_of_Europe	neg	-1	0.0
Land_vehicles	Racism_by_continent	neg	-1	0.0
Machines	Video_game_consoles	pos_eng	2	0.10
Water	1851	neg	-1	0.0
Engineering	Electronics	pos_eng	4	0.90
Video_game_consoles	Categories_named_after_movies	neg	-1	0.0
Radio	Amphoteric_compounds	cross_EC	-1	0.00
Civil_engineering	Water_infrastructure	pos_eng	4	0.85
Green_vehicles	Figure_skaters	neg	-1	0.0
Construction	Architects	pos_eng	2	0.80
Land_vehicles	Heat	cross_EP	-1	0.30
Engineers	Football_in_Costa_Rica	neg	-1	0.0
Watercraft	Establishments_in_Asia_by_century	neg	-1	0.0
Vehicles	1980s_disestablishments_in_North_America	neg	-1	0.0
Vehicles	Acids	cross_EC	-1	0.00
Audio_technology	Physical_quantity	cross_EM	-1	0.30
Engineering_disciplines	Architectural_styles	pos_eng	4	0.75
Telephone	1832_in_the_United_States	neg	-1	0.0
Buildings_and_structures	French_television_series_by_studio	neg	-1	0.0
Infrastructure	Marvel_Comics_characters	neg	-1	0.0
American_engineers	Haarlem	neg	-1	0.0
Land_vehicles	Cities_in_Belgium	neg	-1	0.0
Computer_engineers	1860s_establishments_in_Asia	neg	-1	0.0
Mechanical_engineering	1988	neg	-1	0.0
Engineering_disciplines	Provinces_of_Sicily	neg	-1	0.0
Telephone_numbers	Dutch_footballers	neg	-1	0.0
Virtual_reality	Buildings_and_structures	pos_eng	-1	0.30
Radio	1650s_establishments_by_continent	neg	-1	0.0
Engineering	Alumni_by_educational_institution	neg	-1	0.0
Radio	Vocal_music	neg	-1	0.0
Computer_engineers	2009_in_the_United_States_by_state	neg	-1	0.0
Engineering	People_from_Wichita,_Kansas_by_occupation	neg	-1	0.0
Telephone	Classical_mechanics	cross_EP	-1	0.30
Virtual_reality	1970s_music_groups	neg	-1	0.0
Roller_coasters	1833_establishments_in_North_America	neg	-1	0.0
Radio	Optics	cross_EP	-1	0.60
Machines	Virtual_reality	pos_eng	2	0.20
Virtual_reality	American_sportspeople_by_state	neg	-1	0.0
American_computer_engineers	Australian_music	neg	-1	0.0
Engineering	Water	pos_eng	5	0.50
Transport_infrastructure	Organisms	neg	-1	0.0
Radio	Computer_science	cross_ES	-1	0.60
Engineering	Poets	neg	-1	0.0
Water	Cities_in_Kansas_by_county	neg	-1	0.0
Water_infrastructure	History_of_Armenia	neg	-1	0.0
Architectural_styles	People_from_Anchorage,_Alaska	neg	-1	0.0
Vehicles_by_brand	Paleontologists	neg	-1	0.0
American_engineers	Barcelona	neg	-1	0.0
Architecture	History_of_Florida	neg	-1	0.0
Vehicles_by_brand	1831_establishments_in_North_America	neg	-1	0.0
Watercraft	British_television_series_endings_by_year	neg	-1	0.0
Telephone	Computer_networking	cross_ES	-1	0.70
Virtual_reality	Law_enforcement_agencies	neg	-1	0.0
Electronics	Virtual_reality_games	cross_ES	-1	0.50
Machines	People_by_Canadian_province_or_territory_and_occupation	neg	-1	0.0
Architecture	Flags_of_Europe	neg	-1	0.0
Amusement_rides	Civil_engineering	pos_eng	-1	0.70
American_computer_engineers	1992_American_animation	neg	-1	0.0
Vehicles_by_brand	21st-century_establishments_in_Asia	neg	-1	0.0
Roller_coasters	Mystery_movies_by_decade	neg	-1	0.0
Architecture	Singaporean_television_series_by_decade	neg	-1	0.0
Infrastructure	Cities_in_Brazil_by_state	neg	-1	0.0
Audio_technology	British_musical_entertainers	neg	-1	0.0
Transport_infrastructure	20th_century_in_British_television	neg	-1	0.0
Architects	Finnish_people_by_location	neg	-1	0.0
Water_infrastructure	Geography_of_the_People's_Republic_of_China	neg	-1	0.0
Vehicles_by_brand	Critical_thinking	cross_EM	-1	0.10
Radio	1920s_movies_by_genre	neg	-1	0.0
Engineering	Telephone	pos_eng	4	0.80
Transport_infrastructure	1951_crime_movies	neg	-1	0.0
Construction	Phanerozoic	neg	-1	0.0
Engineering	People_from_Batavia	neg	-1	0.0
Civil_engineering	Transport_infrastructure	pos_eng	3	0.90
Mobile_phones	1798_establishments	neg	-1	0.0
Land_vehicles	Middlesex_County,_New_Jersey	neg	-1	0.0
Radio	Acoustics	cross_EP	-1	0.75
Architectural_styles	History_of_France	neg	-1	0.0
Telephone_numbers	Pnictogen_compounds	cross_EC	-1	0.00
Amusement_rides	Television_series_by_Tiger_Aspect_Productions	neg	-1	0.0
Engineers_by_nationality	Metropolitan_counties_of_England	neg	-1	0.0
Telecommunications	American_computer_engineers	pos_eng	-1	0.40
Engineers_by_nationality	Animated_movies_about_prejudice	neg	-1	0.0
Audio_technology	Piedmont	neg	-1	0.0
American_computer_engineers	Economy_of_Oceania	neg	-1	0.0
Engineers	2020s_in_music	neg	-1	0.0
Engineers	2010s_by_country	neg	-1	0.0
Engineering_disciplines	Classical_mechanics	cross_EP	-1	0.70
Amusement_rides	19th-century_establishments_in_Nevada	neg	-1	0.0
Water_infrastructure	Belief	neg	-1	0.0
Engineering	Establishments_by_colonial_empire	neg	-1	0.0
Virtual_reality	Jerusalem	neg	-1	0.0
Telephone	Members_of_the_British_House_of_Commons_by_Parliament	neg	-1	0.0
Computer_engineers	American_journalists	neg	-1	0.0
Architectural_styles	History_of_South_Dakota	neg	-1	0.0
Machines	Crime_movies	neg	-1	0.0
Mechanical_engineering	Video_game_companies	cross_ES	-1	0.10
Vehicles	1699	neg	-1	0.0
Transport_infrastructure	Villages_in_Wales	neg	-1	0.0
Buildings_and_structures	Transport_infrastructure	pos_eng	2	0.70
Amusement_rides	Journalists_by_continent	neg	-1	0.0
Telecommunications	Waste	neg	-1	0.0
Telecommunications	Superhero_detectives	neg	-1	0.0
Civil_engineering	Intelligence_agencies_by_country	neg	-1	0.0
Computer_engineers	Criticisms	neg	-1	0.0
Amusement_rides	Spanish_sociologists	neg	-1	0.0
Vehicles	2020s_comedy_movies	neg	-1	0.0
Machines	2001	neg	-1	0.0
Vehicles_by_brand	Musicians_by_nationality	neg	-1	0.0
Telephone_numbers	Video_game_consoles	cross_ES	-1	0.10
Civil_engineering	Epidemics	neg	-1	0.0
Electronics	Canadian_television_series_debuts_by_decade	neg	-1	0.0
Land_vehicles	Australian_movies	neg	-1	0.0
Watercraft	Football_in_Europe	neg	-1	0.0
American_engineers	Thermodynamics	cross_EP	-1	0.20
Audio_technology	Video_game_companies	cross_ES	-1	0.10
Mobile_phones	Provinces_of_Pakistan	neg	-1	0.0
Telecommunications	United_States_representatives	neg	-1	0.0
Engineering	Government_of_Finland	neg	-1	0.0
Engineers_by_nationality	15th-century_establishments_by_continent	neg	-1	0.0
Engineering	2000s_disestablishments_in_the_United_States	neg	-1	0.0
Architecture	People_from_California_by_occupation	neg	-1	0.0
Telephone	Valleys_of_California	neg	-1	0.0
Construction	People_from_Copenhagen	neg	-1	0.0
Watercraft	Electronics	pos_eng	-1	0.30
Machines	Physicists_by_nationality	neg	-1	0.0
Civil_engineering	1980s_in_Canadian_television	neg	-1	0.0
Vehicles_by_brand	Turkmenistan	neg	-1	0.0
Watercraft	Norwegian_sportspeople	neg	-1	0.0
Telephone_numbers	Mobile_phones	pos_eng	-1	0.80
Water_infrastructure	Buildings_and_structures_in_Oceania	neg	-1	0.0
Materials	Guns_N'_Roses	neg	-1	0.0
Audio_technology	2015_animated_television_series_debuts	neg	-1	0.0
Machines	1851	neg	-1	0.0
Construction	Flowering_plants	neg	-1	0.0
Mobile_phones	1956_works	neg	-1	0.0
Roller_coasters	Motion_(physics)	cross_EP	-1	0.60
Civil_engineering	People_from_Anchorage,_Alaska_by_occupation	neg	-1	0.0
Amusement_rides	Rivers_by_country	neg	-1	0.0
Telephone	Footballers_by_continent	neg	-1	0.0
Roller_coasters	9th-century_disestablishments	neg	-1	0.0
Engineers	Mountain_ranges	neg	-1	0.0
Architectural_styles	Pakistani_culture	neg	-1	0.0
Watercraft	Geography_of_Devon	neg	-1	0.0
Civil_engineering	Architects	pos_eng	3	0.85
Vehicles	1953_establishments	neg	-1	0.0
Buildings_and_structures	Miniseries	neg	-1	0.0
Vehicles	South_American_businesspeople	neg	-1	0.0
Audio_technology	Computer_engineers	cross_ES	-1	0.70
Radio	2000s_in_Mexican_television	neg	-1	0.0
Green_vehicles	Thermodynamics	cross_EP	-1	0.40
Radio	Former_states_in_Germany	neg	-1	0.0
Transport_infrastructure	Drama_movies_by_genre	neg	-1	0.0
Telephone	Mobile_phones	pos_eng	1	0.90
Vehicles	Musical_entertainers_by_nationality	neg	-1	0.0
Computer_engineers	European_football_clubs	neg	-1	0.0
Engineering	Acids	cross_EC	-1	0.10
Mechanical_engineering	Electronics	pos_eng	2	0.80
Buildings_and_structures	Movie_franchises_introduced_in_2010	neg	-1	0.0
Green_vehicles	1993_by_country	neg	-1	0.0
Engineers_by_nationality	1820s_establishments	neg	-1	0.0
Architects	Establishments_in_South_Korea	neg	-1	0.0
Buildings_and_structures	Engineering_disciplines	pos_eng	-1	0.80
Telecommunications	Sportspeople_from_The_Hague	neg	-1	0.0
Telecommunications	1890s_establishments_in_Europe	neg	-1	0.0
Mechanical_engineering	Romanian_people_by_occupation	neg	-1	0.0
Machines	Telephone_numbers	pos_eng	2	0.10
Vehicles_by_brand	American_lawyers_by_state	neg	-1	0.0
Watercraft	Osasco	neg	-1	0.0
Transport_infrastructure	Logic	cross_EM	-1	0.05
Engineering	Mobile_phones	pos_eng	5	0.45
Computer_engineers	21st-century_American_television_series_endings	neg	-1	0.0
Telephone	Subfields_of_sociology	neg	-1	0.0
Video_game_consoles	Microbiology	neg	-1	0.0
Civil_engineering	Entertainers_from_Alaska	neg	-1	0.0
Roller_coasters	Action_movies_by_decade	neg	-1	0.0
Architecture	Establishments_by_continent_and_year	neg	-1	0.0
Engineers	Major_League_Baseball	neg	-1	0.0
Materials	2000s_in_New_York_(state)	neg	-1	0.0
Materials	32-bit_Apple_A_series	neg	-1	0.0
Audio_technology	2nd_millennium_in_North_America	neg	-1	0.0
Buildings_and_structures	Health_by_country	neg	-1	0.0
Engineers	Rock_music	neg	-1	0.0
Engineers_by_nationality	Chemical_elements	cross_EC	-1	0.10
Construction	3rd-century_BC_buildings_and_structures	neg	-1	0.0
Electronics	Lawrence,_Kansas	neg	-1	0.0
Green_vehicles	Software	cross_ES	-1	0.15
Roller_coasters	Engineers	pos_eng	-1	0.35
Virtual_reality	1912_by_continent	neg	-1	0.0
Amusement_rides	Discrimination	neg	-1	0.0
Engineers	Settlements_in_New_Jersey	neg	-1	0.0
Water	American_models	neg	-1	0.0
Infrastructure	1820s_establishments_by_continent	neg	-1	0.0
Engineers	Establishments_in_Utah_by_year	neg	-1	0.0
Land_vehicles	Establishments_in_Switzerland_by_century	neg	-1	0.0
Water_infrastructure	Buildings_and_structures_in_Europe_by_type	neg	-1	0.0
American_engineers	Literature_by_genre	neg	-1	0.0
Engineers	1939_movies	neg	-1	0.0
Computer_engineers	American_English	neg	-1	0.0
Green_vehicles	Land_transport	neg	-1	0.0
Construction	1919_by_country	neg	-1	0.0
Architecture	Vehicles_by_brand	pos_eng	-1	0.10
Watercraft	Cities_in_Galveston_County,_Texas	neg	-1	0.0
Land_vehicles	Groups_(periodic_table)	cross_EC	-1	0.05
Video_game_consoles	Differential_equations	cross_EM	-1	0.10
Mechanical_engineering	Categories_named_after_comics	neg	-1	0.0
American_engineers	Roller_coasters	pos_eng	-1	0.20
Water	Subfields_of_physics	neg	-1	0.0
Audio_technology	Military_of_Mexico	neg	-1	0.0
Watercraft	Caddo_Parish,_Louisiana	neg	-1	0.0
Electronics	Murder_in_New_York_(state)	neg	-1	0.0
Buildings_and_structures	Costa_Rica	neg	-1	0.0
Construction	2000s_events	neg	-1	0.0
Mechanical_engineering	Supermarkets	neg	-1	0.0
Telephone	Epiphytes	neg	-1	0.0
Telecommunications	Mobile_phones	pos_eng	2	0.85
Watercraft	20th-century_disestablishments_in_Europe	neg	-1	0.0
Water	2020s_British_drama_television_series	neg	-1	0.0
Telephone	Oxygen_compounds	cross_EC	-1	0.02
Civil_engineering	2010s_in_Japan	neg	-1	0.0
Buildings_and_structures	Water	pos_eng	-1	0.25
Engineering_disciplines	Cricket_in_the_Americas	neg	-1	0.0
Engineers	Computer_engineers	pos_eng	1	0.80
Water_infrastructure	Classical_mechanics	cross_EP	-1	0.30
American_engineers	Sports_organizations_of_Asia	neg	-1	0.0
Engineering	Pnictogens	cross_EC	-1	0.05
American_computer_engineers	Psychiatry	neg	-1	0.0
Amusement_rides	2020s_in_sports	neg	-1	0.0
Civil_engineering	Materials	pos_eng	2	0.55
Telephone_numbers	Popular_culture	neg	-1	0.0
Civil_engineering	Ice_hockey_leagues	neg	-1	0.0
Vehicles	Vehicles_by_brand	pos_eng	1	0.75
Engineers_by_nationality	2000	neg	-1	0.0
Watercraft	Oceania	neg	-1	0.0
Green_vehicles	Computer_engineers	cross_ES	-1	0.20
Buildings_and_structures	American_people_by_religion	neg	-1	0.0
Water_infrastructure	1st-century_people	neg	-1	0.0
Telephone_numbers	Scientists_by_continent	neg	-1	0.0
Vehicles	Water_infrastructure	pos_eng	-1	0.50
Materials	Tabasco_(state)	neg	-1	0.0
Engineers	Viruses	neg	-1	0.0
Radio	2015_works	neg	-1	0.0
Civil_engineering	Thermodynamics	neg	-1	0.0
Video_game_consoles	Mass_media	neg	-1	0.0
Transport_infrastructure	Guitarists	neg	-1	0.0
Architectural_styles	Missouri	neg	-1	0.0
Amusement_rides	Decades_in_Nebraska	neg	-1	0.0
Video_game_consoles	New_Zealand_movies_by_genre	neg	-1	0.0
Watercraft	2022_movies	neg	-1	0.0
Architects	Critical_thinking	cross_EM	-1	0.20
Transport_infrastructure	Green_politics	neg	-1	0.0
Engineering	Types_of_law	neg	-1	0.0
Telephone_numbers	Establishments_in_Brazil	neg	-1	0.0
Engineers	1993_in_entertainment	neg	-1	0.0
Telephone_numbers	Chalcogen_compounds	cross_EC	-1	0.05
Video_game_consoles	1900s_in_the_United_States	neg	-1	0.0
American_computer_engineers	Movies_by_setting	neg	-1	0.0
Machines	Telephone	pos_eng	1	0.30
Amusement_rides	19th-century_establishments_in_Asia	neg	-1	0.0
Water_infrastructure	Thermodynamics	cross_EP	-1	0.55
Engineering_disciplines	Roller_coasters	pos_eng	4	0.40
Engineering_disciplines	Geography_of_Ohio	neg	-1	0.0
Telecommunications	History_of_Mexico	neg	-1	0.0
Vehicles_by_brand	6th_century	neg	-1	0.0
Buildings_and_structures	2nd_millennium_by_continent	neg	-1	0.0
Telephone_numbers	British_comedians	neg	-1	0.0
Telephone	Australian_sportspeople_by_state_or_territory	neg	-1	0.0
Materials	1950s_in_North_America	neg	-1	0.0
Video_game_consoles	History_of_Colorado	neg	-1	0.0
Engineering	Video_game_consoles	pos_eng	5	0.15
Construction	Anaheim,_California	neg	-1	0.0
Architectural_styles	New_Spain	neg	-1	0.0
Audio_technology	1988	neg	-1	0.0
Land_vehicles	Television_in_the_United_States_by_decade	neg	-1	0.0
Audio_technology	870	neg	-1	0.0
Telephone_numbers	Mechanical_engineering	pos_eng	-1	0.25
Engineers_by_nationality	1880s_establishments_in_Europe	neg	-1	0.0
Radio	2000s_events	neg	-1	0.0
Construction	Romanian_weightlifters	neg	-1	0.0
Amusement_rides	Dancehall_albums	neg	-1	0.0
Vehicles	21st-century_drama_television_series_by_country	neg	-1	0.0
Engineering_disciplines	Measurement	cross_EM	-1	0.70
Materials	Acids	neg	-1	0.0
Engineering_disciplines	Mobile_phones	pos_eng	4	0.65
Computer_engineers	Android_(operating_system)	cross_ES	-1	0.50
Telecommunications	Australian_movies_by_genre	neg	-1	0.0
Machines	Cities_in_Indonesia	neg	-1	0.0
Engineering	Water_infrastructure	pos_eng	6	0.75
Buildings_and_structures	Geography_of_Wiltshire	neg	-1	0.0
Machines	Association_football	neg	-1	0.0
Electronics	Telecommunications	pos_eng	1	0.80
Telephone	Silent_movies	neg	-1	0.0
Civil_engineering	Amphoteric_compounds	cross_EC	-1	0.10
Virtual_reality	Differential_equations	cross_EM	-1	0.15
American_computer_engineers	Establishments_in_New_York_(state)_by_decade	neg	-1	0.0
Civil_engineering	Netherlands	neg	-1	0.0
Amusement_rides	Telephone	pos_eng	-1	0.10
Engineers_by_nationality	American_military_people_by_war	neg	-1	0.0
American_computer_engineers	2025	neg	-1	0.0
Engineering	Blind_people	neg	-1	0.0
Watercraft	2006_establishments_by_country	neg	-1	0.0
Architectural_styles	Establishments_in_Wyoming_by_decade	neg	-1	0.0
Mobile_phones	Sitcoms	neg	-1	0.0
Construction	2010_in_Asia	neg	-1	0.0
Engineers_by_nationality	Mobile_phones	neg	-1	0.0
Amusement_rides	People_from_Batavia	neg	-1	0.0
Civil_engineering	Audio_technology	pos_eng	-1	0.35
Electronics	1930s_establishments_by_continent	neg	-1	0.0
Mechanical_engineering	Buildings_and_structures	pos_eng	-1	0.60
Vehicles_by_brand	African-American_people_by_occupation	neg	-1	0.0
Water	Original_programming_by_American_television_network_or_channel	neg	-1	0.0
American_computer_engineers	1960s_comedy_movies	neg	-1	0.0
Engineering_disciplines	Romanian_sportspeople	neg	-1	0.0
Telecommunications	1980s_in_television_by_country	neg	-1	0.0
Materials	Cold	neg	-1	0.0
Vehicles	Mechanics	cross_EP	-1	0.65
Vehicles_by_brand	Energy	cross_EP	-1	0.20
Engineers_by_nationality	Software	cross_ES	-1	0.25
American_engineers	3D_animated_movies	neg	-1	0.0
Engineering_disciplines	1860s_establishments_in_Japan	neg	-1	0.0
Water	2006_establishments_in_South_Korea	neg	-1	0.0
Architects	Settlements_in_Cook_County,_Illinois	neg	-1	0.0
Engineering	Presidents_(government)	neg	-1	0.0
Watercraft	Groups_(periodic_table)	cross_EC	-1	0.05
Watercraft	Green_vehicles	pos_eng	-1	0.45
Radio	Equations	cross_EM	-1	0.20
Land_vehicles	20th-century_drama_television_series_by_country	neg	-1	0.0
Telecommunications	Roman_politicians	neg	-1	0.0
Green_vehicles	Vehicles_by_brand	pos_eng	-1	0.70
Machines	Logic	cross_EM	-1	0.05
Engineering	Politics_of_Germany	neg	-1	0.0
Telephone_numbers	Marvdasht_County	neg	-1	0.0
Vehicles	Software	cross_ES	-1	0.15
Mobile_phones	Occupations	neg	-1	0.0
Architectural_styles	Eras	neg	-1	0.0
Machines	Middle_Eastern_countries	neg	-1	0.0
Materials	Motion_(physics)	cross_EP	-1	0.55
Water	Australian_movies_by_genre	neg	-1	0.0
American_computer_engineers	Fields_of_mathematics	cross_EM	-1	0.35
Telephone_numbers	Multiplayer_video_games	cross_ES	-1	0.05
Roller_coasters	Preschool_education_television_networks	neg	-1	0.0
Green_vehicles	Amphoteric_compounds	cross_EC	-1	0.05
Radio	Cities_and_towns_in_Italy	neg	-1	0.0
Engineering	Disestablishments_in_North_America_by_year	neg	-1	0.0
Engineering	Cities_in_New_Zealand	neg	-1	0.0
Amusement_rides	Mechanics	cross_EP	-1	0.55
Engineers_by_nationality	Entertainment_by_country	neg	-1	0.0
Green_vehicles	Settlements_in_Oceania	neg	-1	0.0
Water	1982_in_North_America	neg	-1	0.0
Engineers_by_nationality	Classical_mechanics	cross_EP	-1	0.15
Water_infrastructure	Austria	neg	-1	0.0
Infrastructure	Nobel_Prize_in_Physiology_or_Medicine	neg	-1	0.0
Engineers	Political_parties_in_Europe_by_country	neg	-1	0.0
Vehicles_by_brand	States_of_Brazil	neg	-1	0.0
Architecture	Transport_infrastructure	pos_eng	3	0.65
American_computer_engineers	Sport_in_Japan	neg	-1	0.0
Architecture	Years_of_the_19th_century_in_North_America	neg	-1	0.0
Amusement_rides	Geography_of_Brazil	neg	-1	0.0
Vehicles	Regions_of_the_United_States	neg	-1	0.0
Telephone	1980s_in_the_arts	neg	-1	0.0
Transport_infrastructure	Royalty_by_nationality	neg	-1	0.0
Vehicles_by_brand	2004_musical_movies	neg	-1	0.0
Engineers_by_nationality	Optics	cross_EP	-1	0.15
Civil_engineering	Establishments_in_Switzerland_by_millennium	neg	-1	0.0
Watercraft	Optics	cross_EP	-1	0.20
Mechanical_engineering	Amusement_rides	pos_eng	2	0.60
Architects	Buildings_and_structures_in_the_United_Kingdom_by_type	neg	-1	0.0
Amusement_rides	2020s_in_the_United_States_by_state	neg	-1	0.0
Roller_coasters	Computer_networking	cross_ES	-1	0.15
Water_infrastructure	Years_in_association_football	neg	-1	0.0
Mechanical_engineering	Geography_of_China	neg	-1	0.0
Telephone_numbers	Physical_quantity	cross_EM	-1	0.35
Radio	Pulmonology	neg	-1	0.0
Vehicles	20th-century_Canadian_television_series	neg	-1	0.0
Telecommunications	2013_in_North_America	neg	-1	0.0
Green_vehicles	Materials	pos_eng	-1	0.30
Audio_technology	Acoustics	cross_EP	-1	0.90
Computer_engineers	Monarchies_by_country	neg	-1	0.0
Amusement_rides	Sportspeople_from_Algiers	neg	-1	0.0
Civil_engineering	Semitic_peoples	neg	-1	0.0
Land_vehicles	Fields_of_mathematics	cross_EM	-1	0.15
Telephone_numbers	Organisations_based_in_Merseyside	neg	-1	0.0
Machines	250s_beginnings	neg	-1	0.0
Amusement_rides	Motion_(physics)	cross_EP	-1	0.65
Mechanical_engineering	1969_movies	neg	-1	0.0
Audio_technology	19th_century_in_the_Spanish_Empire	neg	-1	0.0
Water_infrastructure	Establishments_in_New_York_(state)_by_year	neg	-1	0.0
Virtual_reality	Paleontologists	neg	-1	0.0
Land_vehicles	Energy	cross_EP	-1	0.30
Buildings_and_structures	Establishments_in_the_Philippines_by_decade	neg	-1	0.0
Engineers_by_nationality	Acids	cross_EC	-1	0.10
Civil_engineering	20th-century_establishments_in_Maryland	neg	-1	0.0
Materials	Television_in_Asia	neg	-1	0.0
American_computer_engineers	1969_in_entertainment	neg	-1	0.0
Engineers	Writers_from_Tehran	neg	-1	0.0
Mechanical_engineering	Roller_coasters	pos_eng	3	0.70
Engineering	Land_vehicles	pos_eng	5	0.75
Mobile_phones	Fish	neg	-1	0.0
Watercraft	2020s_by_continent	neg	-1	0.0
Roller_coasters	Chemical_elements	cross_EC	-1	0.05
Civil_engineering	Comedy_movies_by_year	neg	-1	0.0
Electronics	Computer_engineers	pos_eng	-1	0.75
Electronics	Telephone_numbers	pos_eng	3	0.50
Green_vehicles	1950s_endings	neg	-1	0.0
Engineers_by_nationality	Judges	neg	-1	0.0
Engineering	Transport_infrastructure	pos_eng	5	0.80
Construction	6th-century_BC_births	neg	-1	0.0
Roller_coasters	Deaths_by_firearm_in_the_United_Kingdom	neg	-1	0.0
Radio	African_people_by_occupation	neg	-1	0.0
Electronics	Movies_about_sexuality	neg	-1	0.0
Mobile_phones	Dutch_people_by_occupation_and_city	neg	-1	0.0
Materials	Geography_of_Wisconsin	neg	-1	0.0
Infrastructure	Irish_television	neg	-1	0.0
Roller_coasters	Guns_N'_Roses	neg	-1	0.0
Architectural_styles	1992_works	neg	-1	0.0
Materials	Equations	cross_EM	-1	0.35
Water_infrastructure	Soricomorphs	neg	-1	0.0
Mechanical_engineering	Education_in_Asia	neg	-1	0.0
Telecommunications	Parks_by_country	neg	-1	0.0
Radio	Dansbands	neg	-1	0.0
Telephone	Settlements_in_Poland	neg	-1	0.0
Engineers_by_nationality	21st_century_in_Sweden	neg	-1	0.0
Telecommunications	Egyptian_sportspeople	neg	-1	0.0
Mechanical_engineering	1520s_establishments	neg	-1	0.0
Vehicles	Cities_in_Illinois	neg	-1	0.0
Computer_engineers	Comedy-drama_movies_by_decade	neg	-1	0.0
Video_game_consoles	Architectural_styles	pos_eng	-1	0.20
Telephone	American_computer_engineers	pos_eng	-1	0.25
Green_vehicles	Audio_technology	pos_eng	-1	0.15
Computer_engineers	European_football_by_year	neg	-1	0.0
Telecommunications	Optics	cross_EP	-1	0.50
Virtual_reality	Geography_of_New_Mexico	neg	-1	0.0
Electronics	Communes	neg	-1	0.0
Vehicles_by_brand	Centuries_in_Japan	neg	-1	0.0
Engineering	Optics	cross_EP	-1	0.50
Transport_infrastructure	Virtual_reality_games	cross_ES	-1	0.20
Civil_engineering	Crime_drama_movies_by_decade	neg	-1	0.0
Land_vehicles	1860s_establishments_in_North_America	neg	-1	0.0
Video_game_consoles	19th-century_establishments_in_Nebraska	neg	-1	0.0
Telephone_numbers	Hydrogen_compounds	neg	-1	0.0
Architecture	People_from_Tehran	neg	-1	0.0
Radio	Monsters	neg	-1	0.0
Engineering_disciplines	Video_game_consoles	cross_ES	-1	0.20
Telecommunications	Mathematical_analysis	cross_EM	-1	0.40
Infrastructure	Cities_in_Europe_by_country	neg	-1	0.0
Amusement_rides	History_of_Azerbaijan_by_topic	neg	-1	0.0
Transport_infrastructure	1860s_in_Asia	neg	-1	0.0
Watercraft	Heat	cross_EP	-1	0.35
Machines	Vehicles_by_brand	pos_eng	2	0.25
American_engineers	Egypt	neg	-1	0.0
Mobile_phones	American_computer_scientists	cross_ES	-1	0.25
Mechanical_engineering	Compositions_by_Johann_Sebastian_Bach	neg	-1	0.0
Engineering	Buildings_and_structures	pos_eng	-1	0.75
Computer_engineers	1948_crime_drama_movies	neg	-1	0.0
Telephone	17th-century_establishments_in_North_America	neg	-1	0.0
Engineers_by_nationality	Partial_differential_equations	cross_EM	-1	0.10
Engineering	People_from_Colorado_by_location	neg	-1	0.0
Computer_engineers	1920s_establishments_by_country	neg	-1	0.0
Transport_infrastructure	Classical_mechanics	cross_EP	-1	0.35
Electronics	Alumni_by_country_and_university_or_college	neg	-1	0.0
American_computer_engineers	British_politicians	neg	-1	0.0
Engineering_disciplines	Districts_of_Punjab_(Pakistan)	neg	-1	0.0
Buildings_and_structures	Disestablishments_by_country_and_century	neg	-1	0.0
Land_vehicles	Tetrapods	neg	-1	0.0
Mobile_phones	Latvia	neg	-1	0.0
Architecture	Colonialism	neg	-1	0.0
Buildings_and_structures	Infectious_disease_deaths_in_Indonesia	neg	-1	0.0
Engineering	Galveston,_Texas	neg	-1	0.0
Water_infrastructure	2020s_in_Swedish_television	neg	-1	0.0
Amusement_rides	State_government_in_the_United_States	neg	-1	0.0
Video_game_consoles	1975_movies	neg	-1	0.0
Architectural_styles	Vehicles_by_brand	pos_eng	-1	0.35
Computer_engineers	Cities_in_Maryland	neg	-1	0.0
Water_infrastructure	Politicians_from_Copenhagen	neg	-1	0.0
Virtual_reality	Accipitriformes	neg	-1	0.0
Computer_engineers	19th-century_disestablishments_by_continent	neg	-1	0.0
Watercraft	2016	neg	-1	0.0
Amusement_rides	Oceania	neg	-1	0.0
Vehicles	Football_managers_by_nationality	neg	-1	0.0
American_engineers	People_from_Queensland_by_occupation	neg	-1	0.0
Architectural_styles	Chalcogens	cross_EC	-1	0.05
Watercraft	20th-century_establishments_in_Norway	neg	-1	0.0
Land_vehicles	National_Football_League_players_by_team	neg	-1	0.0
Computer_engineers	Painters_by_nationality	neg	-1	0.0
Engineers_by_nationality	Disestablishments_in_Asia_by_year	neg	-1	0.0
Water	Landforms_of_Asia	neg	-1	0.0
Telecommunications	290s_endings	neg	-1	0.0
Architecture	20th-century_French_animated_comedy_television_series	neg	-1	0.0
Architecture	Football_in_Africa_by_country	neg	-1	0.0
Land_vehicles	Geography_of_Germany_by_state	neg	-1	0.0
Electronics	Mobile_phones	pos_eng	3	0.80
Green_vehicles	Asian_royalty	neg	-1	0.0
Vehicles	Establishments_in_Utah_Territory_by_year	neg	-1	0.0
Amusement_rides	Decades_in_Austria	neg	-1	0.0
Computer_engineers	1830s_by_continent	neg	-1	0.0
Telephone_numbers	Criticisms	neg	-1	0.0
Computer_engineers	Volleyball_players_by_nationality	neg	-1	0.0
Land_vehicles	Blackpink_members	neg	-1	0.0
Construction	Italian_designers	neg	-1	0.0
Architects	Acoustics	cross_EP	-1	0.25
Engineering	Roller_coasters	pos_eng	5	0.60
Vehicles	1900s_establishments_in_South_America	neg	-1	0.0
Architects	20th-century_establishments_in_Illinois	neg	-1	0.0
Architectural_styles	Oxygen_compounds	cross_EC	-1	0.05
Mechanical_engineering	Video_game_consoles	pos_eng	3	0.15
Engineers	Electronics	pos_eng	-1	0.70
Machines	Argentine_sportspeople	neg	-1	0.0
Engineering	Municipalities_of_Norway	neg	-1	0.0
Engineering	Computer_engineers	pos_eng	2	0.80
Telephone	Cricket_in_England_and_Wales	neg	-1	0.0
Water_infrastructure	Explosions_by_decade	neg	-1	0.0
Telecommunications	People_from_Colorado	neg	-1	0.0
Architecture	Water_infrastructure	pos_eng	3	0.50
Mobile_phones	Carabobo	neg	-1	0.0
Vehicles	Blood	neg	-1	0.0
Video_game_consoles	Saxony-Anhalt	neg	-1	0.0
Virtual_reality	Crime_thriller_movies_by_year	neg	-1	0.0
Telephone	Crime_thriller_movies	neg	-1	0.0
Buildings_and_structures	Ancient_buildings_and_structures	neg	-1	0.0
Architecture	Tehran	neg	-1	0.0
Engineering	2014_British_television_series_debuts	neg	-1	0.0
Telephone	Government_Regions_of_North_Rhine-Westphalia	neg	-1	0.0
Engineers	Geography_of_Washington_(state)	neg	-1	0.0
Buildings_and_structures	Human_life_stages	neg	-1	0.0
Buildings_and_structures	American_engineers	pos_eng	-1	0.30
Machines	Green_vehicles	pos_eng	2	0.35
Computer_engineers	Regions_of_North_Africa	neg	-1	0.0
Vehicles_by_brand	British_children's_novels	neg	-1	0.0
Water_infrastructure	20th-century_endings	neg	-1	0.0
Virtual_reality	Water	pos_eng	-1	0.05
Transport_infrastructure	Birds	neg	-1	0.0
Telecommunications	Telephone	pos_eng	1	0.90
Buildings_and_structures	Establishments_in_Florida_by_year	neg	-1	0.0
American_computer_engineers	Museums_in_the_United_States_by_state_or_territory	neg	-1	0.0
Watercraft	Animal_enclosures	neg	-1	0.0
Engineers	Governors_of_West_Virginia	neg	-1	0.0
Architects	People_by_occupation_and_country	neg	-1	0.0
Green_vehicles	Sport_in_Africa_by_country	neg	-1	0.0
American_engineers	2000s_in_Rhode_Island	neg	-1	0.0
Mobile_phones	1910	neg	-1	0.0
Architecture	Automobile_companies_of_Germany	neg	-1	0.0
Amusement_rides	American_lawyers	neg	-1	0.0
Land_vehicles	South_Carolina	neg	-1	0.0
Architecture	Organizations_based_in_Quebec	neg	-1	0.0
Water_infrastructure	1350s_births	neg	-1	0.0
Roller_coasters	Krais_of_Russia	neg	-1	0.0
Engineering_disciplines	Water_infrastructure	pos_eng	4	0.70
Telephone_numbers	Concert_tours_by_country	neg	-1	0.0
Water	Writers_by_nationality	neg	-1	0.0
Water	Belgian_people_by_occupation	neg	-1	0.0
Land_vehicles	Voivodeships_of_Poland	neg	-1	0.0
Vehicles	Computer_architecture	cross_ES	-1	0.40
Engineers_by_nationality	Establishments_in_the_Philippines_by_century	neg	-1	0.0
Vehicles	Establishments_by_country	neg	-1	0.0
Engineering	Louisiana_parishes	neg	-1	0.0
Radio	Espionage	neg	-1	0.0
Architecture	Pianists	neg	-1	0.0
Vehicles_by_brand	19th-century_establishments_in_Switzerland	neg	-1	0.0
Telephone	1940_by_country	neg	-1	0.0
Virtual_reality	2010s_in_Europe	neg	-1	0.0
Roller_coasters	Arsenic	cross_EC	-1	0.02
Electronics	Lawyers_from_Texas	neg	-1	0.0
Computer_engineers	Brussels	neg	-1	0.0
Land_vehicles	Construction	pos_eng	-1	0.60
Architectural_styles	Years_in_Africa	neg	-1	0.0
Engineering_disciplines	Towns_by_continent	neg	-1	0.0
Radio	Metropolitan_areas_of_the_United_States	neg	-1	0.0
Telecommunications	1798_establishments	neg	-1	0.0
Land_vehicles	1948_by_continent	neg	-1	0.0
Vehicles_by_brand	Decades_in_the_United_States_by_state	neg	-1	0.0
Mobile_phones	Settlements_in_Guerrero_(state)	neg	-1	0.0
Video_game_consoles	Heat	cross_EP	-1	0.05
Engineering_disciplines	2020s_in_the_United_States_by_state	neg	-1	0.0
Infrastructure	Partial_differential_equations	cross_EM	-1	0.10
Engineers	1990s_establishments	neg	-1	0.0
Engineering	Indian_food	neg	-1	0.0
Green_vehicles	Nitrogen_compounds	cross_EC	-1	0.05
Engineering	Aviation_safety	neg	-1	0.0
Construction	1969_romantic_comedy_movies	neg	-1	0.0
Watercraft	1810s_establishments_in_Louisiana	neg	-1	0.0
Radio	Colleges_and_universities_in_Asia	neg	-1	0.0
Mechanical_engineering	Establishments_in_Africa_by_country	neg	-1	0.0
Video_game_consoles	Establishments_by_country_and_decade	neg	-1	0.0
Vehicles_by_brand	European_culture_by_country	neg	-1	0.0
Machines	Mobile_phones	pos_eng	2	0.35
Green_vehicles	Anti-fascism	neg	-1	0.0
Telephone	Japanese_art	neg	-1	0.0
Engineers_by_nationality	Disease-related_deaths_by_country	neg	-1	0.0
Virtual_reality	Amphoteric_compounds	cross_EC	-1	0.05
Amusement_rides	Sports_in_Korea	neg	-1	0.0
Transport_infrastructure	Marvel_Comics_superheroes	neg	-1	0.0
Water_infrastructure	Drama_movies_by_genre	neg	-1	0.0
Vehicles	Italian_Roman_Catholic_priests	neg	-1	0.0
Audio_technology	History_of_Germany	neg	-1	0.0
Engineering_disciplines	21st-century_American_children's_television_series	neg	-1	0.0
Buildings_and_structures	Geography_of_Washington_(state)	neg	-1	0.0
Computer_engineers	Buildings_and_structures	pos_eng	-1	0.45
Amusement_rides	290s	neg	-1	0.0
Architectural_styles	Energy	cross_EP	-1	0.20
Computer_engineers	Heat	cross_EP	-1	0.15
Virtual_reality	Materials	pos_eng	-1	0.15
Architects	Land_vehicles	pos_eng	-1	0.25
Roller_coasters	Attacks_on_buildings_and_structures_by_country	neg	-1	0.0
Mechanical_engineering	Mobile_phones	pos_eng	3	0.55
Vehicles	Herford_(district)	neg	-1	0.0
Watercraft	Virtual_reality	pos_eng	-1	0.15
Green_vehicles	1970s_disestablishments_by_continent	neg	-1	0.0
American_computer_engineers	1810s_establishments	neg	-1	0.0
Materials	Oxygen	neg	-1	0.0
Water	Acids	cross_EC	-1	0.30
Engineering_disciplines	Audio_technology	pos_eng	4	0.60
Mobile_phones	Problem_solving	cross_EM	-1	0.20
Architects	Heat	cross_EP	-1	0.10
Watercraft	Organizations_based_in_the_United_States	neg	-1	0.0
Machines	21st-century_disestablishments_in_Europe_by_country	neg	-1	0.0
Telephone_numbers	Football_by_country	neg	-1	0.0
Mobile_phones	Software_companies	cross_ES	-1	0.25
Materials	Engineers_by_nationality	pos_eng	-1	0.20
Video_game_consoles	1910s_establishments_in_Europe	neg	-1	0.0
Watercraft	Energy	cross_EP	-1	0.45
Vehicles_by_brand	2020s_controversies	neg	-1	0.0
Roller_coasters	19th-century_disestablishments_by_continent	neg	-1	0.0
Engineering	20th_century_in_Europe	neg	-1	0.0
Virtual_reality	People_from_Buenos_Aires_Province	neg	-1	0.0
Audio_technology	Legislators_by_term	neg	-1	0.0
Buildings_and_structures	Treehouse_TV_original_programming	neg	-1	0.0
Transport_infrastructure	2000s_establishments_by_country	neg	-1	0.0
Water_infrastructure	2060s	neg	-1	0.0
Video_game_consoles	Province_of_Lleida	neg	-1	0.0
Engineers	Newspapers	neg	-1	0.0
Engineers	Geography_of_Oceania	neg	-1	0.0
Materials	1888_by_continent	neg	-1	0.0
Infrastructure	Sportspeople_from_Texas	neg	-1	0.0
Mobile_phones	1907_by_country	neg	-1	0.0
Materials	Buildings_and_structures_in_Pakistan_by_type	neg	-1	0.0
Water_infrastructure	1990s_disestablishments_by_country	neg	-1	0.0
Water	Concepts_by_field	neg	-1	0.0
American_engineers	Suicides_by_decade	neg	-1	0.0
Engineers	1940s_movies	neg	-1	0.0
Engineering	Settlements_in_Greece	neg	-1	0.0
Construction	Azerbaijani_politicians_by_party	neg	-1	0.0
Materials	21st_century_in_Indian_television	neg	-1	0.0
Video_game_consoles	Motion_(physics)	cross_EP	-1	0.10
Green_vehicles	Settlements_in_California_by_county	neg	-1	0.0
Infrastructure	Transport_infrastructure	pos_eng	1	0.85
Engineering	Telephone_numbers	pos_eng	5	0.30
Architecture	American_computer_scientists	cross_ES	-1	0.15
Vehicles	Land_vehicles	pos_eng	1	0.85
Watercraft	1964	neg	-1	0.0
Green_vehicles	Lawyers_from_Louisiana	neg	-1	0.0
Amusement_rides	Mysteries	neg	-1	0.0
Civil_engineering	People_from_Seine-Maritime	neg	-1	0.0
Architects	Newspapers	neg	-1	0.0
Green_vehicles	People_from_Indiana	neg	-1	0.0
Construction	2010s_in_the_arts	neg	-1	0.0
Audio_technology	2001_crimes	neg	-1	0.0
Mobile_phones	1520s_by_continent	neg	-1	0.0
Amusement_rides	Acoustics	cross_EP	-1	0.35
Architects	Mountains_of_Asia	neg	-1	0.0
Civil_engineering	1885_establishments_by_country	neg	-1	0.0
Computer_engineers	Acoustics	cross_EP	-1	0.30
Engineers	Future	neg	-1	0.0
Transport_infrastructure	Deniece_Williams_songs	neg	-1	0.0
Architects	Transport	neg	-1	0.0
Transport_infrastructure	Mystery_television_series	neg	-1	0.0
Engineering_disciplines	Works_by_decade	neg	-1	0.0
Mechanical_engineering	Land_vehicles	pos_eng	3	0.70
Machines	1985_disestablishments	neg	-1	0.0
Buildings_and_structures	19th-century_disestablishments_by_continent	neg	-1	0.0
Materials	Mechanics	cross_EP	-1	0.70
Civil_engineering	Water	pos_eng	3	0.65
Architecture	Categories_named_after_animated_television_series	neg	-1	0.0
Engineering	1790s_operas	neg	-1	0.0
Infrastructure	People_from_Portland,_Oregon_by_occupation	neg	-1	0.0
Infrastructure	Provinces	neg	-1	0.0
Water	1974_in_Europe	neg	-1	0.0
Infrastructure	Sportswomen	neg	-1	0.0
Engineering	Settlements_in_Wales	neg	-1	0.0
Engineering	People_by_region_in_Belgium	neg	-1	0.0
Civil_engineering	Entertainers_from_California	neg	-1	0.0
Computer_engineers	Motion_(physics)	cross_EP	-1	0.40
Transport_infrastructure	Frank_Sinatra_songs	neg	-1	0.0
Amusement_rides	1953_establishments_by_continent	neg	-1	0.0
Roller_coasters	Energy	cross_EP	-1	0.55
Engineering	British_television_series_debuts_by_year	neg	-1	0.0
American_engineers	Scientific_organizations_by_country	neg	-1	0.0
Buildings_and_structures	Infrastructure	pos_eng	1	0.75
Architecture	17th-century_establishments_in_Europe	neg	-1	0.0
Water_infrastructure	Critical_thinking	cross_EM	-1	0.10
Buildings_and_structures	Acoustics	cross_EP	-1	0.30
Telecommunications	Fish	neg	-1	0.0
Mobile_phones	Louisiana_parishes	neg	-1	0.0
Land_vehicles	Local_government_in_India	neg	-1	0.0
Engineers	2000s_television_series_endings	neg	-1	0.0
American_engineers	1969_in_entertainment	neg	-1	0.0
Engineers	People_by_behavior	neg	-1	0.0
Watercraft	Cities_in_Ontario	neg	-1	0.0
Roller_coasters	Apple_silicon	cross_ES	-1	0.05
Transport_infrastructure	English_musicians	neg	-1	0.0
Telecommunications	Motion_(physics)	cross_EP	-1	0.30
Vehicles_by_brand	20th-century_disestablishments_in_Europe	neg	-1	0.0
Civil_engineering	2020s_in_the_United_States_by_state	neg	-1	0.0
Water_infrastructure	Religious_objects	neg	-1	0.0
Watercraft	Politics_of_Romania	neg	-1	0.0
Vehicles_by_brand	People_from_Halifax,_Nova_Scotia	neg	-1	0.0
Amusement_rides	Branches_of_science	neg	-1	0.0
Vehicles_by_brand	1935_drama_movies	neg	-1	0.0
Engineers	1974_in_Europe	neg	-1	0.0
Telephone	Telephone_numbers	pos_eng	1	0.80
Civil_engineering	21st-century_Canadian_children's_television_series	neg	-1	0.0
Architectural_styles	2022_comedy_movies	neg	-1	0.0
Computer_engineers	Computer_architecture	cross_ES	-1	0.70
Land_vehicles	Disestablishments_in_Mexico_by_decade	neg	-1	0.0
Vehicles	Differential_equations	cross_EM	-1	0.15
Video_game_consoles	Acoustics	cross_EP	-1	0.10
Telephone	Heat	cross_EP	-1	0.10
Computer_engineers	Sport_in_Austria	neg	-1	0.0
Watercraft	Disestablishments_in_North_America_by_decade	neg	-1	0.0
Telecommunications	American_children's_animated_television_series_by_genre	neg	-1	0.0
Buildings_and_structures	Area_codes_in_the_United_States_by_state_or_territory	neg	-1	0.0
Architects	Economy_of_Australia	neg	-1	0.0
Audio_technology	Shikinaisha	neg	-1	0.0
Mechanical_engineering	Vehicles_by_brand	pos_eng	-1	0.50
Roller_coasters	1885_establishments_in_Europe	neg	-1	0.0
Buildings_and_structures	1430s_by_continent	neg	-1	0.0
Vehicles_by_brand	Argentine_sportspeople_by_sport	neg	-1	0.0
Architects	Horror_movies_by_genre	neg	-1	0.0
Architecture	Architects	pos_eng	1	0.90
Architecture	Computer_scientists_by_nationality	cross_ES	-1	0.15
Amusement_rides	Sports_governing_bodies_in_Europe	neg	-1	0.0
Roller_coasters	Mexican_television	neg	-1	0.0
Engineers	Sportspeople_from_Lima	neg	-1	0.0
Virtual_reality	Redirect_categories_with_content	neg	-1	0.0
Electronics	Audio_technology	pos_eng	1	0.65
Radio	Computer_engineers	cross_ES	-1	0.50
Telephone_numbers	2019_in_sports	neg	-1	0.0
Civil_engineering	Pianists_by_nationality	neg	-1	0.0
Computer_engineers	1992_establishments_by_country	neg	-1	0.0
Materials	1430s_establishments_by_continent	neg	-1	0.0
Vehicles	1892_establishments_by_country	neg	-1	0.0
Computer_engineers	Classical_mechanics	cross_EP	-1	0.35
Telecommunications	1970_by_country	neg	-1	0.0
Vehicles	2020s_in_Canada	neg	-1	0.0
Telecommunications	British_Empire	neg	-1	0.0
Telephone	Problem_solving	cross_EM	-1	0.15
Watercraft	1831_establishments_in_the_United_States	neg	-1	0.0
