# statistics/estimation micro-round (corpus=enwiki): downward {Statistics, Estimation_theory, Statistical_theory} + bidirectional {Estimation_theory, Statistical_theory}; coh-keep Math,CS,Engineering. 2 Haiku subagents ~32k tok.
# cols: a<TAB>b<TAB>stratum<TAB>walk_len<TAB>mu
Statistical_software	Plotting_software	pos_statistics_down	1	0.40
String_metrics	16th-century_African_people	neg	-1	0.0
Estimation_theory	U-statistics	pos_estimation_the_down	1	0.80
Coding_theory	Rail_transport_in_Anuradhapura_District	neg	-1	0.0
Low-discrepancy_sequences	Statistical_concepts	cross_statistical_th_bnd	-1	0.60
Estimation_methods	Vanuatuan_people	neg	-1	0.0
Entropy_and_information	Random_number_generation	pos_statistical_th_down	1	0.60
Statistical_awards	Lesotho_people	neg	-1	0.0
U-statistics	Measures_of_complexity	cross_estimation_the_bnd	-1	0.50
Statistical_methods	Gabonese_middle-distance_runners	neg	-1	0.0
Probabilistic_models	German_gymnasts	neg	-1	0.0
Probabilistic_models	Random_number_generation	pos_statistical_th_down	-1	0.60
Regression_and_curve_fitting_software	Environmental_statistics	cross_estimation_the_bnd	-1	0.40
Statistical_theory	Statistics_educators	pos_statistics_down	-1	0.20
Women_statisticians	Nepalese_marathon_runners	neg	-1	0.0
Bayesian_estimation	Signal_estimation	pos_estimation_the_down	1	0.70
Estimation_of_densities	Gampaha_District	neg	-1	0.0
Philosophy_of_statistics	Portuguese_Roman_Catholic_bishops	neg	-1	0.0
Statistics-related_lists	Buildings_and_structures_in_Galle_District	neg	-1	0.0
Estimation_theory	Signal_estimation	pos_estimation_the_down	2	0.70
Regression_with_time_series_structure	American_women_writers	neg	-1	0.0
Low-discrepancy_sequences	United_States_Army_personnel	neg	-1	0.0
Presidents_of_statistical_organizations	Society_of_Jaffna	neg	-1	0.0
Regression_and_curve_fitting_software	Male_musicians_from_the_Holy_Roman_Empire	neg	-1	0.0
Philosophers_of_probability	Dempster–Shafer_theory	neg	-1	0.0
Asymptotic_theory_(statistics)	U-statistics	cross_statistical_th_bnd	-1	0.80
Large_deviations_theory	Turkish_politicians	neg	-1	0.0
Free_Bayesian_statistics_software	North_American_actors	neg	-1	0.0
M-estimators	English_runners	neg	-1	0.0
Free_Bayesian_statistics_software	Nigerien_sportswomen	neg	-1	0.0
Error_detection_and_correction	1970s_Yugoslav_television_series	neg	-1	0.0
Statistical_data_agreements	Markov_processes	neg	-1	0.0
Central_limit_theorem	Nursing_journals	neg	-1	0.0
Curve_fitting	Spanish_engineers	neg	-1	0.0
Detection_theory	Italian_writers	neg	-1	0.0
Large_deviations_theory	British_centenarians	neg	-1	0.0
Informal_estimation	Rail_transport_in_Matale_District	neg	-1	0.0
Random_matrices	Conditional_probability	cross_statistical_th_bnd	-1	0.50
Probabilistic_arguments	Musical_theatre_librettists	neg	-1	0.0
Algebra_of_random_variables	Polish_emigrants	cross_statistical_th_bnd	-1	0.05
Statistical_theory	Theorems_in_statistics	pos_statistical_th_down	1	0.80
Regression_analysis	Expatriates_in_Syria	neg	-1	0.0
Infinitely_divisible_probability_distributions	Reality_television_participants	neg	-1	0.0
Continuous_distributions	Russian_Revolution_in_Ukraine	neg	-1	0.0
Estimation_methods	Resampling_(statistics)	pos_estimation_the_down	1	0.70
Location-scale_family_probability_distributions	College_squash_teams_in_the_United_States	neg	-1	0.0
Civil_registration_and_vital_statistics	African_child_actors	neg	-1	0.0
Algebra_of_random_variables	Operatic_mezzo-sopranos	neg	-1	0.0
Probability_distributions_with_non-finite_variance	2000s_New_Zealand_television_series	neg	-1	0.0
Bayesian_statistics	Residential_buildings_in_Colombo_District	neg	-1	0.0
Free_statistical_software	Aerial_operations_and_battles_of_World_War_II	neg	-1	0.0
Detection_and_estimation_theorists	History_of_Palestine	neg	-1	0.0
Directional_statistics	Immigrants_to_Honduras	neg	-1	0.0
Data_differencing	Probability_interpretations	cross_statistical_th_bnd	-1	0.30
Probabilistic_models	Free_statistical_software	cross_statistical_th_bnd	-1	0.30
Estimator	Argentine_marathon_runners	neg	-1	0.0
Noncentral_distributions	2000s_Slovak_television_series	neg	-1	0.0
Regression_diagnostics	Papua_New_Guinean_scientists	neg	-1	0.0
Information_theory	Network_performance	pos_statistical_th_down	1	0.40
Regression_diagnostics	2020s_Albanian_television_series	neg	-1	0.0
Statistical_approximations	History_of_Estonia	neg	-1	0.0
Network_performance	March_2025	neg	-1	0.0
Curve_fitting	History_of_Maharashtra	neg	-1	0.0
Information_geometry	Debut_plays	neg	-1	0.0
Statistical_methods	Transport_in_Central_Province,_Sri_Lanka	neg	-1	0.0
Estimation_methods	Ratnapura_District	neg	-1	0.0
Statisticians	Expatriate_sportspeople_in_Northern_Ireland	neg	-1	0.0
Random_number_generation	Filipino_actresses	neg	-1	0.0
Estimation_methods	Single-equation_methods_(econometrics)	pos_estimation_the_down	-1	0.60
Probabilistic_data_structures	Graphical_models	pos_statistical_th_down	-1	0.50
Statistical_methods	Anatomists	neg	-1	0.0
Randomized_algorithms	Welsh_politicians	neg	-1	0.0
Statistics	Swedish_social_scientists	neg	-1	0.0
Statistical_theory	Probability_fallacies	cross_statistical_th_bnd	-1	0.30
Statistical_data_coding	Polonnaruwa	neg	-1	0.0
Accuracy_and_precision	Indiana_University–Purdue_University_Indianapolis_alumni	neg	-1	0.0
Statistics	Statisticians	pos_statistics_down	1	0.15
Maximum_likelihood_estimation	Omani_sprinters	neg	-1	0.0
Single-equation_methods_(econometrics)	Tanzanian_people	neg	-1	0.0
Infinitely_divisible_probability_distributions	Brazilian_artists	neg	-1	0.0
Plotting_software	Statistics_profession_and_organizations	pos_statistics_down	-1	0.20
Statistical_data	Statistical_data_agreements	pos_statistics_down	1	0.70
Measures_of_complexity	Politics_of_Cantabria	neg	-1	0.0
Statistical_models	Complex_distributions	cross_statistical_th_bnd	-1	0.70
Model_selection	Units_of_information	neg	-1	0.0
Algorithmic_information_theory	History_of_Czechoslovakia	neg	-1	0.0
Probabilistic_arguments	Bayesian_inference	pos_statistical_th_down	1	0.70
Regression_and_curve_fitting_software	Bayesian_estimation	pos_estimation_the_down	-1	0.60
Statistics_profession_and_organizations	Harvey_Award_winners	neg	-1	0.0
Philosophers_of_probability	Populated_places_in_Chaharmahal_and_Bakhtiari_province	neg	-1	0.0
Likelihood	Likelihoodist_statistics	pos_statistical_th_down	1	0.90
Simultaneous_equation_methods_(econometrics)	West_German_shot_putters	neg	-1	0.0
Regression_and_curve_fitting_software	Statistical_intervals	pos_estimation_the_down	-1	0.60
Statistics	Statistics_education	pos_statistics_down	1	0.40
M-estimators	Ojibwe_people	neg	-1	0.0
Population_models	Musical_theatre_directors	neg	-1	0.0
Statistical_data_transformation	Swedish_clergy	neg	-1	0.0
Statistical_software	Dutch_actors	neg	-1	0.0
U-statistics	News_media_in_South_Korea	neg	-1	0.0
Model_selection	Expatriates_in_Costa_Rica	neg	-1	0.0
Probability_distributions_with_non-finite_variance	Deaths_due_to_natural_disasters	neg	-1	0.0
String_metrics	18th-century_Romanian_people	neg	-1	0.0
Theory_of_probability_distributions	Rodeo	neg	-1	0.0
Detection_and_estimation_theorists	Probability_fallacies	cross_estimation_the_bnd	-1	0.10
Probabilistic_data_structures	19th-century_lithographers	neg	-1	0.0
Continuous_distributions	Turkish_pole_vaulters	neg	-1	0.0
Algorithmic_inference	Bolivian_marathon_runners	neg	-1	0.0
Theorems_in_statistics	Malawian_marathon_runners	neg	-1	0.0
Latent_variable_models	Female_members_of_the_House_of_Lords	neg	-1	0.0
Point_estimation_performance	Government_of_the_Region_of_Murcia	neg	-1	0.0
Regression_with_time_series_structure	Algebra_of_random_variables	cross_estimation_the_bnd	-1	0.50
Statistical_models	Green_Party_(Sweden)_politicians	neg	-1	0.0
Statistical_intervals	Protected_areas_of_Rivers_State	neg	-1	0.0
Statistical_data_transformation	Quality_control	neg	-1	0.0
Free_Bayesian_statistics_software	Filipino_Christian_clergy	neg	-1	0.0
Statistical_programming_languages	Icelandic_emigrants	neg	-1	0.0
Statistical_data	Expatriates_in_Jordan	neg	-1	0.0
Subfields_of_statistics	Albums_by_Swiss_artists	neg	-1	0.0
Compound_probability_distributions	Dutch_statisticians	neg	-1	0.0
Statistical_randomness	Society_of_Kegalle	neg	-1	0.0
Statistics-related_lists	Presidents_of_statistical_organizations	pos_statistics_down	-1	0.10
Network_performance	Argentina-related_lists	neg	-1	0.0
Estimation_methods	Statistical_awards	cross_estimation_the_bnd	-1	0.15
Sampling_(statistics)	Free_speech_activists	neg	-1	0.0
Compound_probability_distributions	1980s_crime_thriller_films	neg	-1	0.0
Applied_statistics	University_of_Iowa_alumni	neg	-1	0.0
Monte_Carlo_methods	Gay_men	neg	-1	0.0
Statistical_concepts	Expatriate_sportspeople_in_England	neg	-1	0.0
Bayesian_statistics	Mauritian_actors	neg	-1	0.0
Statistical_concepts	Nigerian_sprinters	neg	-1	0.0
Annals_of_Statistics_editors	Canadian_singers	neg	-1	0.0
Regression_with_time_series_structure	Immigrants_to_Japan	neg	-1	0.0
Applied_statistics	Expatriates_in_Venezuela	neg	-1	0.0
Statistical_data_transformation	Civil_service_examinations	neg	-1	0.0
Detection_and_estimation_theorists	American_rock_music_groups	neg	-1	0.0
Signal_estimation	Financial_models	cross_estimation_the_bnd	-1	0.50
Philosophy_of_statistics	Subfields_of_sociology	neg	-1	0.0
Single-equation_methods_(econometrics)	1910s_drama_films	neg	-1	0.0
Statistical_randomness	Japanese_marathon_runners	neg	-1	0.0
Statistical_theory	Guyanese_scientists	neg	-1	0.0
Single-equation_methods_(econometrics)	Decision_theory	cross_estimation_the_bnd	-1	0.60
Quantum_information_theory	Education_buildings_in_Uva_Province	neg	-1	0.0
Random_number_generation	People_associated_with_Kenyatta_University	neg	-1	0.0
Estimation_theory	Estimator	pos_estimation_the_down	1	1.00
Time_series_software	Sierra_Leonean_sprinters	neg	-1	0.0
Bayesian_statisticians	Libraries_in_Sri_Lanka	neg	-1	0.0
U-statistics	Microorganisms_by_century_of_formal_description	neg	-1	0.0
Statistical_programming_languages	Pharmaceutical_companies	neg	-1	0.0
Detection_and_estimation_theorists	People_associated_with_Atomi_University	neg	-1	0.0
Informal_estimation	Swedish_triple_jumpers	neg	-1	0.0
Bayesian_inference	Romanian_scientists	neg	-1	0.0
Random_number_generation	Biological_pest_control_agents	neg	-1	0.0
Sequential_methods	2020s_Puerto_Rican_television_series	neg	-1	0.0
Graphical_models	Information_theorists_by_nationality	neg	-1	0.0
String_metrics	Members_of_the_Democratic_Socialists_of_America	neg	-1	0.0
Statistical_intervals	Women's_T20_Challenge_cricketers	neg	-1	0.0
Latent_variable_models	Contemporary_artists	neg	-1	0.0
Statistics_of_the_COVID-19_pandemic	Albums_by_Ghanaian_artists	neg	-1	0.0
Data_compression	World_War_II_resistance_movements	neg	-1	0.0
Quantum_information_theory	Statistical_analysis	cross_statistical_th_bnd	-1	0.40
Informal_estimation	U-statistics	cross_estimation_the_bnd	-1	0.60
Discrete_distributions	Native_American_Christians	neg	-1	0.0
Statistical_awards	Sri_Lankan_teachers	neg	-1	0.0
Estimation_theory	Bahraini_middle-distance_runners	neg	-1	0.0
Women_statisticians	Prince-bishops	neg	-1	0.0
Bayesian_estimation	Statistical_models	cross_estimation_the_bnd	-1	0.80
Regression_variable_selection	Simultaneous_equation_methods_(econometrics)	pos_estimation_the_down	-1	0.60
Philosophy_of_statistics	Jamaican_criminals	neg	-1	0.0
Statistical_data_coding	2000s_action_comedy_films	neg	-1	0.0
Likelihood	Maximum_likelihood_estimation	pos_statistical_th_down	1	1.00
Model_selection	History_of_Puducherry	neg	-1	0.0
Statistics_of_the_COVID-19_pandemic	Geography_of_the_Philippines	neg	-1	0.0
Probabilistic_models	Populated_places_in_Trincomalee_District	neg	-1	0.0
Statistical_data	Statistical_data_sets	pos_statistics_down	1	0.90
Single-equation_methods_(econometrics)	16th-century_Muslims	neg	-1	0.0
Maximum_likelihood_estimation	Regression_models	pos_estimation_the_down	-1	0.70
Probability_distribution_fitting	1970s_Swedish_television_series	neg	-1	0.0
Quantum_information_theory	Kazakhstani_hurdlers	neg	-1	0.0
Signal_estimation	Immigrants_to_Zimbabwe	neg	-1	0.0
Resampling_(statistics)	Hip-hop_people	neg	-1	0.0
Probability_distributions	Libyan_sportswomen	neg	-1	0.0
Philosophy_of_statistics	Bengali-language_films	neg	-1	0.0
Algorithmic_information_theory	20th-century_Indian_politicians	neg	-1	0.0
Location-scale_family_probability_distributions	Statistical_databases	neg	-1	0.0
Detection_theory	2020s_action_comedy_films	neg	-1	0.0
Location-scale_family_probability_distributions	Trojan_minor_planets	neg	-1	0.0
Design_of_experiments	Tourism_in_Kalutara_District	neg	-1	0.0
Stochastic_models	Algebra_of_random_variables	pos_statistical_th_down	-1	0.60
Noncentral_distributions	Kazakhstani_sportswomen	neg	-1	0.0
Regression_analysis	Management_theory	cross_estimation_the_bnd	-1	0.20
Noncentral_distributions	Religion_in_the_Philippines	neg	-1	0.0
Statistical_inference	Philosophers_of_probability	pos_statistical_th_down	-1	0.30
Regression_variable_selection	Likelihood	cross_estimation_the_bnd	-1	0.70
Nonparametric_Bayesian_statistics	Free_statistical_software	cross_statistical_th_bnd	-1	0.30
Theorems_in_statistics	2010s_black_comedy_films	neg	-1	0.0
Monte_Carlo_methods	Markov_chain_Monte_Carlo	pos_estimation_the_down	1	0.85
Statistical_methods	Kazakhstani_expatriates	neg	-1	0.0
Statistical_data_coding	Fiction_about_telepathy	neg	-1	0.0
Complex_distributions	Transport_in_North_Western_Province,_Sri_Lanka	neg	-1	0.0
Ethics_and_statistics	South_Sudanese_long-distance_runners	neg	-1	0.0
Bayesian_statistics	Saudi_Arabian_musicians	neg	-1	0.0
Coding_theory	Malaysian_businesspeople	neg	-1	0.0
Central_limit_theorem	Museums_in_Eastern_Province,_Sri_Lanka	neg	-1	0.0
Statistical_theory	2010s_Hungarian_television_series	neg	-1	0.0
Spin_models	Paraguayan_people	neg	-1	0.0
Statistical_laws	American_military_personnel_of_World_War_I	neg	-1	0.0
Statistical_data	Czech_television_series	neg	-1	0.0
Design_of_experiments	Experimental_bias	pos_statistics_down	1	0.70
Regression_variable_selection	American_mathematicians	neg	-1	0.0
Econometric_models	Estonian_sportswomen	neg	-1	0.0
Ethics_and_statistics	2000s_Italian_television_series	neg	-1	0.0
Statistical_paradoxes	2010s_Finnish_television_series	neg	-1	0.0
Noncentral_distributions	Statistical_organisations_in_India	neg	-1	0.0
M-estimators	Nigerian_statisticians	neg	-1	0.0
Information_theory	Data_compression	pos_statistical_th_down	2	0.65
Probability_distribution_fitting	Statistical_organizations	cross_estimation_the_bnd	-1	0.20
Statistical_concepts	People_from_Kalutara_District	neg	-1	0.0
Statistical_theory	Landmarks_in_the_Philippines	neg	-1	0.0
Subfields_of_statistics	Conservative_Party_(UK)_MPs	neg	-1	0.0
Robust_statistics	Categories_requiring_diffusion	cross_estimation_the_bnd	-1	0.05
Data_differencing	Mexican_social_scientists	neg	-1	0.0
Statistics	Chinese_government_officials	neg	-1	0.0
Errors_and_residuals	Kurunegala	neg	-1	0.0
Statistical_awards	Civil_registration_and_vital_statistics	pos_statistics_down	-1	0.10
Population_models	Laotian_artists	neg	-1	0.0
Regression_analysis	Australian_expatriates	neg	-1	0.0
Statistics_profession_and_organizations	19th-century_educators	neg	-1	0.0
Model_selection	2020s_American_films	neg	-1	0.0
Infinitely_divisible_probability_distributions	Immigrants_to_São_Tomé_and_Príncipe	neg	-1	0.0
Statistical_data_transformation	Liberian_expatriates	neg	-1	0.0
Algorithmic_inference	Probabilistic_arguments	cross_statistical_th_bnd	-1	0.60
Statistics_educators	Tourist_attractions_in_Kilinochchi_District	neg	-1	0.0
Estimator	Rhythmic_gymnasts	neg	-1	0.0
Statistical_principles	History_of_Monaco	neg	-1	0.0
Theorems_in_statistics	Russian_Revolution	neg	-1	0.0
Data_mining_and_machine_learning_software	History_of_Moldova	neg	-1	0.0
Statistical_regions	Films_about_economics	neg	-1	0.0
Statistical_intervals	Bayesian_estimation	pos_estimation_the_down	-1	0.75
Statistical_data	Nation	neg	-1	0.0
Biostatistical_methods	Scenic_designers	neg	-1	0.0
Regression_with_time_series_structure	Schools_in_Western_Province,_Sri_Lanka	neg	-1	0.0
Discrete_distributions	Turkish_musicians	neg	-1	0.0
Statistical_data_transformation	Chhattisgarh	neg	-1	0.0
Annals_of_Statistics_editors	Emigrants_from_Austria-Hungary	neg	-1	0.0
Units_of_information	Papua_New_Guinean_musicians	neg	-1	0.0
Monte_Carlo_methods	Cham_Albanians	neg	-1	0.0
Regression_diagnostics	Israeli_expatriates	neg	-1	0.0
Information_geometry	Lord_high_stewards_of_Scotland	neg	-1	0.0
Model_selection	Estonian_sportswomen	neg	-1	0.0
Estimation_theory	Informal_estimation	pos_estimation_the_down	2	0.80
Statistical_organizations	Canada-related_lists	neg	-1	0.0
Statistical_theory	Members_of_Parliament_from_Delhi	neg	-1	0.0
Statistics_books	American_people_of_European-Jewish_descent	neg	-1	0.0
Statistics	Statistical_regions	pos_statistics_down	2	0.20
Statistics-related_lists	Nauruan_expatriates	neg	-1	0.0
Probability_distribution_fitting	Management_theory	cross_estimation_the_bnd	-1	0.10
Measures_of_complexity	Grenadian_actors	neg	-1	0.0
Theory_of_probability_distributions	Union_councils_of_Pakistan	neg	-1	0.0
Graphical_models	April_2016	neg	-1	0.0
Bayesian_statisticians	Vanuatuan_people	neg	-1	0.0
Statistical_data_transformation	Slovenian_politicians	neg	-1	0.0
Curve_fitting	Probabilistic_data_structures	neg	-1	0.0
Continuous_distributions	Soviet_social_scientists	neg	-1	0.0
Resampling_(statistics)	Neologisms	neg	-1	0.0
Regression_diagnostics	United_States_Coast_Guard_personnel	neg	-1	0.0
Statistical_theory	Lost_objects	neg	-1	0.0
Entropy_and_information	1920s_action_thriller_films	neg	-1	0.0
Theorems_in_statistics	Russian_hammer_throwers	neg	-1	0.0
M-estimators	Estonian_javelin_throwers	neg	-1	0.0
Statistical_concepts	Experimental_bias	pos_statistics_down	1	0.50
Women_statisticians	Igbo	neg	-1	0.0
Regression_with_time_series_structure	Romanian_javelin_throwers	neg	-1	0.0
Bayesian_statisticians	1980s_Iraqi_television_series	neg	-1	0.0
Sampling_(statistics)	I-Kiribati_sportsmen	neg	-1	0.0
Random_number_generation	Manx_people	neg	-1	0.0
Regression_with_time_series_structure	Thai_engineers	neg	-1	0.0
Low-discrepancy_sequences	College_soccer_coaches_in_the_United_States	neg	-1	0.0
Microsoft_Office-related_statistical_software	Television_shows_set_in_California	neg	-1	0.0
Statistical_data	Nigerian_expatriates	neg	-1	0.0
Curve_fitting	Regression_diagnostics	pos_estimation_the_down	2	0.70
Signal_estimation	Multivariate_statistics	cross_estimation_the_bnd	-1	0.60
Simultaneous_equation_methods_(econometrics)	Theorems_in_statistics	neg	-1	0.0
Fellows_of_the_Institute_of_Mathematical_Statistics	Chinese_marathon_runners	neg	-1	0.0
Regression_analysis	Regression_variable_selection	pos_estimation_the_down	1	0.85
Sampling_(statistics)	Museums_in_Uva_Province	neg	-1	0.0
String_metrics	Bolivian_sportswomen	neg	-1	0.0
Probability_distributions	Kazakhstani_expatriates	neg	-1	0.0
Stochastic_models	Integral_geometry	cross_statistical_th_bnd	-1	0.30
Informal_estimation	Monte_Carlo_methods	pos_estimation_the_down	-1	0.75
Data_mining_and_machine_learning_software	South_American_writers	neg	-1	0.0
Validity_(statistics)	Communication_theory	cross_statistical_th_bnd	-1	0.20
Accuracy_and_precision	Signal_estimation	cross_statistical_th_bnd	-1	0.75
Likelihoodist_statistics	Astrostatisticians	neg	-1	0.0
Stochastic_models	Soviet_musicians	neg	-1	0.0
Free_statistical_software	Publishers_(people)_from_the_Thirteen_Colonies	neg	-1	0.0
Probability_fallacies	Mexican_Baseball_League_infielders	neg	-1	0.0
Regression_analysis	Statistical_data_sets	cross_estimation_the_bnd	-1	0.60
Data_mining_and_machine_learning_software	Marvel_Comics_film_characters	neg	-1	0.0
Statistics_profession_and_organizations	Nigeria-related_lists	neg	-1	0.0
Fellows_of_the_Institute_of_Mathematical_Statistics	Members_of_the_National_Assembly_(Slovenia)	neg	-1	0.0
Curve_fitting	African_women_singers	neg	-1	0.0
Philosophy_of_statistics	Algerian_marathon_runners	neg	-1	0.0
Estimation_theory	Resampling_(statistics)	pos_estimation_the_down	2	0.75
Entropy_and_information	Hungarian_statisticians	neg	-1	0.0
Quantum_computing	Governors_of_provinces_of_Nepal	neg	-1	0.0
Presidents_of_statistical_organizations	2000s_Algerian_television_series	neg	-1	0.0
Units_of_information	20th-century_textile_artists	cross_statistical_th_bnd	-1	0.00
Theory_of_probability_distributions	Museums_in_Western_Province,_Sri_Lanka	neg	-1	0.0
Point_estimation_performance	2010s_Taiwanese_television_series	neg	-1	0.0
Estimation_methods	Probability_distribution_fitting	pos_estimation_the_down	1	0.70
Civil_registration_and_vital_statistics	Epic_films	neg	-1	0.0
Regression_with_time_series_structure	Signal_estimation	pos_estimation_the_down	-1	0.70
Population_models	Canadian_social_scientists	neg	-1	0.0
Estimation_methods	Sammarinese_marathon_runners	neg	-1	0.0
Statistical_concepts	Albums_by_Vietnamese_artists	neg	-1	0.0
Similarity_measures	Chinese_middle-distance_runners	neg	-1	0.0
Free_Bayesian_statistics_software	Randomness	cross_statistical_th_bnd	-1	0.20
Robust_statistics	Rwandan_scientists	neg	-1	0.0
Probability_distribution_fitting	2010s_Bulgarian_television_series	neg	-1	0.0
M-estimators	Filipino_sportsmen	neg	-1	0.0
Statistical_concepts	Iranian_medical_doctors	neg	-1	0.0
Statistics	Statistics-related_lists	pos_statistics_down	1	0.10
Statistics_of_the_COVID-19_pandemic	2000s_Philippine_television_series	neg	-1	0.0
Bayesian_statisticians	Landforms_of_the_Philippines	neg	-1	0.0
Biostatistical_methods	Bruneian_businesspeople	neg	-1	0.0
Stochastic_models	Stone_Age	neg	-1	0.0
Statistical_principles	Sudanese_emigrants	neg	-1	0.0
Error_detection_and_correction	American_probability_theorists	cross_statistical_th_bnd	-1	0.05
Annals_of_Statistics_editors	Moldovan_writers	neg	-1	0.0
Statisticians	Venezuelan_long_jumpers	neg	-1	0.0
Information_geometry	American_film_directors	neg	-1	0.0
Bayesian_statistics	Rail_transport_in_Nuwara_Eliya_District	neg	-1	0.0
Accuracy_and_precision	Rwandan_businesspeople	neg	-1	0.0
Coding_theory	Dutch_scientists	neg	-1	0.0
Regression_and_curve_fitting_software	Painters_from_the_Ottoman_Empire	neg	-1	0.0
Asymptotic_theory_(statistics)	Probabilistic_arguments	cross_statistical_th_bnd	-1	0.60
Graphical_models	Barriers_to_critical_thinking	cross_statistical_th_bnd	-1	0.05
Estimation_theory	Communication_theory	cross_statistical_th_bnd	-1	0.40
Bayesian_statisticians	Expatriates_in_Kosovo	neg	-1	0.0
Statistical_concepts	Members_of_New_Zealand_provincial_executive_councils	neg	-1	0.0
Measures_of_complexity	Politicians_from_Nuevo_León	neg	-1	0.0
Statistical_survey_software	Statistical_theory	pos_statistics_down	-1	0.50
Systems_of_probability_distributions	Philosophy_of_statistics	cross_statistical_th_bnd	-1	0.40
Estimation_methods	Malagasy_sportswomen	neg	-1	0.0
Statistical_randomness	Decision_theory	cross_statistical_th_bnd	-1	0.50
Errors_and_residuals	Democratic_Republic_of_the_Congo_actors	neg	-1	0.0
Statistical_hypothesis_testing	Guyanese_artists	neg	-1	0.0
Similarity_measures	13th-century_African_people	neg	-1	0.0
Asymptotic_theory_(statistics)	Mesoamerica	neg	-1	0.0
Latent_variable_models	Presidents_of_statistical_organizations	neg	-1	0.0
Regression_models	Adult_contemporary_radio_stations_in_the_United_States	neg	-1	0.0
Spin_models	College_women's_track_and_field_athletes_in_South_Carolina	neg	-1	0.0
Statistical_charts_and_diagrams	Mountain_bikers	neg	-1	0.0
Regression_with_time_series_structure	British_women_statisticians	neg	-1	0.0
Biostatistical_methods	Slovenian_musicians	neg	-1	0.0
Detection_and_estimation_theorists	People_from_Bagmati_Province	neg	-1	0.0
Informal_estimation	Applied_statistical_analysis	cross_estimation_the_bnd	-1	0.70
Sequential_methods	Sculptures	neg	-1	0.0
Bayesian_networks	Dramatists_and_playwrights_from_the_Holy_Roman_Empire	neg	-1	0.0
Estimation_theory	Malawian_musicians	neg	-1	0.0
Stochastic_models	Management_theory	cross_statistical_th_bnd	-1	0.20
Elected_Members_of_the_International_Statistical_Institute	Taiwanese_emigrants	neg	-1	0.0
Statistical_inference	Films_about_revenge	neg	-1	0.0
Civil_registration_and_vital_statistics	Society_of_the_Sabaragamuwa_Province	neg	-1	0.0
Complex_distributions	International_volleyball_competitions	neg	-1	0.0
Statistics_books	Irish_film_actors	neg	-1	0.0
String_metrics	Queens_regnant_in_Africa	neg	-1	0.0
Detection_and_estimation_theorists	Pakistan_Railways	neg	-1	0.0
Infinitely_divisible_probability_distributions	Likelihood	pos_statistical_th_down	-1	0.50
Markov_chain_Monte_Carlo	Statistical_analysis	cross_estimation_the_bnd	-1	0.75
Probability_distribution_fitting	Immigrants_to_the_Dominican_Republic	neg	-1	0.0
Algebra_of_random_variables	Categories_requiring_diffusion	cross_statistical_th_bnd	-1	0.00
Central_limit_theorem	19th-century_printmakers	neg	-1	0.0
Simultaneous_equation_methods_(econometrics)	Statistical_reliability	neg	-1	0.0
Location-scale_family_probability_distributions	Religious_buildings_and_structures_in_Southern_Province,_Sri_Lanka	neg	-1	0.0
Statistical_data_coding	Governors_of_provinces_of_Nepal	neg	-1	0.0
Statistical_data_types	Buildings_and_structures_in_Peradeniya	neg	-1	0.0
Errors_and_residuals	Religious_schools_in_the_Philippines	neg	-1	0.0
Statistical_data	Companies_based_in_Texas	neg	-1	0.0
Statistical_theory	Statistical_inference	pos_statistical_th_down	1	0.90
Econometrics_software	Fictional_entertainers	neg	-1	0.0
Continuous_distributions	Filipino_models	neg	-1	0.0
Probabilistic_arguments	Statistical_analysis	cross_statistical_th_bnd	-1	0.65
Maximum_likelihood_estimation	Economy_of_Hambantota_District	neg	-1	0.0
Estimation_methods	Middle_Ages	neg	-1	0.0
Robust_statistics	Robust_regression	pos_estimation_the_down	1	0.85
Information_geometry	Male_painters	neg	-1	0.0
Statistical_data_sets	Proposed_transport_infrastructure_in_North_America	neg	-1	0.0
Markov_chain_Monte_Carlo	Members_of_Parliament_from_Goa	neg	-1	0.0
Bayesian_statistics	Information_theory	pos_statistical_th_down	-1	0.55
Statistics	Subfields_of_statistics	pos_statistics_down	1	0.20
Philosophy_of_statistics	Marathon_runners_from_Northern_Ireland	neg	-1	0.0
Stable_distributions	Technology_companies	neg	-1	0.0
Model_selection	Slovak_sportswomen	neg	-1	0.0
Statistics-related_lists	Text-to-image_generation	neg	-1	0.0
Data_compression	College_women's_track_and_field_athletes_in_the_United_States	neg	-1	0.0
Directional_statistics	20th-century_famines	neg	-1	0.0
Statistical_theory	Canadian_discus_throwers	neg	-1	0.0
Coding_theory	Statistical_laws	pos_statistical_th_down	-1	0.20
U-statistics	Regression_analysis	pos_estimation_the_down	-1	0.60
Microsoft_Office-related_statistical_software	Fiction_about_alien_visitations	neg	-1	0.0
Point_estimation_performance	Serbian_engineers	neg	-1	0.0
Detection_and_estimation_theorists	Spanish_bishops	neg	-1	0.0
Stochastic_processes	2000s_Sri_Lankan_television_series	neg	-1	0.0
Measures_of_complexity	Canadian_criminals	neg	-1	0.0
Data_mining_and_machine_learning_software	Rodeo_performers	neg	-1	0.0
Biostatistical_methods	Indian_jurists	neg	-1	0.0
Estimation_methods	Health_fraud	neg	-1	0.0
Computational_statistics	Statistics_books	neg	-1	0.0
Sequential_methods	Financial_risk	neg	-1	0.0
Algebra_of_random_variables	Czechoslovak_statisticians	neg	-1	0.0
Probability_distributions	Randomized_algorithms	pos_statistical_th_down	-1	0.40
Continuous_distributions	Fijian_musicians	neg	-1	0.0
Bayesian_estimation	Markov_chain_Monte_Carlo	pos_estimation_the_down	1	0.80
Statistical_data_sets	Statistics	pos_statistics_down	-1	0.30
Algorithmic_inference	Esperantists	neg	-1	0.0
Continuous_distributions	Members_of_the_National_Council_(Austria)	neg	-1	0.0
String_metrics	Latvian_expatriates	neg	-1	0.0
Regression_and_curve_fitting_software	Social_statistics	neg	-1	0.0
Statistical_theory	Directional_statistics	pos_statistical_th_down	1	0.70
Statistical_theory	Statistical_approximations	pos_statistical_th_down	1	0.80
Bayesian_statistics	British_Soap_Awards_winners	neg	-1	0.0
Statistical_principles	Likelihood	cross_statistical_th_bnd	-1	0.70
Data_differencing	Free_statistical_software	cross_statistical_th_bnd	-1	0.20
Annals_of_Statistics_editors	Colombian_javelin_throwers	neg	-1	0.0
Statistical_software	Expatriates_in_the_United_Arab_Emirates	neg	-1	0.0
Statistical_charts_and_diagrams	Publishers	neg	-1	0.0
Conjugate_prior_distributions	1950s_Spanish_television_series	neg	-1	0.0
Complex_distributions	Religious_philosophy	neg	-1	0.0
Bayesian_estimation	African-American_history	neg	-1	0.0
Estimator	Estimation_of_densities	pos_estimation_the_down	-1	0.80
Graphical_models	Bayesian_networks	pos_statistical_th_down	1	0.90
Presidents_of_statistical_organizations	Security_software	neg	-1	0.0
Civil_registration_and_vital_statistics	Serbian_Orthodox_Church	neg	-1	0.0
Probability_distributions	Primetime_Emmy_Award_winners	neg	-1	0.0
Statistical_methods	Biostatistical_methods	pos_statistics_down	1	0.80
Bayesian_networks	1980s_crime_films	neg	-1	0.0
Large_deviations_theory	History_of_All-Palestine_(Gaza)	neg	-1	0.0
Logic_and_statistics	Serbian_triple_jumpers	neg	-1	0.0
Regression_with_time_series_structure	Probability_theory	cross_estimation_the_bnd	-1	0.50
Statistical_organizations	People_from_Matale_District	neg	-1	0.0
Free_Bayesian_statistics_software	Saint_Kitts_and_Nevis_people	neg	-1	0.0
Statistics	Econometrics_software	pos_statistics_down	2	0.60
Statistical_data	Fiction_about_cyborgs	neg	-1	0.0
Measures_of_complexity	Dressage	neg	-1	0.0
Time_series_software	People_of_East_Pakistan	neg	-1	0.0
Probabilistic_arguments	2010s_Lebanese_television_series	neg	-1	0.0
Statistics_educators	Pixar	neg	-1	0.0
Bayesian_statistics	Saint_Vincent_and_the_Grenadines_expatriates	neg	-1	0.0
Statistics_profession_and_organizations	Romantic_comedy_films	neg	-1	0.0
Estimation_theory	Errors_and_residuals	pos_estimation_the_down	1	0.80
Statistics	Ghanaian_musicians	neg	-1	0.0
Similarity_measures	Ugandan_sportsmen	neg	-1	0.0
Econometrics_software	Academic_staff_of_the_University_of_Toronto	neg	-1	0.0
Resampling_(statistics)	Indian_architects	neg	-1	0.0
Estimation_theory	Bayesian_estimation	pos_estimation_the_down	1	1.00
Statistical_survey_software	Religious_buildings_and_structures_in_Kurunegala_District	neg	-1	0.0
Time_series_software	Albums_by_Nicaraguan_artists	neg	-1	0.0
Biostatistical_methods	Azerbaijani_expatriates	neg	-1	0.0
Probabilistic_arguments	Expatriates_in_Gabon	neg	-1	0.0
Statistical_forecasting	Likelihoodist_statistics	cross_statistical_th_bnd	-1	0.60
Statistical_regions	Elected_Members_of_the_International_Statistical_Institute	pos_statistics_down	-1	0.10
Estimation_methods	Informal_estimation	pos_estimation_the_down	1	0.70
Statistical_charts_and_diagrams	Belarusian_musicians	neg	-1	0.0
Detection_and_estimation_theorists	Expatriates_in_Trinidad_and_Tobago	neg	-1	0.0
Biostatistical_methods	Actresses_from_California	neg	-1	0.0
Maximum_likelihood_estimation	Brazilian_statisticians	neg	-1	0.0
Plotting_software	Ukrainian_rowers	neg	-1	0.0
Statistical_theory	Statistical_principles	pos_statistical_th_down	1	0.90
Probabilistic_data_structures	Mathematical_statisticians	neg	-1	0.0
Low-discrepancy_sequences	Management_theory	cross_statistical_th_bnd	-1	0.10
Econometric_models	18th-century_lithographers	neg	-1	0.0
Statistical_programming_languages	Icelandic_pole_vaulters	neg	-1	0.0
Experimental_bias	Civil_registration_and_vital_statistics	pos_statistics_down	-1	0.30
Computational_statistics	Jews_who_died_in_the_Holocaust	neg	-1	0.0
Computational_statistics	Statistical_software	pos_statistics_down	1	0.80
Simultaneous_equation_methods_(econometrics)	Business_in_the_Philippines	neg	-1	0.0
Statistical_principles	Sri_Lankan_actors	neg	-1	0.0
Statistical_models	Pseudorandomness	neg	-1	0.0
Asymptotic_theory_(statistics)	American_documentary_television_series	neg	-1	0.0
Statistics	Statistical_software	pos_statistics_down	1	0.70
Statistics	Experimental_bias	pos_statistics_down	2	0.70
Pseudorandomness	Buddhist_terminology	neg	-1	0.0
Nonparametric_regression	Nigerien_marathon_runners	neg	-1	0.0
Martingale_theory	Dance_music_albums	neg	-1	0.0
Monte_Carlo_methods	Probabilistic_arguments	cross_statistical_th_bnd	-1	0.60
Stochastic_processes	Mongolian_musical_groups	neg	-1	0.0
Statistical_principles	Czech_actors	neg	-1	0.0
Sampling_(statistics)	Ivorian_sprinters	neg	-1	0.0
Logic_and_statistics	Hungarian_artistic_gymnasts	neg	-1	0.0
Probability_interpretations	American_women_writers	neg	-1	0.0
Estimation_theory	Nonparametric_regression	pos_estimation_the_down	2	0.80
Stochastic_processes	Lebanese_artists	neg	-1	0.0
Statistical_programming_languages	Major_League_Baseball_infielders	neg	-1	0.0
String_metrics	Buildings_and_structures_in_Kuliyapitiya	neg	-1	0.0
Conjugate_prior_distributions	Expatriates_in_Palestine	neg	-1	0.0
Statistical_survey_software	Institute_of_Mathematical_Statistics	neg	-1	0.0
Sequential_methods	College_men's_track_and_field_athletes_in_New_Mexico	neg	-1	0.0
Likelihood	Canadian_documentary_filmmakers	neg	-1	0.0
Errors_and_residuals	2000s_Puerto_Rican_television_series	neg	-1	0.0
Stable_distributions	Probability_and_statistics	cross_statistical_th_bnd	-1	0.80
Statistical_programming_languages	Malagasy_people	neg	-1	0.0
Statistical_laws	Mexican_diaspora_in_the_United_States	neg	-1	0.0
Spin_models	Kilinochchi_District	neg	-1	0.0
Statistics-related_lists	2020s_Singaporean_television_series	neg	-1	0.0
Bayesian_networks	Psychiatry	neg	-1	0.0
Elected_Members_of_the_International_Statistical_Institute	Bryozoa	neg	-1	0.0
Similarity_measures	String_metrics	pos_statistical_th_down	1	0.90
Elected_Members_of_the_International_Statistical_Institute	Crimes_in_New_York_City	neg	-1	0.0
Location-scale_family_probability_distributions	Residential_buildings_in_Mannar_District	neg	-1	0.0
Statistical_paradoxes	Slovenian_actresses	neg	-1	0.0
Regression_analysis	Statistical_awards	cross_estimation_the_bnd	-1	0.20
Statistical_paradoxes	Universities_in_England	neg	-1	0.0
Network_performance	College_men's_track_and_field_athletes_in_Michigan	neg	-1	0.0
Noncentral_distributions	Economy_of_Matale_District	neg	-1	0.0
Statistics_profession_and_organizations	LGBTQ_Jews	neg	-1	0.0
Resampling_(statistics)	People_from_Caracas	neg	-1	0.0
Philosophers_of_probability	Immigrants_to_Guatemala	neg	-1	0.0
Simultaneous_equation_methods_(econometrics)	History_of_Rwanda	neg	-1	0.0
Bayesian_estimation	Curve_fitting	pos_estimation_the_down	-1	0.80
Robust_regression	Syrian_emigrants	neg	-1	0.0
Regression_models	Writers_from_the_Thirteen_Colonies	neg	-1	0.0
Estimation_theory	Point_estimation_performance	pos_estimation_the_down	1	1.00
Detection_and_estimation_theorists	History_of_probability_and_statistics	cross_estimation_the_bnd	-1	0.30
Theorems_in_statistics	Cape_Verdean_sportswomen	neg	-1	0.0
Presidents_of_statistical_organizations	Government_of_the_Canary_Islands	neg	-1	0.0
Regression_variable_selection	Regression_diagnostics	pos_estimation_the_down	-1	0.80
Statistical_charts_and_diagrams	Cuisine_templates	neg	-1	0.0
Regression_analysis	2020s_crime_comedy_films	neg	-1	0.0
Statistical_data_sets	Lists_of_mayors	neg	-1	0.0
Simultaneous_equation_methods_(econometrics)	1960s_Icelandic_television_series	neg	-1	0.0
Information_theorists	Bayesian_statistics	cross_statistical_th_bnd	-1	0.20
Statistical_concepts	Fictional_practitioners_of_Japanese_martial_arts	neg	-1	0.0
Single-equation_methods_(econometrics)	Award_winners_from_the_Philippines	neg	-1	0.0
Statistical_organizations	British_television_miniseries	neg	-1	0.0
Subfields_of_statistics	British_journalists	neg	-1	0.0
Free_Bayesian_statistics_software	Pakistani_marathon_runners	neg	-1	0.0
Continuous_distributions	Former_United_States_citizens	neg	-1	0.0
Random_number_generation	Populated_places_in_Morocco	neg	-1	0.0
Likelihoodist_statistics	Laotian_artists	neg	-1	0.0
Theory_of_probability_distributions	British_memoirists	neg	-1	0.0
Model_selection	Chetniks	neg	-1	0.0
Estimation_methods	Estimation_of_densities	pos_estimation_the_down	1	0.90
Statistics_of_the_COVID-19_pandemic	House_of_Lords_Act_1999	neg	-1	0.0
Monte_Carlo_methods	Korean_actresses	neg	-1	0.0
Quantum_computing	History_of_Nepal	neg	-1	0.0
Entropy_and_information	Organisations_based_in_England	neg	-1	0.0
Statistics	Argentine_statisticians	neg	-1	0.0
Estimator	M-estimators	pos_estimation_the_down	1	1.00
Low-discrepancy_sequences	Sri_Lankan_educators	neg	-1	0.0
Statistical_survey_software	English_Roman_Catholic_priests	neg	-1	0.0
Robust_regression	Omani_expatriates	neg	-1	0.0
Latent_variable_models	Sculptures	neg	-1	0.0
Experimental_bias	Privately_held_companies_of_Ukraine	neg	-1	0.0
Martingale_theory	Portuguese_sprinters	neg	-1	0.0
Maximum_likelihood_estimation	15th-century_educators	neg	-1	0.0
Econometrics_software	Annals_of_Statistics_editors	pos_statistics_down	-1	0.10
Subfields_of_statistics	Philosophy_of_statistics	pos_statistics_down	1	0.60
Probability_distribution_fitting	Angolan_expatriates	neg	-1	0.0
Model_selection	Unsolved_deaths	neg	-1	0.0
Subfields_of_statistics	Syrian_sportswomen	neg	-1	0.0
Statisticians	Argentine_poets	neg	-1	0.0
Information_theorists	Princes_of_Wallachia	neg	-1	0.0
Location-scale_family_probability_distributions	Statistics_profession_and_organizations	cross_statistical_th_bnd	-1	0.10
Pseudorandomness	Eritrean_sportsmen	neg	-1	0.0
Compound_probability_distributions	1990s_Brazilian_television_series	neg	-1	0.0
Algebra_of_random_variables	American_sportswomen	neg	-1	0.0
Entropy_and_information	Israeli_Basketball_Premier_League_players	neg	-1	0.0
Nonparametric_Bayesian_statistics	Cephalopods_by_century_of_formal_description	neg	-1	0.0
Philosophy_of_statistics	Expatriates_in_Costa_Rica	neg	-1	0.0
Statistical_hypothesis_testing	Likelihoodist_statistics	pos_statistical_th_down	-1	0.80
Random_number_generation	Humanities_journals	neg	-1	0.0
Coding_theory	Roads_in_Luzon	neg	-1	0.0
Philosophers_of_probability	Korean_actresses	neg	-1	0.0
Statistical_data_coding	Actors_from_Northern_Ireland	neg	-1	0.0
Population_models	Probability_interpretations	cross_statistical_th_bnd	-1	0.50
Infinitely_divisible_probability_distributions	Expatriates_in_Scotland	neg	-1	0.0
Large_deviations_theory	Statistical_approximations	cross_statistical_th_bnd	-1	0.70
Robust_regression	Probability_distribution_fitting	pos_estimation_the_down	-1	0.70
Statistics_of_the_COVID-19_pandemic	Television_shows_set_in_China	neg	-1	0.0
Sequential_methods	Pudukkottai_district	neg	-1	0.0
Estimation_of_densities	Measures_of_complexity	cross_estimation_the_bnd	-1	0.40
Statistical_theory	Statistical_forecasting	pos_statistical_th_down	2	0.80
U-statistics	Inference	cross_estimation_the_bnd	-1	0.80
Philosophers_of_probability	People_from_South_Dakota	neg	-1	0.0
Applied_statistics	Electronic_music_groups	neg	-1	0.0
Design_of_experiments	American_discus_throwers	neg	-1	0.0
Experimental_bias	Airports_in_Alaska	neg	-1	0.0
Errors_and_residuals	Statistical_inequalities	cross_estimation_the_bnd	-1	0.50
Logic_and_statistics	French_diplomats	neg	-1	0.0
Systems_of_probability_distributions	Nigerian_writers	neg	-1	0.0
Discrete_distributions	Fiction_about_the_Central_Intelligence_Agency	neg	-1	0.0
Statistics-related_lists	Expatriates_in_Korea	neg	-1	0.0
Statistical_randomness	American_television_films	neg	-1	0.0
Signal_estimation	Metrics	cross_estimation_the_bnd	-1	0.60
Detection_and_estimation_theorists	Decades_by_city	neg	-1	0.0
Statistical_organizations	Norwegian_discus_throwers	neg	-1	0.0
Bayesian_statisticians	Swedish_expatriates	neg	-1	0.0
Statistical_theory	Statistical_models	pos_statistical_th_down	1	0.90
Bayesian_estimation	Marshallese_sportswomen	neg	-1	0.0
Statistical_randomness	Roman_Catholic_saints	neg	-1	0.0
Likelihood	Sierra_Leonean_emigrants	neg	-1	0.0
Statistical_laws	Complex_distributions	pos_statistical_th_down	-1	0.60
Probability_distribution_fitting	Statistical_software	cross_estimation_the_bnd	-1	0.60
Estimation_methods	Albums_by_Somalian_artists	neg	-1	0.0
Errors_and_residuals	Politics_of_Extremadura	neg	-1	0.0
Probabilistic_models	1960s_Iraqi_television_series	neg	-1	0.0
Estimation_theory	Graphical_models	cross_estimation_the_bnd	-1	0.60
Statistical_data_sets	Fictional_entertainers	neg	-1	0.0
Estimation_of_densities	Libyan_discus_throwers	neg	-1	0.0
Estimator	Medical_statistics_journals	neg	-1	0.0
Model_selection	West_Bengal	neg	-1	0.0
Statistics	20th-century_British_people	neg	-1	0.0
Statistical_principles	Bruneian_actors	neg	-1	0.0
Design_of_experiments	Pakistani_sprinters	neg	-1	0.0
Complex_distributions	Members_of_the_House_of_Representatives_(Netherlands)	neg	-1	0.0
String_metrics	Bayesian_statisticians	pos_statistical_th_down	-1	0.10
Monte_Carlo_methods	History_of_Saint_Kitts_and_Nevis	neg	-1	0.0
Central_limit_theorem	Theorems_in_measure_theory	neg	-1	0.0
Martingale_theory	Cape_Verdean_sprinters	neg	-1	0.0
Statistics	Statistical_methods	pos_statistics_down	1	1.00
Statistical_data_sets	Aviation_mass_media	neg	-1	0.0
Time_series_software	Australian_architects	neg	-1	0.0
Statistics_education	Tennis_in_the_United_States	neg	-1	0.0
Computational_statistics	Statistical_programming_languages	pos_statistics_down	2	0.80
Estimation_theory	Albums_by_Bahamian_artists	neg	-1	0.0
Statistics-related_lists	Sinhalese_given_names	neg	-1	0.0
Similarity_measures	Kamrup_district	neg	-1	0.0
Fellows_of_the_Institute_of_Mathematical_Statistics	Pop_albums	neg	-1	0.0
Plotting_software	1970s_Polish_television_series	neg	-1	0.0
Probabilistic_arguments	Nuwara_Eliya	neg	-1	0.0
Fellows_of_the_International_Society_for_Bayesian_Analysis	Massacres_in_Nigeria	neg	-1	0.0
Statistical_awards	Society_of_Hambantota_District	neg	-1	0.0
Statistical_software	Statistical_organizations	pos_statistics_down	-1	0.60
Probability_interpretations	Aluminium_companies	neg	-1	0.0
Microsoft_Office-related_statistical_software	Populated_places_in_Lorestan_province	neg	-1	0.0
Statistical_paradoxes	Immigrants_to_Denmark	neg	-1	0.0
Probability_distribution_fitting	Religious_buildings_and_structures_in_Mannar,_Sri_Lanka	neg	-1	0.0
Statistical_inference	Statistical_forecasting	pos_statistical_th_down	1	0.80
Resampling_(statistics)	Regression_analysis	cross_estimation_the_bnd	-1	0.80
Statistics	Statistical_data_transformation	pos_statistics_down	2	0.70
Algebra_of_random_variables	Quantum_cryptography	neg	-1	0.0
Statistical_awards	Immigrants_to_Senegal	neg	-1	0.0
Probabilistic_models	Asian_dancers	neg	-1	0.0
Signal_estimation	Chemistry	neg	-1	0.0
Information_geometry	Costa_Rican_scientists	neg	-1	0.0
Accuracy_and_precision	Technical_communication	neg	-1	0.0
Sequential_methods	Horses	neg	-1	0.0
Bayesian_estimation	Econometric_models	neg	-1	0.0
Statistical_indicators	Universities_and_colleges_in_West_Bengal	neg	-1	0.0
Accuracy_and_precision	Magazines_published_in_India	neg	-1	0.0
Maximum_likelihood_estimation	Theoretical_computer_science	cross_estimation_the_bnd	-1	0.40
Probability_fallacies	Musicians_from_the_Ottoman_Empire	neg	-1	0.0
Estimation_theory	M-estimators	pos_estimation_the_down	2	1.00
Philosophers_of_probability	Bulgarian_marathon_runners	neg	-1	0.0
Central_limit_theorem	Albums_by_Indonesian_artists	neg	-1	0.0
Statistical_theory	Statistical_laws	pos_statistical_th_down	1	0.80
Likelihoodist_statistics	2000s_Algerian_television_series	neg	-1	0.0
Bayesian_estimation	Financial_charts	neg	-1	0.0
Detection_theory	Roman_Catholic_church_buildings_in_the_Philippines	neg	-1	0.0
Statistical_data	British_singers	neg	-1	0.0
Statistical_data_transformation	Philosophy_of_statistics	pos_statistics_down	-1	0.50
Regression_and_curve_fitting_software	Randomness	neg	-1	0.0
Detection_and_estimation_theorists	Togolese_businesspeople	neg	-1	0.0
Statistics_of_the_COVID-19_pandemic	Food_companies	neg	-1	0.0
Statistics_educators	2018_in_Pakistan	neg	-1	0.0
Point_estimation_performance	Fiction_about_mental_disorders	neg	-1	0.0
Robust_statistics	Likelihood	cross_estimation_the_bnd	-1	0.80
Conjugate_prior_distributions	Towns_in_Jaffna_District	neg	-1	0.0
Accuracy_and_precision	Decompression_theory	neg	-1	0.0
Maximum_likelihood_estimation	Suburbs_in_Sri_Lanka	neg	-1	0.0
Statistics_of_the_COVID-19_pandemic	Vermont	neg	-1	0.0
Maximum_likelihood_estimation	Parametric_statistics	cross_estimation_the_bnd	-1	0.90
Probabilistic_data_structures	Ergodic_theory	neg	-1	0.0
Probabilistic_arguments	6th-century_works	neg	-1	0.0
Noncentral_distributions	College_women's_track_and_field_athletes_in_Ohio	neg	-1	0.0
Statistical_concepts	Newspapers_published_in_the_United_States	neg	-1	0.0
Estimation_of_densities	Probability	cross_estimation_the_bnd	-1	0.70
Econometric_models	Joseon_Cybernation	neg	-1	0.0
Estimation_theory	Markov_chain_Monte_Carlo	pos_estimation_the_down	2	0.80
Theory_of_probability_distributions	Information_geometry	pos_statistical_th_down	1	0.60
Statistical_theory	Likelihood	pos_statistical_th_down	1	0.80
Statistical_inequalities	Television_shows_set_in_France	neg	-1	0.0
Systems_of_probability_distributions	Irish_musicians	neg	-1	0.0
Regression_diagnostics	Econometrics_software	cross_estimation_the_bnd	-1	0.70
Statisticians	Liberian_expatriates	neg	-1	0.0
Probabilistic_models	College_men's_track_and_field_athletes_in_Washington_(state)	neg	-1	0.0
Statistical_data_sets	Biostatistical_methods	pos_statistics_down	-1	0.60
Bayesian_statisticians	Applied_statistical_analysis	cross_statistical_th_bnd	-1	0.30
Regression_diagnostics	Fiction_about_parallel_universes	neg	-1	0.0
Data_differencing	Estimation_of_densities	cross_statistical_th_bnd	-1	0.30
Statistical_charts_and_diagrams	History_of_Spain	neg	-1	0.0
Informal_estimation	Regression_models	cross_estimation_the_bnd	-1	0.60
Nonparametric_regression	Statistical_awards	neg	-1	0.0
Subfields_of_statistics	College_women's_track_and_field_athletes_in_Texas	neg	-1	0.0
Statistical_paradoxes	Nonparametric_Bayesian_statistics	neg	-1	0.0
Point_estimation_performance	1990s_Danish_television_series	neg	-1	0.0
Regression_variable_selection	Australian_Broadcasting_Corporation	neg	-1	0.0
Statisticians	Filipino_male_singers	neg	-1	0.0
Random_matrices	Microsoft_Office-related_statistical_software	neg	-1	0.0
Regression_variable_selection	People_from_South_Carolina	neg	-1	0.0
Statistical_inference	Algorithmic_inference	pos_statistical_th_down	1	0.60
Robust_regression	Former_countries_in_Asia	neg	-1	0.0
Graphical_models	1950s_Mexican_television_series	neg	-1	0.0
Conjugate_prior_distributions	American_pornographic_film_actors	neg	-1	0.0
Markov_chain_Monte_Carlo	Data_miners	neg	-1	0.0
Statistical_forecasting	Yemeni_musicians	neg	-1	0.0
Randomized_algorithms	Anime_episode_redirects_to_lists	neg	-1	0.0
Pseudorandomness	Panamanian_sportswomen	neg	-1	0.0
Fellows_of_the_Institute_of_Mathematical_Statistics	Education_buildings_in_North_Central_Province,_Sri_Lanka	neg	-1	0.0
Statistical_data_types	Publishing_companies	neg	-1	0.0
Statistical_theory	Statistical_inequalities	pos_statistical_th_down	1	0.80
Statistics	Statistical_hypothesis_testing	pos_statistics_down	2	1.00
Regression_analysis	Numbers	cross_estimation_the_bnd	-1	0.10
Units_of_information	Members_of_Parliament_from_Madhya_Pradesh	neg	-1	0.0
Random_matrices	May_2024	neg	-1	0.0
Statistics	Statistics_books	pos_statistics_down	2	0.50
Sampling_(statistics)	Microsoft_Office-related_statistical_software	pos_statistics_down	-1	0.30
Infinitely_divisible_probability_distributions	Icelandic_emigrants	neg	-1	0.0
Estimator	1960s_American_television_series	neg	-1	0.0
Statistical_programming_languages	Malappuram_district	neg	-1	0.0
Martingale_theory	Metrics	cross_statistical_th_bnd	-1	0.30
Robust_statistics	Free_econometrics_software	cross_estimation_the_bnd	-1	0.60
Informal_estimation	Silesia	neg	-1	0.0
Bayesian_statisticians	Statistical_software	pos_statistics_down	-1	0.20
Free_Bayesian_statistics_software	Deaths_due_to_dog_attacks	neg	-1	0.0
Likelihood	Iraqi_film_people	neg	-1	0.0
Random_matrices	American_teen_films	neg	-1	0.0
Econometric_models	Disability_by_type	neg	-1	0.0
Estimation_of_densities	Iranian_sportswomen	neg	-1	0.0
Statistical_laws	Grenadian_businesspeople	neg	-1	0.0
Coding_theory	British_military_personnel_of_World_War_II	neg	-1	0.0
Statistics_profession_and_organizations	1940s_comedy_films	neg	-1	0.0
Similarity_measures	Indian_physicists	neg	-1	0.0
Statistical_theory	Statistical_paradoxes	pos_statistical_th_down	1	0.60
Statistical_analysis	Economy_of_Matale_District	neg	-1	0.0
Population_models	Decompression_theory	neg	-1	0.0
Statistical_randomness	Low-discrepancy_sequences	pos_statistical_th_down	1	0.70
Nonparametric_Bayesian_statistics	Statistical_inference	pos_statistical_th_down	-1	0.90
Statistics	Statistical_data_coding	pos_statistics_down	2	0.60
Entropy_and_information	Slovenian_sportsmen	neg	-1	0.0
Sequential_methods	Television_films	neg	-1	0.0
Statistical_laws	Estimation_of_densities	cross_statistical_th_bnd	-1	0.60
Bayesian_statisticians	Syriac_Orthodox_Church	neg	-1	0.0
Information_theorists	Buddhist_monasteries	neg	-1	0.0
Statistics	21st-century_deaths	neg	-1	0.0
Complex_distributions	Swazi_musicians	neg	-1	0.0
Point_estimation_performance	Regression_models	pos_estimation_the_down	-1	0.60
Philosophy_of_statistics	Iranian_social_scientists	neg	-1	0.0
Estimation_theory	Detection_and_estimation_theorists	pos_estimation_the_down	1	0.70
Time_series_software	Buildings_and_structures_in_Jaffna_District	neg	-1	0.0
Microsoft_Office-related_statistical_software	Salvadoran_race_walkers	neg	-1	0.0
Statistical_models	Spin_models	pos_statistical_th_down	-1	0.10
Population_models	Burkinabe_artists	neg	-1	0.0
Likelihood	Gothic_Revival_architecture	neg	-1	0.0
Statistical_software	Country_albums_by_American_artists	neg	-1	0.0
Regression_models	Theorems_in_statistics	cross_estimation_the_bnd	-1	0.60
Statistical_survey_software	Rail_transport_in_India	neg	-1	0.0
Statistical_data_sets	Swedish_race_walkers	neg	-1	0.0
Theory_of_probability_distributions	Martingale_theory	pos_statistical_th_down	1	0.80
Latent_variable_models	Korean_pop_musicians	neg	-1	0.0
Point_estimation_performance	Social_statistics_indicators	cross_estimation_the_bnd	-1	0.10
Sequential_methods	Music_managers	neg	-1	0.0
Large_deviations_theory	Armenian_sportswomen	neg	-1	0.0
Statistical_models	Stable_distributions	pos_statistical_th_down	-1	0.70
Statistics_books	Sudanese_rowers	neg	-1	0.0
Estimation_methods	Statistical_inequalities	cross_estimation_the_bnd	-1	0.60
Statistical_inference	2000s_Syrian_television_series	neg	-1	0.0
Information_theory	Measures_of_complexity	pos_statistical_th_down	-1	0.70
Philosophers_of_probability	Former_buildings_and_structures_in_the_United_Kingdom	neg	-1	0.0
Statistics	Data_mining_and_machine_learning_software	pos_statistics_down	-1	0.60
Estimation_theory	Pseudorandom_number_generators	cross_statistical_th_bnd	-1	0.40
Plotting_software	Low-power_television_stations_in_the_United_States	neg	-1	0.0
Probability_distributions	Statistical_theory	pos_statistical_th_down	-1	0.80
Statistical_regions	Early_Germanic_women	neg	-1	0.0
Estimation_theory	Statistical_intervals	pos_estimation_the_down	1	0.90
Statistical_data_transformation	Hungarian_people	neg	-1	0.0
Statistical_indicators	American_artisans	neg	-1	0.0
Nonparametric_regression	Ethiopian_social_scientists	neg	-1	0.0
Probability_distributions_with_non-finite_variance	Italian_sportswomen	neg	-1	0.0
Large_deviations_theory	Slovak_scientists	neg	-1	0.0
Theorems_in_statistics	Kurunegala_District	neg	-1	0.0
Large_deviations_theory	Botswana_sportsmen	neg	-1	0.0
Statistics-related_lists	Fellows_of_the_Institute_of_Mathematical_Statistics	pos_statistics_down	-1	0.20
Monte_Carlo_methods	Estimation_of_densities	pos_estimation_the_down	-1	0.80
Statistical_laws	College_women's_track_and_field_athletes_in_Missouri	neg	-1	0.0
Probabilistic_arguments	Canadian_pop_rock_songs	neg	-1	0.0
Statistics	Ethics_and_statistics	pos_statistics_down	2	0.60
Statistical_randomness	Men_and_death	neg	-1	0.0
Fellows_of_the_Institute_of_Mathematical_Statistics	Television_in_New_Zealand	neg	-1	0.0
Statistical_charts_and_diagrams	British_medical_television_series	neg	-1	0.0
Statistics	Statistics_educators	pos_statistics_down	2	0.40
Martingale_theory	Members_of_Parliament_from_Bihar	neg	-1	0.0
Statisticians	Proteins	neg	-1	0.0
Econometrics_software	New_Zealand_marathon_runners	neg	-1	0.0
Stochastic_processes	India-related_lists	neg	-1	0.0
Random_number_generation	People_from_Denmark–Norway	neg	-1	0.0
Signal_estimation	Informal_estimation	pos_estimation_the_down	-1	0.70
Informal_estimation	Statistical_data_sets	cross_estimation_the_bnd	-1	0.50
Statistical_programming_languages	History_of_Istanbul	neg	-1	0.0
