article	category
1-800-GOT-JUNK?	Companies_based_in_Vancouver
101_Dalmatians:_The_Series	Television_series_by_Disney
1440p	Display_technology
16:9	Display_technology
1715	1715
1994_AFC_U-17_Championship	1994_in_Asian_football
1994_AFC_Youth_Championship	1994_in_Asian_football
3D_television	Display_technology
4K_resolution	Display_technology
5K_resolution	Display_technology
7th_New_York_Militia_Regiment	American_Civil_War
A.N.T._Farm	Television_series_by_Disney
A.k.a._Cartoon	Companies_based_in_Vancouver
ABC_Kids_(TV_programming_block)	Television_series_by_Disney
AMOLED	Display_technology
ATI_Technologies	Technology_companies_of_Canada
A_Harvest_of_Death	American_Civil_War
A_Minecraft_Movie	Swedish_fantasy_movies
Aafia_Siddiqui	People_convicted_of_attempted_murder
Aaron_Tippin	Country_musicians_from_Florida
Abraham_Lincoln	American_Civil_War
Adrenal_gland	Glands
Advance_Wars:_Days_of_Ruin	2008_video_games
Adventures_of_the_Gummi_Bears	Television_series_by_Disney
African_Americans_in_the_American_Civil_War	American_Civil_War
After_Earth	2013_science_fiction_movies
Agenda,_Kansas	1887_establishments_in_Kansas
Agnosine	Settlements_in_Brescia
Ahmed_Taleb_Ibrahimi	Algerian_politicians
Airline_alliance	Airline_alliances
Aladdin_(animated_TV_series)	Television_series_by_Disney
Alain_Bui	Versailles_Saint-Quentin-en-Yvelines_University_faculty
Alan_Krueger	People_from_Princeton,_New_Jersey
Alanna_Kennedy	Soccer_players_from_Sydney
Alessandro_Del_Piero	Italy_at_UEFA_Euro_1996
Alex_Chidiac	Soccer_players_from_Sydney
Ali_Haroun	Algerian_politicians
All-Star_Cheer_Squad	2008_video_games
All_Over_Tonight	Pantera_songs
Alpha_and_Omega:_Journey_to_Bear_Kingdom	2017_computer-animated_movies
Alstom_Coradia_Juniper	British_Rail_electric_multiple_units
Alta_Vista,_Kansas	1887_establishments_in_Kansas
Aluminium-conductor_steel-reinforced_cable	Electrical_wiring
Aluminum_wiring	Electrical_wiring
Alvin_Ceccoli	Soccer_players_from_Sydney
American_Civil_War	American_Civil_War
American_Civil_War_casualties	American_Civil_War
American_cheese	Processed_cheese
Amphibia_(TV_series)	Television_series_by_Disney
Anaconda_Plan	American_Civil_War
Anders_Johansson	Musicians_from_Gothenburg
Andersonville_National_Historic_Site	American_Civil_War
Andi_Mack	Television_series_by_Disney
Andorran_Football_Federation	1994_establishments_in_Europe
Andrea_Moda_Formula	Formula_One_constructors
Angelo_Di_Livio	Italy_at_UEFA_Euro_1996
Angelo_Peruzzi	Italy_at_UEFA_Euro_1996
Anglesey	Anglesey
Anhui	1660s_establishments_in_Asia
Animal_Crossing:_City_Folk	2008_video_games
Ann_M._Martin	People_from_Princeton,_New_Jersey
Anthony_Mwamba	Olympians_for_Zambia
Ape_Quest	2008_video_games
Appomattox_Court_House	American_Civil_War
Aqua_(band)	1994_establishments_in_Europe
Aragatsotn_Province	Provinces_of_Armenia
Ararat_Province	Provinces_of_Armenia
Arjun_-_Prince_of_Bali	2010s_Indian_animated_television_series
Arkady_Steinberg	Disease-related_deaths_in_the_Soviet_Union
Armageddon_(2000)	Birmingham,_Alabama
Armavir_Province	Provinces_of_Armenia
Arrigo_Sacchi	Italy_at_UEFA_Euro_1996
Arrows	Formula_One_constructors
Ashurst_LLP	1822_establishments_in_Europe
Aspect_ratio	Display_technology
Assa_Abloy	1994_establishments_in_Europe
Aswan_Low_Dam	1902_establishments
Audio_and_video_interfaces_and_connectors	Display_technology
Austrian_People's_Party	1940s_establishments_in_Austria
Automobili_Turismo_e_Sport	Formula_One_constructors
Autotransformer	Electrical_wiring
Avatar:_The_Last_Airbender_–_Into_the_Inferno	2008_video_games
Aïna_River	Rivers_of_the_Republic_of_the_Congo
BBVA_Argentina	1880s_establishments_in_Argentina
BMW_in_Formula_One	Formula_One_constructors
Bagdad,_Tamaulipas	American_Civil_War
Bagnolo_Mella	Settlements_in_Brescia
Barbara_Bel_Geddes	Cancer_deaths_in_Maine
Barbie_Horse_Adventures:_Riding_Camp	2008_video_games
Barnard,_Kansas	Lincoln_County,_Kansas
Bartholin's_gland	Glands
Basalt,_Idaho	1885_establishments_in_Idaho_Territory
Bavarian_State_Opera	1653_establishments
Bear_in_the_Big_Blue_House	Television_series_by_Disney
Beauty_and_the_Beast_(musical)	Musicals_based_on_fairy_tales
Behind_Show_Windows	1955_comedy_movies
Bell_Canada	Technology_companies_of_Canada
Ben_Mezrich	People_from_Princeton,_New_Jersey
Benetton_Formula	Formula_One_constructors
Benoît_Lacroix	Canadian_historians
Bernard_Cottret	Versailles_Saint-Quentin-en-Yvelines_University_faculty
Berzo_Demo	Settlements_in_Brescia
Best_Friends_Whenever	Television_series_by_Disney
Beverly,_Kansas	Lincoln_County,_Kansas
Beverly_Beach,_Florida	Settlements_in_Flagler_County,_Florida
Big_Brother_(British_TV_series)	Channel_4_reality_television_programmes
Big_Hero_6:_The_Series	Television_series_by_Disney
Bill_Fitsell	Canadian_historians
Bill_Nye_the_Science_Guy	Television_series_by_Disney
Bingham_County,_Idaho	1885_establishments_in_Idaho_Territory
Birmingham,_Alabama	Birmingham,_Alabama
Birmingham_Children's_Crusade	Birmingham,_Alabama
Birmingham_campaign	Birmingham,_Alabama
Birmingham_metropolitan_area,_Alabama	Birmingham,_Alabama
Björn_Ulvaeus	Musicians_from_Gothenburg
Black_Bart	1948_Western_(genre)_movies
Black_Eagle_(1948_movie)	1948_Western_(genre)_movies
Blackbird_Interactive	Companies_based_in_Vancouver
Blauw-Wit_Amsterdam	1902_establishments
Blockade_runners_of_the_American_Civil_War	American_Civil_War
Bob's_Burgers	Television_series_by_Disney
Bolivia_at_the_Olympics	National_sports_teams_of_Bolivia
Bolivia_national_football_team	National_sports_teams_of_Bolivia
Bolivia_national_futsal_team	National_sports_teams_of_Bolivia
Bolivia_women's_national_football_team	National_sports_teams_of_Bolivia
Bonkers_(American_TV_series)	Television_series_by_Disney
Boris_Pasternak	Disease-related_deaths_in_the_Soviet_Union
Boston_Navy_Yard	1800_establishments_in_the_United_States
Brabham	Formula_One_constructors
Brandy_&_Mr._Whiskers	Television_series_by_Disney
Brawn_GP	Formula_One_constructors
Brenton_Tarrant	People_convicted_of_attempted_murder
Brian_O'Brian	Television_series_by_Disney
British_American_Racing	Formula_One_constructors
British_Rail_BEMU	British_Rail_electric_multiple_units
British_Rail_Class_300	British_Rail_electric_multiple_units
British_Rail_Class_302	British_Rail_electric_multiple_units
British_Rail_Class_303	British_Rail_electric_multiple_units
British_Rail_Class_304	British_Rail_electric_multiple_units
British_Rail_Class_305	British_Rail_electric_multiple_units
British_Rail_Class_306	British_Rail_electric_multiple_units
British_Rail_Class_307	British_Rail_electric_multiple_units
British_Rail_Class_308	British_Rail_electric_multiple_units
British_Rail_Class_309	British_Rail_electric_multiple_units
British_Rail_Class_310	British_Rail_electric_multiple_units
British_Rail_Class_311	British_Rail_electric_multiple_units
British_Rail_Class_312	British_Rail_electric_multiple_units
British_Rail_Class_313	British_Rail_electric_multiple_units
British_Rail_Class_314	British_Rail_electric_multiple_units
British_Rail_Class_315	British_Rail_electric_multiple_units
British_Rail_Class_317	British_Rail_electric_multiple_units
British_Rail_Class_318	British_Rail_electric_multiple_units
British_Rail_Class_319	British_Rail_electric_multiple_units
British_Rail_Class_320	British_Rail_electric_multiple_units
British_Rail_Class_321	British_Rail_electric_multiple_units
British_Rail_Class_322	British_Rail_electric_multiple_units
British_Rail_Class_323	British_Rail_electric_multiple_units
British_Rail_Class_325	British_Rail_electric_multiple_units
British_Rail_Class_332	British_Rail_electric_multiple_units
British_Rail_Class_333	British_Rail_electric_multiple_units
British_Rail_Class_334	British_Rail_electric_multiple_units
British_Rail_Class_350	British_Rail_electric_multiple_units
British_Rail_Class_357	British_Rail_electric_multiple_units
British_Rail_Class_360	British_Rail_electric_multiple_units
British_Rail_Class_365	British_Rail_electric_multiple_units
British_Rail_Class_370	British_Rail_electric_multiple_units
British_Rail_Class_373	British_Rail_electric_multiple_units
British_Rail_Class_375	British_Rail_electric_multiple_units
British_Rail_Class_376	British_Rail_electric_multiple_units
British_Rail_Class_377	British_Rail_electric_multiple_units
British_Rail_Class_378	British_Rail_electric_multiple_units
British_Rail_Class_379	British_Rail_electric_multiple_units
British_Rail_Class_380	British_Rail_electric_multiple_units
British_Rail_Class_390	British_Rail_electric_multiple_units
British_Rail_Class_395	British_Rail_electric_multiple_units
British_Rail_Class_401	British_Rail_electric_multiple_units
British_Rail_Class_402	British_Rail_electric_multiple_units
British_Rail_Class_403	British_Rail_electric_multiple_units
British_Rail_Class_404	British_Rail_electric_multiple_units
British_Rail_Class_411	British_Rail_electric_multiple_units
British_Rail_Class_413	British_Rail_electric_multiple_units
British_Rail_Class_414	British_Rail_electric_multiple_units
British_Rail_Class_415	British_Rail_electric_multiple_units
British_Rail_Class_416	British_Rail_electric_multiple_units
British_Rail_Class_418	British_Rail_electric_multiple_units
British_Rail_Class_419	British_Rail_electric_multiple_units
British_Rail_Class_421	British_Rail_electric_multiple_units
British_Rail_Class_423	British_Rail_electric_multiple_units
British_Rail_Class_424	British_Rail_electric_multiple_units
British_Rail_Class_432	British_Rail_electric_multiple_units
British_Rail_Class_438	British_Rail_electric_multiple_units
British_Rail_Class_442	British_Rail_electric_multiple_units
British_Rail_Class_444	British_Rail_electric_multiple_units
British_Rail_Class_447	British_Rail_electric_multiple_units
British_Rail_Class_450	British_Rail_electric_multiple_units
British_Rail_Class_455	British_Rail_electric_multiple_units
British_Rail_Class_456	British_Rail_electric_multiple_units
British_Rail_Class_458	British_Rail_electric_multiple_units
British_Rail_Class_460	British_Rail_electric_multiple_units
British_Rail_Class_465	British_Rail_electric_multiple_units
British_Rail_Class_466	British_Rail_electric_multiple_units
British_Rail_Class_483	British_Rail_electric_multiple_units
British_Rail_Class_487	British_Rail_electric_multiple_units
British_Rail_Class_488	British_Rail_electric_multiple_units
British_Rail_Class_489	British_Rail_electric_multiple_units
British_Rail_Class_499	British_Rail_electric_multiple_units
British_Rail_Class_501	British_Rail_electric_multiple_units
British_Rail_Class_502	British_Rail_electric_multiple_units
British_Rail_Class_503	British_Rail_electric_multiple_units
British_Rail_Class_504	British_Rail_electric_multiple_units
British_Rail_Class_505	British_Rail_electric_multiple_units
British_Rail_Class_506	British_Rail_electric_multiple_units
British_Rail_Class_507	British_Rail_electric_multiple_units
British_Rail_Class_508	British_Rail_electric_multiple_units
British_Rail_Class_910	British_Rail_electric_multiple_units
British_Rail_Class_930	British_Rail_electric_multiple_units
British_Rail_Class_931	British_Rail_electric_multiple_units
British_Rail_Class_932	British_Rail_electric_multiple_units
British_Rail_Class_933	British_Rail_electric_multiple_units
British_Rail_Class_936	British_Rail_electric_multiple_units
British_Rail_Class_937	British_Rail_electric_multiple_units
British_Rail_Class_AM1	British_Rail_electric_multiple_units
British_Rail_Classes_316_and_457	British_Rail_electric_multiple_units
British_Rail_Classes_341_and_342	British_Rail_electric_multiple_units
British_Rail_Classes_371,_381_and_471	British_Rail_electric_multiple_units
British_Rail_Classes_445_and_446	British_Rail_electric_multiple_units
British_Rail_Classes_485_and_486	British_Rail_electric_multiple_units
Bruce_Djite	Soccer_players_from_Sydney
Bryn_Celli_Ddu	Anglesey
Budapest_Honvéd_FC	Hungarian_football_clubs
Bug_Juice	Television_series_by_Disney
Bunnytown	Television_series_by_Disney
Burgos_CF	1994_establishments_in_Europe
Burnout_Paradise	2008_video_games
Bushwhacker	American_Civil_War
Buzz_Lightyear_of_Star_Command	Television_series_by_Disney
CJJR-FM	Companies_based_in_Vancouver
Caledonian_Canal	1822_establishments_in_Europe
California_in_the_American_Civil_War	American_Civil_War
Call_of_Duty:_World_at_War	2008_video_games
Call_of_Duty:_World_at_War_–_Final_Fronts	2008_video_games
Cameron,_Louisiana	Settlements_in_Cameron_Parish,_Louisiana
Cameron_Devlin	Soccer_players_from_Sydney
Can_You_Teach_My_Alligator_Manners?	Television_series_by_Disney
Canadian_Pacific_Air_Lines	Companies_based_in_Vancouver
Captain_Underpants:_The_First_Epic_Movie	2017_computer-animated_movies
Carpetbagger	American_Civil_War
Cars_3	2017_computer-animated_movies
Cars_Toons:_Mater's_Tall_Tales	Television_series_by_Disney
Cassadee_Pope	Country_musicians_from_Florida
Castenedolo	Settlements_in_Brescia
Castle_Crashers	2008_video_games
Cat_Scratch_Fever_(song)	Pantera_songs
Cathode_ray_tube	Display_technology
Celebrity_Big_Brother_(British_TV_series)	Channel_4_reality_television_programmes
Cephas_Lemba	Olympians_for_Zambia
Charlotte_Douglas_International_Airport	1930s_establishments_in_North_Carolina
Chhota_Bheem	2010s_Indian_animated_television_series
Chip_'n_Dale_Rescue_Rangers	Television_series_by_Disney
Chopper_Read	People_convicted_of_attempted_murder
Cimarron,_Kansas	Cities_in_Gray_County,_Kansas
Cinderella_(musical)	Musicals_based_on_fairy_tales
Circuit_breaker	Electrical_wiring
Claire_Boudreau	Canadian_historians
Claude_Dubar	Versailles_Saint-Quentin-en-Yvelines_University_faculty
Clermont_County,_Ohio	1800_establishments_in_the_United_States
Cloudy_with_a_Chance_of_Meatballs_2	2013_science_fiction_movies
Coats,_Kansas	1887_establishments_in_Kansas
Coco_(2017_movie)	2017_computer-animated_movies
Cold_Gin	Pantera_songs
Cold_Mountain_(movie)	American_Civil_War
Colwich,_Kansas	1887_establishments_in_Kansas
Computer_monitor	Display_technology
Congo_River	Rivers_of_the_Republic_of_the_Congo
Copeland,_Kansas	Cities_in_Gray_County,_Kansas
Copper_wire_and_cable	Electrical_wiring
Coronel_Suárez	1880s_establishments_in_Argentina
Corte_Franca	Settlements_in_Brescia
Cory_in_the_House	Television_series_by_Disney
Cosmic_ray	Solar_phenomena
Cosworth	Formula_One_constructors
Courtney_Nevin	Soccer_players_from_Sydney
Cowboys_from_Hell_(song)	Pantera_songs
Crash:_Mind_over_Mutant	2008_video_games
Crosswords_DS	2008_video_games
Crystal_LED	Display_technology
Cyril_Leonoff	Canadian_historians
DIGI_Hungary	1994_establishments_in_Europe
Dance_Dance_Revolution:_Disney_Channel_Edition	2008_video_games
Daniel_C._Tsui	People_from_Princeton,_New_Jersey
Daniel_Pearl	People_from_Princeton,_New_Jersey
Dareka_no_Manazashi	2013_science_fiction_movies
Dave_the_Barbarian	Television_series_by_Disney
Dawn	Solar_phenomena
Dead_Space_(2008_video_game)	2008_video_games
Death_Race_3:_Inferno	2013_science_fiction_movies
Defend_Your_Castle	2008_video_games
Desenzano_del_Garda	Settlements_in_Brescia
Despicable_Me_3	2017_computer-animated_movies
Destroy_All_Humans!_Path_of_the_Furon	2008_video_games
Devil_May_Cry_4	2008_video_games
Didier_Guillemot	Versailles_Saint-Quentin-en-Yvelines_University_faculty
Dieter_Bohlen	Modern_Talking
Digital_light_processing	Display_technology
Dire_Dawa	1902_establishments
Disney's_Aladdin_Junior	Musicals_based_on_fairy_tales
Display_resolution	Display_technology
Djelloul_Khatib	Algerian_politicians
Dmitri_Shostakovich	Disease-related_deaths_in_the_Soviet_Union
Doha_Festival_City	2010s_establishments_in_Qatar
Doha_Metro	2010s_establishments_in_Qatar
Doha_Tower	2010s_establishments_in_Qatar
Doug	Television_series_by_Disney
Drumchapel	Geography_of_Glasgow
DuckTales	Television_series_by_Disney
DuckTales_(2017_TV_series)	Television_series_by_Disney
Durham_Light_Infantry	1881_establishments_in_the_United_Kingdom
Dusk	Solar_phenomena
Dustlik_Tashkent	Uzbekistani_football_clubs
Eastern_Theater_of_the_American_Civil_War	American_Civil_War
Ed_Nimmervoll	Australian_historians
Electrical_conduit	Electrical_wiring
Electrical_outlet	Electrical_wiring
Electrical_wiring_in_the_United_Kingdom	Electrical_wiring
Electronic_paper	Display_technology
Electrostar	British_Rail_electric_multiple_units
Elena_of_Avalor	Television_series_by_Disney
Elizabeth_line	Railway_lines_of_London
Ellesse_Andrews	Olympic_cyclists
Emancipation_Proclamation	American_Civil_War
Emir_Abdelkader	Algerian_politicians
Ensign,_Kansas	Cities_in_Gray_County,_Kansas
Estonian_Reform_Party	1994_establishments_in_Europe
Eugène_Terre'Blanche	People_convicted_of_attempted_murder
European_Women's_Handball_Championship	1994_establishments_in_Europe
Even_Stevens	Television_series_by_Disney
F.C._Bunyodkor	Uzbekistani_football_clubs
F.C._Pakhtakor_Tashkent	Uzbekistani_football_clubs
F.K._Neftchi_Farg'ona	Uzbekistani_football_clubs
FC_Linz	1940s_establishments_in_Austria
FC_Sopron	Hungarian_football_clubs
FIFA_09	2008_video_games
Fable_II	2008_video_games
Fairfield_County,_Ohio	1800_establishments_in_the_United_States
Fallout_3	2008_video_games
Family_Guy	Television_series_by_Disney
Family_of_Joe_Biden	People_from_Delaware
Far_Cry_2	2008_video_games
Fast_Layne	Television_series_by_Disney
Ferdinand_(movie)	2017_computer-animated_movies
Ferencvárosi_TC	Hungarian_football_clubs
Field_artillery_in_the_American_Civil_War	American_Civil_War
Fillmore!	Television_series_by_Disney
Firebuds	Television_series_by_Disney
Firth,_Idaho	1885_establishments_in_Idaho_Territory
Fish_Hooks	Television_series_by_Disney
Flash_Forward	Television_series_by_Disney
Flat_panel_display	Display_technology
Flero	Settlements_in_Brescia
Flight_information_display_system	Display_technology
Floyd_County,_Kentucky	1800_establishments_in_the_United_States
Football_at_the_1994_Asian_Games_–_Men's_tournament	1994_in_Asian_football
Football_at_the_1994_Asian_Games_–_Women's_tournament	1994_in_Asian_football
Force_India	Formula_One_constructors
Fort_Knox	American_Civil_War
Fort_Negley	American_Civil_War
Fort_Provintia	1653_establishments
Fort_Sumter	American_Civil_War
Foster's_Home_for_Imaginary_Friends:_Imagination_Invaders	2008_video_games
Francesco_Toldo	Italy_at_UEFA_Euro_1996
Francis_Bacon	1561_births
Frank_Robinson	San_Francisco_Giants
Frank_Williams_Racing_Cars	Formula_One_constructors
Franklin–Nashville_campaign	American_Civil_War
Fried_Green_Tomatoes_(movie)	Birmingham,_Alabama
Fufu	Burkinabe_food
Fuse	Electrical_wiring
Future-Worm!	Television_series_by_Disney
Gabby_Duran_&_the_Unsittables	Television_series_by_Disney
Gansu	1660s_establishments_in_Asia
Gao_Xingjian	People_who_lost_Chinese_citizenship
Gardone_Riviera	Settlements_in_Brescia
Gargoyles	Television_series_by_Disney
Gears_of_War_2	2008_video_games
Geff_Harrison	Modern_Talking
Gegharkunik_Province	Provinces_of_Armenia
General_Order_No._11_(1863)	American_Civil_War
Geoffrey_Blainey	Australian_historians
Geoffrey_Bolton	Australian_historians
Geoffrey_II,_Count_of_Gâtinais	1000s_births
George_Town,_Penang	Penang
Geremie_Barme	Australian_historians
Gettysburg_Address	American_Civil_War
Girl_Meets_World	Television_series_by_Disney
Glenn_Ljungström	Musicians_from_Gothenburg
God_of_War:_Chains_of_Olympus	2008_video_games
Gogglebox	Channel_4_reality_television_programmes
Gonad	Glands
Gong_Li	People_who_lost_Chinese_citizenship
Good_Morning,_Mickey!	Television_series_by_Disney
Goodland,_Kansas	1887_establishments_in_Kansas
Goof_Troop	Television_series_by_Disney
Gordini	Formula_One_constructors
Graham_Arnold	Soccer_players_from_Sydney
Graham_County,_Kansas	1887_establishments_in_Kansas
Grand_Army_of_the_Republic	American_Civil_War
Grand_Theft_Auto_IV	2008_video_games
Gravity_(2013_movie)	2013_science_fiction_movies
Gravity_Falls	Television_series_by_Disney
Great_Central_Fair	American_Civil_War
Green_Grass_of_Wyoming	1948_Western_(genre)_movies
Greene_County,_New_York	1800_establishments_in_the_United_States
Greystoke:_The_Legend_of_Tarzan,_Lord_of_the_Apes	Tarzan_movies
Grizzly_(We_Bare_Bears)	We_Bare_Bears
Groovin'_Blocks	2008_video_games
Guinness_World_Records:_The_Videogame	2008_video_games
Guitar_Hero:_Aerosmith	2008_video_games
Guitar_Hero:_On_Tour	2008_video_games
Guitar_Hero_On_Tour:_Decades	2008_video_games
Guitar_Hero_World_Tour	2008_video_games
Gunnar_Hansen	Cancer_deaths_in_Maine
Gérard_Férey	Versailles_Saint-Quentin-en-Yvelines_University_faculty
HRT_Formula_1_Team	Formula_One_constructors
Haas_F1_Team	Formula_One_constructors
Hackberry,_Louisiana	Settlements_in_Cameron_Parish,_Louisiana
Hailey's_On_It!	Television_series_by_Disney
Hamster_&_Gretel	Television_series_by_Disney
Handy_Manny	Television_series_by_Disney
Hannah_Montana	Television_series_by_Disney
Harpers_Ferry_Armory	American_Civil_War
Harry_Kewell	Soccer_players_from_Sydney
Harry_Mummery	Quebec_Bulldogs_(NHA)_players
Haskell_County,_Kansas	1887_establishments_in_Kansas
Have_a_Laugh!	Television_series_by_Disney
Hayden_Foxe	Soccer_players_from_Sydney
Henry_B._Eyring	People_from_Princeton,_New_Jersey
Henry_Hugglemonster	Television_series_by_Disney
Henry_I_of_France	1000s_births
Henry_Norris_Russell	People_from_Princeton,_New_Jersey
Her	2013_science_fiction_movies
Hercules_(1998_TV_series)	Television_series_by_Disney
Herleva	1000s_births
High-Definition_Multimedia_Interface	Display_technology
High_School_Musical_3:_Senior_Year_DANCE!	2008_video_games
History_of_Uruguay	History_of_Uruguay
Hocine_Aït_Ahmed	Algerian_politicians
Holly_Beach,_Louisiana	Settlements_in_Cameron_Parish,_Louisiana
Homestead_Acts	American_Civil_War
Honda_Racing_F1	Formula_One_constructors
Honey_Fun_A_Tan	2010s_Indian_animated_television_series
Hot_'N'_Heavy	Pantera_songs
House_Un-American_Activities_Committee	United_States_House_of_Representatives
House_of_Mouse	Television_series_by_Disney
How_to_Be_Very,_Very_Popular	1955_comedy_movies
How_to_Stay_at_Home	Television_series_by_Disney
Huang_Yong_Ping	People_who_lost_Chinese_citizenship
Hugh_Magnus	1000s_births
Hunan	1660s_establishments_in_Asia
Häxan	Swedish_fantasy_movies
IPS_panel	Display_technology
I_Often_Think_of_Piroschka	1955_comedy_movies
Ice_Bear	We_Bare_Bears
Ikariam	2008_video_games
In_a_Heartbeat	Television_series_by_Disney
Indiana_Territory	1800_establishments_in_the_United_States
Ingalls,_Kansas	Cities_in_Gray_County,_Kansas
Inman,_Kansas	1887_establishments_in_Kansas
Interactive_whiteboard	Display_technology
Into_the_Shangri-La	2000s_Chinese_television_series
Iris_Chang	People_from_Princeton,_New_Jersey
Irving_Abella	Canadian_historians
Isaac_I_Komnenos	1000s_births
Isabel,_Kansas	1887_establishments_in_Kansas
Iseo,_Lombardy	Settlements_in_Brescia
JDSU	Technology_companies_of_Canada
Jacopo_Peri	1561_births
Jacques_Lacoursière	Canadian_historians
Jaguar_Racing	Formula_One_constructors
Jake_and_the_Never_Land_Pirates	Television_series_by_Disney
Jan_Grabowski_(historian)	Canadian_historians
Janet_Kitz	Canadian_historians
Jason_Kenny	Olympic_cyclists
Jean-Charles_Darmon	Versailles_Saint-Quentin-en-Yvelines_University_faculty
Jean-Luc_Vayssière	Versailles_Saint-Quentin-en-Yvelines_University_faculty
Jennie_Wade	American_Civil_War
Jerome_Ch'en	Canadian_historians
Jesper_Strömblad	Musicians_from_Gothenburg
Jessica_Hecht	People_from_Princeton,_New_Jersey
Jet_Li	People_who_lost_Chinese_citizenship
Jewell_County,_Kansas	1887_establishments_in_Kansas
Jiangsu	1660s_establishments_in_Asia
Jill_Ker_Conway	Australian_historians
Joe_Hall	Quebec_Bulldogs_(NHA)_players
Johan_Larsson	Musicians_from_Gothenburg
John_Brown_(abolitionist)	American_Civil_War
John_Pope_(military_officer)	American_Civil_War
Johnny_Warren	Soccer_players_from_Sydney
Johnny_and_the_Sprites	Television_series_by_Disney
Jordan_Grand_Prix	Formula_One_constructors
Joseph_Hewes	People_from_Princeton,_New_Jersey
Jungle_Cubs	Television_series_by_Disney
Jungle_Junction	Television_series_by_Disney
Just_Roll_with_It	Television_series_by_Disney
K's_Choice	1994_establishments_in_Europe
Kaliber_44	1994_establishments_in_Europe
Kansas_in_the_American_Civil_War	American_Civil_War
Karim_Djoudi	Algerian_politicians
Kensington,_Kansas	1887_establishments_in_Kansas
Kenzaburō_Ōe	People_from_Ehime_Prefecture
Kenzō_Tange	People_from_Ehime_Prefecture
Kick_Buttowski:_Suburban_Daredevil	Television_series_by_Disney
Kid_Krrish	2010s_Indian_animated_television_series
Kim_H._Veltman	Canadian_historians
Kim_Possible	Television_series_by_Disney
Kindergarten:_The_Musical	Television_series_by_Disney
Kirby_Super_Star_Ultra	2008_video_games
Knob_and_tube_wiring	Electrical_wiring
Koko-di_Koko-da	Swedish_fantasy_movies
Kotayk_Province	Provinces_of_Armenia
Krishna_Balram	2010s_Indian_animated_television_series
Krispy_Kreme	1930s_establishments_in_North_Carolina
LED-backlit_LCD	Display_technology
LNER_electric_units	British_Rail_electric_multiple_units
LNWR_electric_units	British_Rail_electric_multiple_units
LYR_electric_units	British_Rail_electric_multiple_units
Lady_and_the_Tramp	1955_comedy_movies
Lakhdar_Brahimi	Algerian_politicians
Lalla_Fatma_N'Soumer	Algerian_politicians
Lanfranc	1000s_births
Lanús	1880s_establishments_in_Argentina
Lari_White	Country_musicians_from_Florida
Laurence_Pope	Cancer_deaths_in_Maine
Laurent_Mailhot	Canadian_historians
Leeds_Kirkgate_Market	1822_establishments_in_Europe
Left_4_Dead	2008_video_games
Legend_of_the_Three_Caballeros	Television_series_by_Disney
Legoland_Holiday_Village	1994_establishments_in_Europe
Leno,_Lombardy	Settlements_in_Brescia
Leon_Gorman	Cancer_deaths_in_Maine
Library_of_Congress	1800_establishments_in_the_United_States
Lightspeed_(company)	Technology_companies_of_Canada
Limb_darkening	Solar_phenomena
Limone_sul_Garda	Settlements_in_Brescia
Lin_Shu	19th-century_Chinese_writers
Lincoln_Center,_Kansas	Lincoln_County,_Kansas
Lincoln_County,_Kansas	Lincoln_County,_Kansas
Lions_Gate_Entertainment	Companies_based_in_Vancouver
Liquid_crystal_display	Display_technology
List_of_British_Rail_electric_multiple_unit_classes	British_Rail_electric_multiple_units
List_of_Formula_One_World_Constructors'_Champions	Formula_One_constructors
List_of_Formula_One_constructors	Formula_One_constructors
List_of_country_musicians_from_Florida	Country_musicians_from_Florida
List_of_rivers_of_the_Republic_of_the_Congo	Rivers_of_the_Republic_of_the_Congo
Little_Einsteins	Television_series_by_Disney
Littlest_Pet_Shop_(video_game)	2008_video_games
Liu_Yifei	People_who_lost_Chinese_citizenship
Llanfairpwll_railway_station	Anglesey
Logan_County,_Kansas	1887_establishments_in_Kansas
London_Underground_1992_Stock	British_Rail_electric_multiple_units
Lord_of_War	Movies_set_in_Bolivia
Lori_Province	Provinces_of_Armenia
Lotus_Cars	Formula_One_constructors
Lotus_Racing	Formula_One_constructors
Low_Franconian	Languages_of_Suriname
Lowell,_Massachusetts	1653_establishments
Loïc_Vadelorge	Versailles_Saint-Quentin-en-Yvelines_University_faculty
Lu_Xun	19th-century_Chinese_writers
Luigi_Apolloni	Italy_at_UEFA_Euro_1996
Luis_de_Góngora	1561_births
Lululemon_Athletica	Companies_based_in_Vancouver
Lumezzane	Settlements_in_Brescia
Lyana	1955_comedy_movies
M.H.S.K._Tashkent	Uzbekistani_football_clubs
MPEG-4	Display_technology
MR_electric_units	British_Rail_electric_multiple_units
MTK_Budapest_FC	Hungarian_football_clubs
Macbeth,_King_of_Scotland	1000s_births
Madagascar:_Escape_2_Africa_(video_game)	2008_video_games
Madden_NFL_09	2008_video_games
Madeleine_Juneau	Canadian_historians
Magnus_Rosén	Musicians_from_Gothenburg
Mammary_gland	Glands
Marineland,_Florida	Settlements_in_Flagler_County,_Florida
Mario_Kart_Wii	2008_video_games
Mario_Super_Sluggers	2008_video_games
Mark_Kane	Olympic_cyclists
Mark_Schwarzer	Soccer_players_from_Sydney
Mary_Chapin_Carpenter	People_from_Princeton,_New_Jersey
Mary_Sidney	1561_births
Masafumi_Akikawa	People_from_Ehime_Prefecture
Masaoka_Shiki	People_from_Ehime_Prefecture
McLaren	Formula_One_constructors
Mech-X4	Television_series_by_Disney
Medicine_in_the_American_Civil_War	American_Civil_War
Mega_Man_9	2008_video_games
Mehmet_Ali_Ağca	People_convicted_of_attempted_murder
Mel_Tillis	Country_musicians_from_Florida
Mercedes_AMG_Petronas_F1_Team	Formula_One_constructors
MetroLyrics	Technology_companies_of_Canada
MetroLyrics	Companies_based_in_Vancouver
Metropolitano_Stadium	1994_establishments_in_Europe
Michael_Bradley	People_from_Princeton,_New_Jersey
Michael_Scholz	Modern_Talking
Mickey_Mouse_(TV_series)	Television_series_by_Disney
Mickey_Mouse_Clubhouse	Television_series_by_Disney
Mickey_Mouse_Clubhouse+	Television_series_by_Disney
Mickey_Mouse_Funhouse	Television_series_by_Disney
Mickey_Mouse_Mixed-Up_Adventures	Television_series_by_Disney
Middlebury_College	1800_establishments_in_the_United_States
Midvale,_Idaho	1885_establishments_in_Idaho_Territory
Mighty_Med	Television_series_by_Disney
Miloš_Degenek	Soccer_players_from_Sydney
Minardi	Formula_One_constructors
Mindy_McCready	Country_musicians_from_Florida
Mira,_Royal_Detective	Television_series_by_Disney
Miracle_of_the_sun	Solar_phenomena
Mirror's_Edge	2008_video_games
Mitchell_Duke	Soccer_players_from_Sydney
Mobile_Suit_Gundam_00	2008_video_games
Model_1857_12-Pounder_Napoleon_Field_Gun	American_Civil_War
Modern_Talking	Modern_Talking
Mohamed_Sahnoun	Algerian_politicians
Monsters_at_Work	Television_series_by_Disney
Montevideo_Wanderers_F.C.	1902_establishments
Montezuma,_Kansas	Cities_in_Gray_County,_Kansas
Montichiari	Settlements_in_Brescia
Moon_Girl_and_Devil_Dinosaur	Television_series_by_Disney
Mortal_Kombat_vs._DC_Universe	2008_video_games
Moshi_Monsters	2008_video_games
Motu_Patlu	2010s_Indian_animated_television_series
Mount_Oread	American_Civil_War
Mourad_Medelci	Algerian_politicians
Moussa_Benhamadi	Algerian_politicians
Mouth_for_War	Pantera_songs
Mower_Hospital	American_Civil_War
Music_from_Mars	1955_comedy_movies
My_Friends_Tigger_&_Pooh	Television_series_by_Disney
My_Sister_Eileen	1955_comedy_movies
NCAA_Basketball_09	2008_video_games
Names_of_the_American_Civil_War	American_Civil_War
Nanjing_University	1902_establishments
National_Union_Party_(United_States)	American_Civil_War
Navbahor_Namangan	Uzbekistani_football_clubs
Nerd_Corps_Entertainment	Companies_based_in_Vancouver
Nerf_N-Strike	2008_video_games
New_York_City_draft_riots	American_Civil_War
Niardo	Settlements_in_Brescia
Nightmare_Ned	Television_series_by_Disney
Niklas_Sundin	Musicians_from_Gothenburg
Nina_Needs_to_Go!	Television_series_by_Disney
Nobushige_Hozumi	People_from_Ehime_Prefecture
Nokturnal_Mortum	1994_establishments_in_Europe
Non-voting_members_of_the_United_States_House_of_Representatives	United_States_House_of_Representatives
Nortel	Technology_companies_of_Canada
Northern_City_Line	Railway_lines_of_London
Oblivion_(2013_movie)	2013_science_fiction_movies
Once_Is_Never	1955_comedy_movies
Oneworld	Airline_alliances
Oracle_Park	San_Francisco_Giants
Order_of_Merit	1902_establishments
Organic_light-emitting_diode	Display_technology
Orzinuovi	Settlements_in_Brescia
Oscar_Dronjak	Musicians_from_Gothenburg
Out_of_the_Box_(TV_series)	Television_series_by_Disney
Overhead_projector	Display_technology
Oyster_Bay,_New_York	1653_establishments
PB&J_Otter	Television_series_by_Disney
PJ_Masks	Television_series_by_Disney
Pacific_Rim_(movie)	2013_science_fiction_movies
Padang	1660s_establishments_in_Asia
Pakdam_Pakdai	2010s_Indian_animated_television_series
Palm_Towers	2010s_establishments_in_Qatar
Pam_Tillis	Country_musicians_from_Florida
Panda_(We_Bare_Bears)	We_Bare_Bears
Parkhead	Geography_of_Glasgow
Party_leaders_of_the_United_States_House_of_Representatives	United_States_House_of_Representatives
Paul_Robeson	People_from_Princeton,_New_Jersey
Penang	Penang
Penang_Bridge	Penang
Penang_F.C.	Penang
Penang_Mutiara_Beach_Resort	Penang
Penn_Zero:_Part-Time_Hero	Television_series_by_Disney
Penny_Lilac	1881_establishments_in_the_United_Kingdom
Phil_of_the_Future	Television_series_by_Disney
Piancogno	Settlements_in_Brescia
Pickle_and_Peanut	Television_series_by_Disney
Pierre_Berton	Canadian_historians
Pituitary_gland	Glands
Pixels_per_inch	Display_technology
Plaion	1994_establishments_in_Europe
Planet_Caravan	Pantera_songs
Plasma_display	Display_technology
Pokémon_Platinum	2008_video_games
Polo_Grounds	San_Francisco_Giants
Portuguese_Constitution_of_1822	1822_establishments_in_Europe
Primos_(TV_series)	Television_series_by_Disney
Princess_Mary_(movie)	1955_comedy_movies
Princess_Nikki	Channel_4_reality_television_programmes
Private_Ivan	1955_comedy_movies
Processed_cheese	Processed_cheese
Prostate	Glands
Puppy_Dog_Pals	Television_series_by_Disney
Pupstruction	Television_series_by_Disney
QWOP	2008_video_games
Qatar_National_Library	2010s_establishments_in_Qatar
Quack_Pack	Television_series_by_Disney
Quantum_of_Solace	Movies_set_in_Bolivia
Quick_on_the_Trigger	1948_Western_(genre)_movies
R.I.P.D.	2013_science_fiction_movies
RCA_Red_Seal_Records	1902_establishments
RSSSF	1994_establishments_in_Europe
Rachel_and_the_Stranger	1948_Western_(genre)_movies
Ratchet_&_Clank_Future:_Quest_for_Booty	2008_video_games
Raven's_Home	Television_series_by_Disney
Reconstruction_Amendments	American_Civil_War
Reconstruction_era	American_Civil_War
Red_Bull_Racing	Formula_One_constructors
Red_River_(1948_movie)	1948_Western_(genre)_movies
Refresh_rate	Display_technology
Reg_Gasnier	Soccer_players_from_Sydney
Regionalliga_Mitte	1994_establishments_in_Europe
Reluctant_Bride	1955_comedy_movies
Renault_F1	Formula_One_constructors
Requiebro	1955_comedy_movies
Residual-current_device	Electrical_wiring
Rhys_Isaac	Australian_historians
Rhythm_Heaven	2008_video_games
Richard_Gwyn	Canadian_historians
Richard_Laird	Deaths_from_the_COVID-19_pandemic_in_Georgia_(U.S._state)
Richard_Mason_(historian)	Australian_historians
Rin_Nakai	People_from_Ehime_Prefecture
Riot_Act	1715
River_Clyde	Geography_of_Glasgow
Riz_gras	Burkinabe_food
Robert_I,_Duke_of_Normandy	1000s_births
Rock_Band_2	2008_video_games
Rockstar_Vancouver	Companies_based_in_Vancouver
Roger_Sessions	People_from_Princeton,_New_Jersey
Roland_Guillon	Versailles_Saint-Quentin-en-Yvelines_University_faculty
Rolie_Polie_Olie	Television_series_by_Disney
Rosario_Central	1880s_establishments_in_Argentina
Rose_Greenhow	American_Civil_War
Roselle_juice	Burkinabe_food
Rusty_Crawford	Quebec_Bulldogs_(NHA)_players
S.T.A.L.K.E.R.:_Clear_Sky	2008_video_games
SAS:_Who_Dares_Wins	Channel_4_reality_television_programmes
SMK_Jalan_Damai	Penang
SNC-Lavalin	Technology_companies_of_Canada
SR_Class_2Nol	British_Rail_electric_multiple_units
SR_Class_2SL	British_Rail_electric_multiple_units
SR_Class_2Wim	British_Rail_electric_multiple_units
SR_Class_4DD	British_Rail_electric_multiple_units
SR_Class_4Lav	British_Rail_electric_multiple_units
SR_Class_4Sub	British_Rail_electric_multiple_units
SR_Class_6Pul	British_Rail_electric_multiple_units
SR_Class_CP	British_Rail_electric_multiple_units
SR_Class_CW	British_Rail_electric_multiple_units
SR_Class_SL	British_Rail_electric_multiple_units
SV_Grödig	1940s_establishments_in_Austria
SV_Seekirchen	1940s_establishments_in_Austria
Sacramento_River_Cats	San_Francisco_Giants
Sahara_(2017_movie)	2017_computer-animated_movies
Saint_Valentine's_Day_massacre	1920s_in_Illinois
Salivary_gland	Glands
Samurai_Deeper_Kyo_(video_game)	2008_video_games
San_Francisco_Giants	San_Francisco_Giants
San_Zeno_Naviglio	Settlements_in_Brescia
Sangha_River	Rivers_of_the_Republic_of_the_Congo
Saturday_Disney	Television_series_by_Disney
Sauber	Formula_One_constructors
Saïd_Bouhadja	Algerian_politicians
Screensaver	Display_technology
Scuderia_Ferrari	Formula_One_constructors
Scuderia_Toro_Rosso	Formula_One_constructors
Sea_Monsters:_A_Prehistoric_Adventure	2008_video_games
Sebastián_Aguilera_de_Heredia	1561_births
Seberang_Perai	Penang
Secrets_of_Sulphur_Springs	Television_series_by_Disney
Sekou_Smith	Deaths_from_the_COVID-19_pandemic_in_Georgia_(U.S._state)
Selma_Barkham	Canadian_historians
Shaun_the_Sheep_(video_game)	2008_video_games
Shirak_Province	Provinces_of_Armenia
Sid_Ahmed_Ferroukhi	Algerian_politicians
Sirmione	Settlements_in_Brescia
Skate_It!	2008_video_games
Skene's_gland	Glands
SkyTeam	Airline_alliances
SkyTeam_Cargo	Airline_alliances
Slim_Whitman	Country_musicians_from_Florida
Smart_Technologies	Technology_companies_of_Canada
Snowpiercer	2013_science_fiction_movies
So_Weird	Television_series_by_Disney
Sodium_thiopental	Organosulfur_compounds
Sofia_the_First	Television_series_by_Disney
Solar_Wind_Composition_Experiment	Solar_phenomena
Solar_flare	Solar_phenomena
Solar_magnetic_storms	Solar_phenomena
Solar_wind	Solar_phenomena
Sonic_Unleashed	2008_video_games
Soulcalibur_IV	2008_video_games
Special_Agent_Oso	Television_series_by_Disney
Special_Order_191	American_Civil_War
Spencer_repeating_rifle	American_Civil_War
Spider-Man:_Web_of_Shadows	2008_video_games
Spidey_and_His_Amazing_Friends_(2021_TV_series)	Television_series_by_Disney
Spleen	Glands
Split-flap_display	Display_technology
Spore_(video_game)	2008_video_games
Spyker_F1	Formula_One_constructors
Sranan_Tongo	Languages_of_Suriname
St._Francis,_Kansas	1887_establishments_in_Kansas
Stanton_County,_Kansas	1887_establishments_in_Kansas
Star_Trek_Into_Darkness	2013_science_fiction_movies
Star_Wars:_The_Clone_Wars_–_Jedi_Alliance	2008_video_games
Star_Wars:_The_Clone_Wars_–_Lightsaber_Duels	2008_video_games
Star_Wars:_The_Force_Unleashed	2008_video_games
Star_Wars:_Young_Jedi_Adventures	Television_series_by_Disney
Star_vs._the_Forces_of_Evil	Television_series_by_Disney
Stitch!	Television_series_by_Disney
Street_Fighter_IV	2008_video_games
Strong_Bad's_Cool_Game_for_Attractive_People	2008_video_games
StuGo	Television_series_by_Disney
Stuck_in_the_Middle_(TV_series)	Television_series_by_Disney
Sulfone	Organosulfur_compounds
Sunclass_Airlines	1994_establishments_in_Europe
Sunrise	Solar_phenomena
Sunset	Solar_phenomena
Sunspot	Solar_phenomena
Super_Aguri_F1	Formula_One_constructors
Super_Girl_(TV_series)	2000s_Chinese_television_series
Super_Smash_Bros._Brawl	2008_video_games
Supernanny	Channel_4_reality_television_programmes
Supersonic_Acrobatic_Rocket-Powered_Battle-Cars	2008_video_games
Sydney_to_the_Max	Television_series_by_Disney
Sylvie_Faucheux	Versailles_Saint-Quentin-en-Yvelines_University_faculty
Syunik_Province	Provinces_of_Armenia
TSV_Hartberg	1940s_establishments_in_Austria
TSV_St._Johann_im_Pongau	1940s_establishments_in_Austria
Tak_Mojo_Mistake	2008_video_games
TaleSpin	Television_series_by_Disney
Tampa,_Kansas	1887_establishments_in_Kansas
Tap_Roots	1948_Western_(genre)_movies
Tarzan's_New_York_Adventure	Tarzan_movies
Tarzan's_Secret_Treasure	Tarzan_movies
Tarzan_(1999_movie)	Tarzan_movies
Tarzan_Escapes	Tarzan_movies
Tarzan_Finds_a_Son!	Tarzan_movies
Tarzan_II	Tarzan_movies
Tarzan_and_His_Mate	Tarzan_movies
Tarzan_and_the_Golden_Lion	Tarzan_movies
Tarzan_and_the_Jungle_Boy	Tarzan_movies
Tarzan_of_the_Apes_(1918_movie)	Tarzan_movies
Tarzan_the_Ape_Man	Tarzan_movies
Tarzan_the_Fearless	Tarzan_movies
Tavush_Province	Provinces_of_Armenia
Team_Lotus	Formula_One_constructors
Team_Penske	Formula_One_constructors
Teamo_Supremo	Television_series_by_Disney
Tekken_6	2008_video_games
Telus	Technology_companies_of_Canada
Testicle	Glands
The_Arizona_Ranger	1948_Western_(genre)_movies
The_Avengers_(movie)	2013_science_fiction_movies
The_Battle_Hymn_of_the_Republic	American_Civil_War
The_Boss_Baby	2017_computer-animated_movies
The_Buzz_on_Maggie	Television_series_by_Disney
The_Circle	Channel_4_reality_television_programmes
The_Congress_Dances_(1955_movie)	1955_comedy_movies
The_Emoji_Movie	2017_computer-animated_movies
The_Evermoor_Chronicles	Television_series_by_Disney
The_Famous_Jett_Jackson	Television_series_by_Disney
The_Flower_Kings	1994_establishments_in_Europe
The_Ghost_and_Molly_McGee	Television_series_by_Disney
The_Great_British_Bake_Off	Channel_4_reality_television_programmes
The_Hardy_Boys	Television_series_by_Disney
The_Hive_(TV_series)	2010s_Indian_animated_television_series
The_Incredible_Hulk_(2008_video_game)	2008_video_games
The_Ink_and_Paint_Club_(TV_series)	Television_series_by_Disney
The_Jersey	Television_series_by_Disney
The_Jungle_Book_(2010_TV_series)	2010s_Indian_animated_television_series
The_Keg	Companies_based_in_Vancouver
The_Legend_of_Tarzan_(movie)	Tarzan_movies
The_Legend_of_Zelda:_A_Link_Between_Worlds	The_Legend_of_Zelda_games
The_Legend_of_Zelda:_A_Link_to_the_Past	The_Legend_of_Zelda_games
The_Legend_of_Zelda:_Breath_of_the_Wild	The_Legend_of_Zelda_games
The_Legend_of_Zelda:_Collector's_Edition	The_Legend_of_Zelda_games
The_Legend_of_Zelda:_Four_Swords_Adventures	The_Legend_of_Zelda_games
The_Legend_of_Zelda:_Link's_Awakening	The_Legend_of_Zelda_games
The_Legend_of_Zelda:_Link's_Awakening_(2019_video_game)	The_Legend_of_Zelda_games
The_Legend_of_Zelda:_Majora's_Mask	The_Legend_of_Zelda_games
The_Legend_of_Zelda:_Ocarina_of_Time	The_Legend_of_Zelda_games
The_Legend_of_Zelda:_Oracle_of_Ages_and_Oracle_of_Seasons	The_Legend_of_Zelda_games
The_Legend_of_Zelda:_Phantom_Hourglass	The_Legend_of_Zelda_games
The_Legend_of_Zelda:_Skyward_Sword	The_Legend_of_Zelda_games
The_Legend_of_Zelda:_Spirit_Tracks	The_Legend_of_Zelda_games
The_Legend_of_Zelda:_Tears_of_the_Kingdom	The_Legend_of_Zelda_games
The_Legend_of_Zelda:_The_Minish_Cap	The_Legend_of_Zelda_games
The_Legend_of_Zelda:_The_Wind_Waker	The_Legend_of_Zelda_games
The_Legend_of_Zelda:_Tri_Force_Heroes	The_Legend_of_Zelda_games
The_Legend_of_Zelda:_Twilight_Princess	The_Legend_of_Zelda_games
The_Legend_of_Zelda_(video_game)	The_Legend_of_Zelda_games
The_Lego_Batman_Movie	2017_computer-animated_movies
The_Lego_Ninjago_Movie	2017_computer-animated_movies
The_Lion_Guard	Television_series_by_Disney
The_Lion_King	Movies_about_meerkats
The_Lion_King's_Timon_and_Pumbaa	Television_series_by_Disney
The_Lion_King_(2019_movie)	Movies_about_meerkats
The_Lion_King_1½	Movies_about_meerkats
The_Lion_King_II:_Simba's_Pride	Movies_about_meerkats
The_Little_Mermaid_(TV_series)	Television_series_by_Disney
The_Man_from_Colorado	1948_Western_(genre)_movies
The_Mickey_Mouse_Club	Television_series_by_Disney
The_New_Adventures_of_Winnie_the_Pooh	Television_series_by_Disney
The_Owl_House	Television_series_by_Disney
The_Phantom_Carriage	Swedish_fantasy_movies
The_Proud_Family	Television_series_by_Disney
The_Rise_of_the_Great_Powers	2000s_Chinese_television_series
The_Rose_Tattoo	1955_comedy_movies
The_Seventh_Seal	Swedish_fantasy_movies
The_Star_(2017_movie)	2017_computer-animated_movies
The_Suite_Life_of_Zack_&_Cody	Television_series_by_Disney
The_Trouble_with_Harry	1955_comedy_movies
The_Weekenders	Television_series_by_Disney
The_World's_End_(movie)	2013_science_fiction_movies
The_Zero_Theorem	2013_science_fiction_movies
Thial	Organosulfur_compounds
Thin_film_transistor_liquid_crystal_display	Display_technology
Thioester	Organosulfur_compounds
Thioether	Organosulfur_compounds
Thioketone	Organosulfur_compounds
Thiol	Organosulfur_compounds
Thomas_Anders	Modern_Talking
Tilka_Paljk	Olympians_for_Zambia
Tim_Cahill	Soccer_players_from_Sydney
Tim_Lester_(running_back)	Deaths_from_the_COVID-19_pandemic_in_Georgia_(U.S._state)
Todd_Scully	People_from_Princeton,_New_Jersey
Tom_Clancy's_Rainbow_Six:_Vegas_2	2008_video_games
Tom_Glover_(soccer)	Soccer_players_from_Sydney
Tony_Hawk's_Motion	2008_video_games
Toryglen	Geography_of_Glasgow
Totally_Circus	Television_series_by_Disney
Totally_Hoops	Television_series_by_Disney
Totally_Spies!_Totally_Party	2008_video_games
Tower_Town	1920s_in_Illinois
Toyota_Racing	Formula_One_constructors
Transnistrian_ruble	1994_establishments_in_Europe
Trauma_Center:_Under_the_Knife_2	2008_video_games
Trumbull_County,_Ohio	1800_establishments_in_the_United_States
Tyrrell_Racing	Formula_One_constructors
UPC_Switzerland	1994_establishments_in_Europe
Ubangi_River	Rivers_of_the_Republic_of_the_Congo
Union_(American_Civil_War)	American_Civil_War
United_States_House_of_Representatives	United_States_House_of_Representatives
University_of_San_Francisco	West_Coast_Conference
Ushuaia	1880s_establishments_in_Argentina
Vancouver_Sun	Companies_based_in_Vancouver
Vayots_Dzor_Province	Provinces_of_Armenia
Veer_Teja	1000s_births
Viceroyalty_of_the_Río_de_la_Plata	History_of_Uruguay
Video_card	Display_technology
Virgin_Racing	Formula_One_constructors
Virtues_of_Harmony	2000s_Chinese_television_series
Vladimir_Lenin	Disease-related_deaths_in_the_Soviet_Union
WWE_SmackDown_vs._Raw_2009	2008_video_games
Walk_(song)	Pantera_songs
Walter_Mummery	Quebec_Bulldogs_(NHA)_players
Wander_Over_Yonder	Television_series_by_Disney
Wara_Wara	Movies_set_in_Bolivia
Wario_Land:_The_Shake_Dimension	2008_video_games
Washington_County,_Alabama	1800_establishments_in_the_United_States
Waterloo_Maple	Technology_companies_of_Canada
Wayne_County,_Kentucky	1800_establishments_in_the_United_States
We're_No_Angels_(1955_movie)	1955_comedy_movies
We_Baby_Bears	We_Bare_Bears
We_Bare_Bears	We_Bare_Bears
We_Bare_Bears:_The_Movie	We_Bare_Bears
We_Ski	2008_video_games
Wei_Yuan	19th-century_Chinese_writers
West_Coast_Conference	West_Coast_Conference
Westmoreland_County,_Virginia	1653_establishments
Whispering_Smith	1948_Western_(genre)_movies
White_House	1800_establishments_in_the_United_States
Widescreen	Display_technology
Wii_Chess	2008_video_games
Wii_Music	2008_video_games
William_H._McNeill_(historian)	Canadian_historians
Williams_Racing	Formula_One_constructors
Wire	Electrical_wiring
Wisconsin_in_the_American_Civil_War	American_Civil_War
Wizards_Beyond_Waverly_Place	Television_series_by_Disney
Woodrow_Wilson	People_from_Princeton,_New_Jersey
Woodward's	Companies_based_in_Vancouver
World_Trade_Center_Doha	2010s_establishments_in_Qatar
Yamasee_War	1715
Yazid_Zerhouni	Algerian_politicians
Yellow_Sky	1948_Western_(genre)_movies
Yin_Yang_Yo!	Television_series_by_Disney
Yishai_Schlissel	People_convicted_of_attempted_murder
Zeke_and_Luther	Television_series_by_Disney
Zelda_II:_The_Adventure_of_Link	The_Legend_of_Zelda_games
Zohra_Drif	Algerian_politicians
